"('ประเภทโลหะที่มีค่าสูง / Nonferrous metals', 'ชนิดสินค้า')","('ประเภทโลหะที่มีค่าสูง / Nonferrous metals', 'ราคา / หน่วย')",update_date,import,export,gdp,cpi
อลูมิเนียมกระป๋องโค้ก,28.0,2019-01-03,323.7688945,272.9165031,543.98,113.27
อลูมิเนียมกระป๋องโค้ก,29.0,2019-01-04,323.7688945,272.9165031,543.98,113.27
อลูมิเนียมกระป๋องโค้ก,29.0,2019-01-05,323.7688945,272.9165031,543.98,113.27
อลูมิเนียมกระป๋องโค้ก,29.0,2019-01-08,323.7688945,272.9165031,543.98,113.27
อลูมิเนียมกระป๋องโค้ก,29.0,2019-01-09,323.7688945,272.9165031,543.98,113.27
อลูมิเนียมกระป๋องโค้ก,29.0,2019-01-10,323.7688945,272.9165031,543.98,113.27
อลูมิเนียมกระป๋องโค้ก,29.0,2019-01-11,323.7688945,272.9165031,543.98,113.27
อลูมิเนียมกระป๋องโค้ก,29.0,2019-01-12,323.7688945,272.9165031,543.98,113.27
อลูมิเนียมกระป๋องโค้ก,29.0,2019-01-13,323.7688945,272.9165031,543.98,113.27
อลูมิเนียมกระป๋องโค้ก,29.0,2019-01-14,323.7688945,272.9165031,543.98,113.27
อลูมิเนียมกระป๋องโค้ก,28.0,2019-01-15,323.7688945,272.9165031,543.98,113.27
อลูมิเนียมกระป๋องโค้ก,28.0,2019-01-16,323.7688945,272.9165031,543.98,113.27
อลูมิเนียมกระป๋องโค้ก,28.0,2019-01-17,323.7688945,272.9165031,543.98,113.27
อลูมิเนียมกระป๋องโค้ก,28.0,2019-01-18,323.7688945,272.9165031,543.98,113.27
อลูมิเนียมกระป๋องโค้ก,28.0,2019-01-19,323.7688945,272.9165031,543.98,113.27
อลูมิเนียมกระป๋องโค้ก,28.0,2019-01-22,323.7688945,272.9165031,543.98,113.27
อลูมิเนียมกระป๋องโค้ก,29.0,2019-01-26,323.7688945,272.9165031,543.98,113.27
อลูมิเนียมกระป๋องโค้ก,29.0,2019-01-27,323.7688945,272.9165031,543.98,113.27
อลูมิเนียมกระป๋องโค้ก,29.0,2019-01-29,323.7688945,272.9165031,543.98,113.27
อลูมิเนียมกระป๋องโค้ก,28.0,2019-01-30,323.7688945,272.9165031,543.98,113.27
อลูมิเนียมกระป๋องโค้ก,28.0,2019-02-01,323.7688945,272.9165031,543.98,113.27
อลูมิเนียมกระป๋องโค้ก,28.0,2019-02-02,323.7688945,272.9165031,543.98,113.27
อลูมิเนียมกระป๋องโค้ก,28.0,2019-02-03,323.7688945,272.9165031,543.98,113.27
อลูมิเนียมกระป๋องโค้ก,28.0,2019-02-04,323.7688945,272.9165031,543.98,113.27
อลูมิเนียมกระป๋องโค้ก,28.0,2019-02-05,323.7688945,272.9165031,543.98,113.27
อลูมิเนียมกระป๋องโค้ก,28.0,2019-02-06,323.7688945,272.9165031,543.98,113.27
อลูมิเนียมกระป๋องโค้ก,28.0,2019-02-07,323.7688945,272.9165031,543.98,113.27
อลูมิเนียมกระป๋องโค้ก,28.0,2019-02-10,323.7688945,272.9165031,543.98,113.27
อลูมิเนียมกระป๋องโค้ก,28.0,2019-02-11,323.7688945,272.9165031,543.98,113.27
อลูมิเนียมกระป๋องโค้ก,28.0,2019-02-12,323.7688945,272.9165031,543.98,113.27
อลูมิเนียมกระป๋องโค้ก,28.0,2019-02-13,323.7688945,272.9165031,543.98,113.27
อลูมิเนียมกระป๋องโค้ก,28.0,2019-02-16,323.7688945,272.9165031,543.98,113.27
อลูมิเนียมกระป๋องโค้ก,27.0,2019-02-18,323.7688945,272.9165031,543.98,113.27
อลูมิเนียมกระป๋องโค้ก,27.0,2019-02-19,323.7688945,272.9165031,543.98,113.27
อลูมิเนียมกระป๋องโค้ก,27.0,2019-02-20,323.7688945,272.9165031,543.98,113.27
อลูมิเนียมกระป๋องโค้ก,27.0,2019-02-21,323.7688945,272.9165031,543.98,113.27
อลูมิเนียมกระป๋องโค้ก,27.0,2019-02-22,323.7688945,272.9165031,543.98,113.27
อลูมิเนียมกระป๋องโค้ก,27.0,2019-02-23,323.7688945,272.9165031,543.98,113.27
อลูมิเนียมกระป๋องโค้ก,27.0,2019-02-26,323.7688945,272.9165031,543.98,113.27
อลูมิเนียมกระป๋องโค้ก,27.0,2019-02-28,323.7688945,272.9165031,543.98,113.27
อลูมิเนียมกระป๋องโค้ก,28.0,2019-03-05,323.7688945,272.9165031,543.98,113.27
อลูมิเนียมกระป๋องโค้ก,28.0,2019-03-06,323.7688945,272.9165031,543.98,113.27
อลูมิเนียมกระป๋องโค้ก,28.0,2019-03-07,323.7688945,272.9165031,543.98,113.27
อลูมิเนียมกระป๋องโค้ก,28.0,2019-03-09,323.7688945,272.9165031,543.98,113.27
อลูมิเนียมกระป๋องโค้ก,28.0,2019-03-12,323.7688945,272.9165031,543.98,113.27
อลูมิเนียมกระป๋องโค้ก,28.0,2019-03-13,323.7688945,272.9165031,543.98,113.27
อลูมิเนียมกระป๋องโค้ก,28.0,2019-03-14,323.7688945,272.9165031,543.98,113.27
อลูมิเนียมกระป๋องโค้ก,28.0,2019-03-19,323.7688945,272.9165031,543.98,113.27
อลูมิเนียมกระป๋องโค้ก,29.0,2019-03-20,323.7688945,272.9165031,543.98,113.27
อลูมิเนียมกระป๋องโค้ก,29.0,2019-03-21,323.7688945,272.9165031,543.98,113.27
อลูมิเนียมกระป๋องโค้ก,29.0,2019-03-22,323.7688945,272.9165031,543.98,113.27
อลูมิเนียมกระป๋องโค้ก,29.0,2019-03-23,323.7688945,272.9165031,543.98,113.27
อลูมิเนียมกระป๋องโค้ก,29.0,2019-03-24,323.7688945,272.9165031,543.98,113.27
อลูมิเนียมกระป๋องโค้ก,29.0,2019-03-25,323.7688945,272.9165031,543.98,113.27
อลูมิเนียมกระป๋องโค้ก,29.0,2019-03-26,323.7688945,272.9165031,543.98,113.27
อลูมิเนียมกระป๋องโค้ก,29.0,2019-03-27,323.7688945,272.9165031,543.98,113.27
อลูมิเนียมกระป๋องโค้ก,29.0,2019-03-28,323.7688945,272.9165031,543.98,113.27
อลูมิเนียมกระป๋องโค้ก,29.0,2019-03-29,323.7688945,272.9165031,543.98,113.27
อลูมิเนียมกระป๋องโค้ก,29.0,2019-03-30,323.7688945,272.9165031,543.98,113.27
อลูมิเนียมกระป๋องโค้ก,29.0,2019-04-01,323.7688945,272.9165031,543.98,113.27
อลูมิเนียมกระป๋องโค้ก,29.0,2019-04-02,323.7688945,272.9165031,543.98,113.27
อลูมิเนียมกระป๋องโค้ก,29.0,2019-04-03,323.7688945,272.9165031,543.98,113.27
อลูมิเนียมกระป๋องโค้ก,29.0,2019-04-04,323.7688945,272.9165031,543.98,113.27
อลูมิเนียมกระป๋องโค้ก,29.0,2019-04-05,323.7688945,272.9165031,543.98,113.27
อลูมิเนียมกระป๋องโค้ก,29.0,2019-04-06,323.7688945,272.9165031,543.98,113.27
อลูมิเนียมกระป๋องโค้ก,29.0,2019-04-08,323.7688945,272.9165031,543.98,113.27
อลูมิเนียมกระป๋องโค้ก,29.0,2019-04-09,323.7688945,272.9165031,543.98,113.27
อลูมิเนียมกระป๋องโค้ก,29.0,2019-04-10,323.7688945,272.9165031,543.98,113.27
อลูมิเนียมกระป๋องโค้ก,28.0,2019-04-17,323.7688945,272.9165031,543.98,113.27
อลูมิเนียมกระป๋องโค้ก,28.0,2019-04-18,323.7688945,272.9165031,543.98,113.27
อลูมิเนียมกระป๋องโค้ก,28.0,2019-04-19,323.7688945,272.9165031,543.98,113.27
อลูมิเนียมกระป๋องโค้ก,28.0,2019-04-20,323.7688945,272.9165031,543.98,113.27
อลูมิเนียมกระป๋องโค้ก,28.0,2019-04-21,323.7688945,272.9165031,543.98,113.27
อลูมิเนียมกระป๋องโค้ก,28.0,2019-04-23,323.7688945,272.9165031,543.98,113.27
อลูมิเนียมกระป๋องโค้ก,28.0,2019-04-24,323.7688945,272.9165031,543.98,113.27
อลูมิเนียมกระป๋องโค้ก,28.0,2019-04-26,323.7688945,272.9165031,543.98,113.27
อลูมิเนียมกระป๋องโค้ก,28.0,2019-04-27,323.7688945,272.9165031,543.98,113.27
อลูมิเนียมกระป๋องโค้ก,28.0,2019-04-29,323.7688945,272.9165031,543.98,113.27
อลูมิเนียมกระป๋องโค้ก,28.0,2019-05-02,323.7688945,272.9165031,543.98,113.27
อลูมิเนียมกระป๋องโค้ก,28.0,2019-05-03,323.7688945,272.9165031,543.98,113.27
อลูมิเนียมกระป๋องโค้ก,28.0,2019-05-04,323.7688945,272.9165031,543.98,113.27
อลูมิเนียมกระป๋องโค้ก,28.0,2019-05-07,323.7688945,272.9165031,543.98,113.27
อลูมิเนียมกระป๋องโค้ก,28.0,2019-05-08,323.7688945,272.9165031,543.98,113.27
อลูมิเนียมกระป๋องโค้ก,28.0,2019-05-09,323.7688945,272.9165031,543.98,113.27
อลูมิเนียมกระป๋องโค้ก,27.0,2019-05-10,323.7688945,272.9165031,543.98,113.27
อลูมิเนียมกระป๋องโค้ก,27.0,2019-05-11,323.7688945,272.9165031,543.98,113.27
อลูมิเนียมกระป๋องโค้ก,27.0,2019-05-13,323.7688945,272.9165031,543.98,113.27
อลูมิเนียมกระป๋องโค้ก,27.0,2019-05-14,323.7688945,272.9165031,543.98,113.27
อลูมิเนียมกระป๋องโค้ก,27.0,2019-05-15,323.7688945,272.9165031,543.98,113.27
อลูมิเนียมกระป๋องโค้ก,27.0,2019-05-16,323.7688945,272.9165031,543.98,113.27
อลูมิเนียมกระป๋องโค้ก,27.0,2019-05-17,323.7688945,272.9165031,543.98,113.27
อลูมิเนียมกระป๋องโค้ก,27.0,2019-05-20,323.7688945,272.9165031,543.98,113.27
อลูมิเนียมกระป๋องโค้ก,27.0,2019-05-23,323.7688945,272.9165031,543.98,113.27
อลูมิเนียมกระป๋องโค้ก,27.0,2019-05-24,323.7688945,272.9165031,543.98,113.27
อลูมิเนียมกระป๋องโค้ก,27.0,2019-05-25,323.7688945,272.9165031,543.98,113.27
อลูมิเนียมกระป๋องโค้ก,27.0,2019-05-27,323.7688945,272.9165031,543.98,113.27
อลูมิเนียมกระป๋องโค้ก,27.0,2019-05-28,323.7688945,272.9165031,543.98,113.27
อลูมิเนียมกระป๋องโค้ก,27.0,2019-05-29,323.7688945,272.9165031,543.98,113.27
อลูมิเนียมกระป๋องโค้ก,27.0,2019-05-30,323.7688945,272.9165031,543.98,113.27
อลูมิเนียมกระป๋องโค้ก,27.0,2019-05-31,323.7688945,272.9165031,543.98,113.27
อลูมิเนียมกระป๋องโค้ก,27.0,2019-06-01,323.7688945,272.9165031,543.98,113.27
อลูมิเนียมกระป๋องโค้ก,26.0,2019-06-04,323.7688945,272.9165031,543.98,113.27
อลูมิเนียมกระป๋องโค้ก,26.0,2019-06-05,323.7688945,272.9165031,543.98,113.27
อลูมิเนียมกระป๋องโค้ก,26.0,2019-06-06,323.7688945,272.9165031,543.98,113.27
อลูมิเนียมกระป๋องโค้ก,26.0,2019-06-08,323.7688945,272.9165031,543.98,113.27
อลูมิเนียมกระป๋องโค้ก,26.0,2019-06-10,323.7688945,272.9165031,543.98,113.27
อลูมิเนียมกระป๋องโค้ก,26.0,2019-06-11,323.7688945,272.9165031,543.98,113.27
อลูมิเนียมกระป๋องโค้ก,25.0,2019-06-12,323.7688945,272.9165031,543.98,113.27
อลูมิเนียมกระป๋องโค้ก,25.0,2019-06-13,323.7688945,272.9165031,543.98,113.27
อลูมิเนียมกระป๋องโค้ก,25.0,2019-06-14,323.7688945,272.9165031,543.98,113.27
อลูมิเนียมกระป๋องโค้ก,25.0,2019-06-15,323.7688945,272.9165031,543.98,113.27
อลูมิเนียมกระป๋องโค้ก,25.0,2019-06-17,323.7688945,272.9165031,543.98,113.27
อลูมิเนียมกระป๋องโค้ก,25.0,2019-06-18,323.7688945,272.9165031,543.98,113.27
อลูมิเนียมกระป๋องโค้ก,25.0,2019-06-19,323.7688945,272.9165031,543.98,113.27
อลูมิเนียมกระป๋องโค้ก,25.0,2019-06-20,323.7688945,272.9165031,543.98,113.27
อลูมิเนียมกระป๋องโค้ก,25.0,2019-06-22,323.7688945,272.9165031,543.98,113.27
อลูมิเนียมกระป๋องโค้ก,25.0,2019-06-24,323.7688945,272.9165031,543.98,113.27
อลูมิเนียมกระป๋องโค้ก,25.0,2019-06-25,323.7688945,272.9165031,543.98,113.27
อลูมิเนียมกระป๋องโค้ก,26.0,2019-06-26,323.7688945,272.9165031,543.98,113.27
อลูมิเนียมกระป๋องโค้ก,26.0,2019-06-27,323.7688945,272.9165031,543.98,113.27
อลูมิเนียมกระป๋องโค้ก,26.0,2019-06-28,323.7688945,272.9165031,543.98,113.27
อลูมิเนียมกระป๋องโค้ก,26.0,2019-06-29,323.7688945,272.9165031,543.98,113.27
อลูมิเนียมกระป๋องโค้ก,26.0,2019-07-01,323.7688945,272.9165031,543.98,113.27
อลูมิเนียมกระป๋องโค้ก,26.0,2019-07-02,323.7688945,272.9165031,543.98,113.27
อลูมิเนียมกระป๋องโค้ก,25.0,2019-07-03,323.7688945,272.9165031,543.98,113.27
อลูมิเนียมกระป๋องโค้ก,25.0,2019-07-06,323.7688945,272.9165031,543.98,113.27
อลูมิเนียมกระป๋องโค้ก,25.0,2019-07-08,323.7688945,272.9165031,543.98,113.27
อลูมิเนียมกระป๋องโค้ก,25.0,2019-07-09,323.7688945,272.9165031,543.98,113.27
อลูมิเนียมกระป๋องโค้ก,25.0,2019-07-10,323.7688945,272.9165031,543.98,113.27
อลูมิเนียมกระป๋องโค้ก,26.0,2019-07-11,323.7688945,272.9165031,543.98,113.27
อลูมิเนียมกระป๋องโค้ก,26.0,2019-07-12,323.7688945,272.9165031,543.98,113.27
อลูมิเนียมกระป๋องโค้ก,26.0,2019-07-13,323.7688945,272.9165031,543.98,113.27
อลูมิเนียมกระป๋องโค้ก,26.0,2019-07-14,323.7688945,272.9165031,543.98,113.27
อลูมิเนียมกระป๋องโค้ก,26.0,2019-07-16,323.7688945,272.9165031,543.98,113.27
อลูมิเนียมกระป๋องโค้ก,26.0,2019-07-18,323.7688945,272.9165031,543.98,113.27
อลูมิเนียมกระป๋องโค้ก,26.0,2019-07-21,323.7688945,272.9165031,543.98,113.27
อลูมิเนียมกระป๋องโค้ก,26.0,2019-07-22,323.7688945,272.9165031,543.98,113.27
อลูมิเนียมกระป๋องโค้ก,26.0,2019-07-23,323.7688945,272.9165031,543.98,113.27
อลูมิเนียมกระป๋องโค้ก,26.0,2019-07-24,323.7688945,272.9165031,543.98,113.27
อลูมิเนียมกระป๋องโค้ก,26.0,2019-07-25,323.7688945,272.9165031,543.98,113.27
อลูมิเนียมกระป๋องโค้ก,26.0,2019-07-26,323.7688945,272.9165031,543.98,113.27
อลูมิเนียมกระป๋องโค้ก,26.0,2019-07-27,323.7688945,272.9165031,543.98,113.27
อลูมิเนียมกระป๋องโค้ก,26.0,2019-07-30,323.7688945,272.9165031,543.98,113.27
อลูมิเนียมกระป๋องโค้ก,26.0,2019-07-31,323.7688945,272.9165031,543.98,113.27
อลูมิเนียมกระป๋องโค้ก,26.0,2019-08-01,323.7688945,272.9165031,543.98,113.27
อลูมิเนียมกระป๋องโค้ก,26.0,2019-08-02,323.7688945,272.9165031,543.98,113.27
อลูมิเนียมกระป๋องโค้ก,25.0,2019-08-03,323.7688945,272.9165031,543.98,113.27
อลูมิเนียมกระป๋องโค้ก,25.0,2019-08-05,323.7688945,272.9165031,543.98,113.27
อลูมิเนียมกระป๋องโค้ก,25.0,2019-08-06,323.7688945,272.9165031,543.98,113.27
อลูมิเนียมกระป๋องโค้ก,25.0,2019-08-07,323.7688945,272.9165031,543.98,113.27
อลูมิเนียมกระป๋องโค้ก,25.0,2019-08-08,323.7688945,272.9165031,543.98,113.27
อลูมิเนียมกระป๋องโค้ก,25.0,2019-08-09,323.7688945,272.9165031,543.98,113.27
อลูมิเนียมกระป๋องโค้ก,26.0,2019-08-10,323.7688945,272.9165031,543.98,113.27
อลูมิเนียมกระป๋องโค้ก,26.0,2019-08-13,323.7688945,272.9165031,543.98,113.27
อลูมิเนียมกระป๋องโค้ก,26.0,2019-08-15,323.7688945,272.9165031,543.98,113.27
อลูมิเนียมกระป๋องโค้ก,26.0,2019-08-16,323.7688945,272.9165031,543.98,113.27
อลูมิเนียมกระป๋องโค้ก,26.0,2019-08-19,323.7688945,272.9165031,543.98,113.27
อลูมิเนียมกระป๋องโค้ก,26.0,2019-08-20,323.7688945,272.9165031,543.98,113.27
อลูมิเนียมกระป๋องโค้ก,26.0,2019-08-21,323.7688945,272.9165031,543.98,113.27
อลูมิเนียมกระป๋องโค้ก,26.0,2019-08-23,323.7688945,272.9165031,543.98,113.27
อลูมิเนียมกระป๋องโค้ก,25.0,2019-08-24,323.7688945,272.9165031,543.98,113.27
อลูมิเนียมกระป๋องโค้ก,25.0,2019-08-26,323.7688945,272.9165031,543.98,113.27
อลูมิเนียมกระป๋องโค้ก,25.0,2019-08-27,323.7688945,272.9165031,543.98,113.27
อลูมิเนียมกระป๋องโค้ก,25.0,2019-08-28,323.7688945,272.9165031,543.98,113.27
อลูมิเนียมกระป๋องโค้ก,25.0,2019-08-29,323.7688945,272.9165031,543.98,113.27
อลูมิเนียมกระป๋องโค้ก,25.0,2019-08-30,323.7688945,272.9165031,543.98,113.27
อลูมิเนียมกระป๋องโค้ก,25.0,2019-08-31,323.7688945,272.9165031,543.98,113.27
อลูมิเนียมกระป๋องโค้ก,25.0,2019-09-01,323.7688945,272.9165031,543.98,113.27
อลูมิเนียมกระป๋องโค้ก,25.0,2019-09-03,323.7688945,272.9165031,543.98,113.27
อลูมิเนียมกระป๋องโค้ก,25.0,2019-09-04,323.7688945,272.9165031,543.98,113.27
อลูมิเนียมกระป๋องโค้ก,25.0,2019-09-05,323.7688945,272.9165031,543.98,113.27
อลูมิเนียมกระป๋องโค้ก,25.0,2019-09-06,323.7688945,272.9165031,543.98,113.27
อลูมิเนียมกระป๋องโค้ก,25.0,2019-09-07,323.7688945,272.9165031,543.98,113.27
อลูมิเนียมกระป๋องโค้ก,25.0,2019-09-10,323.7688945,272.9165031,543.98,113.27
อลูมิเนียมกระป๋องโค้ก,25.0,2019-09-11,323.7688945,272.9165031,543.98,113.27
อลูมิเนียมกระป๋องโค้ก,25.0,2019-09-12,323.7688945,272.9165031,543.98,113.27
อลูมิเนียมกระป๋องโค้ก,25.0,2019-09-13,323.7688945,272.9165031,543.98,113.27
อลูมิเนียมกระป๋องโค้ก,25.0,2019-09-14,323.7688945,272.9165031,543.98,113.27
อลูมิเนียมกระป๋องโค้ก,25.0,2019-09-16,323.7688945,272.9165031,543.98,113.27
อลูมิเนียมกระป๋องโค้ก,25.0,2019-09-17,323.7688945,272.9165031,543.98,113.27
อลูมิเนียมกระป๋องโค้ก,25.0,2019-09-18,323.7688945,272.9165031,543.98,113.27
อลูมิเนียมกระป๋องโค้ก,25.0,2019-09-19,323.7688945,272.9165031,543.98,113.27
อลูมิเนียมกระป๋องโค้ก,25.0,2019-09-21,323.7688945,272.9165031,543.98,113.27
อลูมิเนียมกระป๋องโค้ก,25.0,2019-09-24,323.7688945,272.9165031,543.98,113.27
อลูมิเนียมกระป๋องโค้ก,25.0,2019-09-25,323.7688945,272.9165031,543.98,113.27
อลูมิเนียมกระป๋องโค้ก,25.0,2019-09-26,323.7688945,272.9165031,543.98,113.27
อลูมิเนียมกระป๋องโค้ก,25.0,2019-09-27,323.7688945,272.9165031,543.98,113.27
อลูมิเนียมกระป๋องโค้ก,25.0,2019-09-28,323.7688945,272.9165031,543.98,113.27
อลูมิเนียมกระป๋องโค้ก,25.0,2019-10-01,323.7688945,272.9165031,543.98,113.27
อลูมิเนียมกระป๋องโค้ก,25.0,2019-10-02,323.7688945,272.9165031,543.98,113.27
อลูมิเนียมกระป๋องโค้ก,25.0,2019-10-03,323.7688945,272.9165031,543.98,113.27
อลูมิเนียมกระป๋องโค้ก,25.0,2019-10-04,323.7688945,272.9165031,543.98,113.27
อลูมิเนียมกระป๋องโค้ก,25.0,2019-10-05,323.7688945,272.9165031,543.98,113.27
อลูมิเนียมกระป๋องโค้ก,25.0,2019-10-07,323.7688945,272.9165031,543.98,113.27
อลูมิเนียมกระป๋องโค้ก,25.0,2019-10-08,323.7688945,272.9165031,543.98,113.27
อลูมิเนียมกระป๋องโค้ก,25.0,2019-10-09,323.7688945,272.9165031,543.98,113.27
อลูมิเนียมกระป๋องโค้ก,25.0,2019-10-10,323.7688945,272.9165031,543.98,113.27
อลูมิเนียมกระป๋องโค้ก,25.0,2019-10-11,323.7688945,272.9165031,543.98,113.27
อลูมิเนียมกระป๋องโค้ก,25.0,2019-10-13,323.7688945,272.9165031,543.98,113.27
อลูมิเนียมกระป๋องโค้ก,25.0,2019-10-14,323.7688945,272.9165031,543.98,113.27
อลูมิเนียมกระป๋องโค้ก,25.0,2019-10-16,323.7688945,272.9165031,543.98,113.27
อลูมิเนียมกระป๋องโค้ก,25.0,2019-10-17,323.7688945,272.9165031,543.98,113.27
อลูมิเนียมกระป๋องโค้ก,26.0,2019-10-22,323.7688945,272.9165031,543.98,113.27
อลูมิเนียมกระป๋องโค้ก,26.0,2019-10-23,323.7688945,272.9165031,543.98,113.27
อลูมิเนียมกระป๋องโค้ก,26.0,2019-10-24,323.7688945,272.9165031,543.98,113.27
อลูมิเนียมกระป๋องโค้ก,26.0,2019-10-25,323.7688945,272.9165031,543.98,113.27
อลูมิเนียมกระป๋องโค้ก,26.0,2019-10-26,323.7688945,272.9165031,543.98,113.27
อลูมิเนียมกระป๋องโค้ก,26.0,2019-10-28,323.7688945,272.9165031,543.98,113.27
อลูมิเนียมกระป๋องโค้ก,26.0,2019-10-29,323.7688945,272.9165031,543.98,113.27
อลูมิเนียมกระป๋องโค้ก,26.0,2019-10-30,323.7688945,272.9165031,543.98,113.27
อลูมิเนียมกระป๋องโค้ก,26.0,2019-10-31,323.7688945,272.9165031,543.98,113.27
อลูมิเนียมกระป๋องโค้ก,26.0,2019-11-01,323.7688945,272.9165031,543.98,113.27
อลูมิเนียมกระป๋องโค้ก,26.0,2019-11-02,323.7688945,272.9165031,543.98,113.27
อลูมิเนียมกระป๋องโค้ก,26.0,2019-11-03,323.7688945,272.9165031,543.98,113.27
อลูมิเนียมกระป๋องโค้ก,26.0,2019-11-05,323.7688945,272.9165031,543.98,113.27
อลูมิเนียมกระป๋องโค้ก,26.0,2019-11-06,323.7688945,272.9165031,543.98,113.27
อลูมิเนียมกระป๋องโค้ก,26.0,2019-11-08,323.7688945,272.9165031,543.98,113.27
อลูมิเนียมกระป๋องโค้ก,26.0,2019-11-09,323.7688945,272.9165031,543.98,113.27
อลูมิเนียมกระป๋องโค้ก,26.0,2019-11-11,323.7688945,272.9165031,543.98,113.27
อลูมิเนียมกระป๋องโค้ก,26.0,2019-11-12,323.7688945,272.9165031,543.98,113.27
อลูมิเนียมกระป๋องโค้ก,26.0,2019-11-13,323.7688945,272.9165031,543.98,113.27
อลูมิเนียมกระป๋องโค้ก,26.0,2019-11-14,323.7688945,272.9165031,543.98,113.27
อลูมิเนียมกระป๋องโค้ก,26.0,2019-11-15,323.7688945,272.9165031,543.98,113.27
อลูมิเนียมกระป๋องโค้ก,26.0,2019-11-16,323.7688945,272.9165031,543.98,113.27
อลูมิเนียมกระป๋องโค้ก,26.0,2019-11-17,323.7688945,272.9165031,543.98,113.27
อลูมิเนียมกระป๋องโค้ก,26.0,2019-11-18,323.7688945,272.9165031,543.98,113.27
อลูมิเนียมกระป๋องโค้ก,26.0,2019-11-19,323.7688945,272.9165031,543.98,113.27
อลูมิเนียมกระป๋องโค้ก,26.0,2019-11-20,323.7688945,272.9165031,543.98,113.27
อลูมิเนียมกระป๋องโค้ก,26.0,2019-11-21,323.7688945,272.9165031,543.98,113.27
อลูมิเนียมกระป๋องโค้ก,26.0,2019-11-22,323.7688945,272.9165031,543.98,113.27
อลูมิเนียมกระป๋องโค้ก,26.0,2019-11-23,323.7688945,272.9165031,543.98,113.27
อลูมิเนียมกระป๋องโค้ก,26.0,2019-11-24,323.7688945,272.9165031,543.98,113.27
อลูมิเนียมกระป๋องโค้ก,26.0,2019-11-25,323.7688945,272.9165031,543.98,113.27
อลูมิเนียมกระป๋องโค้ก,26.0,2019-11-26,323.7688945,272.9165031,543.98,113.27
อลูมิเนียมกระป๋องโค้ก,26.0,2019-11-27,323.7688945,272.9165031,543.98,113.27
อลูมิเนียมกระป๋องโค้ก,26.0,2019-11-28,323.7688945,272.9165031,543.98,113.27
อลูมิเนียมกระป๋องโค้ก,26.0,2019-11-29,323.7688945,272.9165031,543.98,113.27
อลูมิเนียมกระป๋องโค้ก,26.0,2019-11-30,323.7688945,272.9165031,543.98,113.27
อลูมิเนียมกระป๋องโค้ก,26.0,2019-12-01,323.7688945,272.9165031,543.98,113.27
อลูมิเนียมกระป๋องโค้ก,26.0,2019-12-04,323.7688945,272.9165031,543.98,113.27
อลูมิเนียมกระป๋องโค้ก,26.0,2019-12-05,323.7688945,272.9165031,543.98,113.27
อลูมิเนียมกระป๋องโค้ก,26.0,2019-12-06,323.7688945,272.9165031,543.98,113.27
อลูมิเนียมกระป๋องโค้ก,26.0,2019-12-07,323.7688945,272.9165031,543.98,113.27
อลูมิเนียมกระป๋องโค้ก,26.0,2019-12-11,323.7688945,272.9165031,543.98,113.27
อลูมิเนียมกระป๋องโค้ก,27.0,2019-12-12,323.7688945,272.9165031,543.98,113.27
อลูมิเนียมกระป๋องโค้ก,27.0,2019-12-13,323.7688945,272.9165031,543.98,113.27
อลูมิเนียมกระป๋องโค้ก,27.0,2019-12-14,323.7688945,272.9165031,543.98,113.27
อลูมิเนียมกระป๋องโค้ก,27.0,2019-12-16,323.7688945,272.9165031,543.98,113.27
อลูมิเนียมกระป๋องโค้ก,27.0,2019-12-18,323.7688945,272.9165031,543.98,113.27
อลูมิเนียมกระป๋องโค้ก,27.0,2019-12-19,323.7688945,272.9165031,543.98,113.27
อลูมิเนียมกระป๋องโค้ก,27.0,2019-12-20,323.7688945,272.9165031,543.98,113.27
อลูมิเนียมกระป๋องโค้ก,27.0,2019-12-23,323.7688945,272.9165031,543.98,113.27
อลูมิเนียมกระป๋องโค้ก,27.0,2019-12-25,323.7688945,272.9165031,543.98,113.27
อลูมิเนียมกระป๋องโค้ก,27.0,2020-01-02,257.7099833,231.7356914,500.46,112.31
อลูมิเนียมกระป๋องโค้ก,27.0,2020-01-03,257.7099833,231.7356914,500.46,112.31
อลูมิเนียมกระป๋องโค้ก,27.0,2020-01-04,257.7099833,231.7356914,500.46,112.31
อลูมิเนียมกระป๋องโค้ก,27.0,2020-01-07,257.7099833,231.7356914,500.46,112.31
อลูมิเนียมกระป๋องโค้ก,27.0,2020-01-08,257.7099833,231.7356914,500.46,112.31
อลูมิเนียมกระป๋องโค้ก,27.0,2020-01-09,257.7099833,231.7356914,500.46,112.31
อลูมิเนียมกระป๋องโค้ก,26.0,2020-01-14,257.7099833,231.7356914,500.46,112.31
อลูมิเนียมกระป๋องโค้ก,26.0,2020-01-15,257.7099833,231.7356914,500.46,112.31
อลูมิเนียมกระป๋องโค้ก,26.0,2020-01-16,257.7099833,231.7356914,500.46,112.31
อลูมิเนียมกระป๋องโค้ก,26.0,2020-01-19,257.7099833,231.7356914,500.46,112.31
อลูมิเนียมกระป๋องโค้ก,26.0,2020-01-20,257.7099833,231.7356914,500.46,112.31
อลูมิเนียมกระป๋องโค้ก,26.0,2020-01-21,257.7099833,231.7356914,500.46,112.31
อลูมิเนียมกระป๋องโค้ก,26.0,2020-01-23,257.7099833,231.7356914,500.46,112.31
อลูมิเนียมกระป๋องโค้ก,26.0,2020-01-24,257.7099833,231.7356914,500.46,112.31
อลูมิเนียมกระป๋องโค้ก,26.0,2020-01-25,257.7099833,231.7356914,500.46,112.31
อลูมิเนียมกระป๋องโค้ก,26.0,2020-01-26,257.7099833,231.7356914,500.46,112.31
อลูมิเนียมกระป๋องโค้ก,26.0,2020-01-27,257.7099833,231.7356914,500.46,112.31
อลูมิเนียมกระป๋องโค้ก,26.0,2020-01-28,257.7099833,231.7356914,500.46,112.31
อลูมิเนียมกระป๋องโค้ก,26.0,2020-01-29,257.7099833,231.7356914,500.46,112.31
อลูมิเนียมกระป๋องโค้ก,26.0,2020-01-30,257.7099833,231.7356914,500.46,112.31
อลูมิเนียมกระป๋องโค้ก,26.0,2020-01-31,257.7099833,231.7356914,500.46,112.31
อลูมิเนียมกระป๋องโค้ก,26.0,2020-02-01,257.7099833,231.7356914,500.46,112.31
อลูมิเนียมกระป๋องโค้ก,26.0,2020-02-02,257.7099833,231.7356914,500.46,112.31
อลูมิเนียมกระป๋องโค้ก,26.0,2020-02-03,257.7099833,231.7356914,500.46,112.31
อลูมิเนียมกระป๋องโค้ก,26.0,2020-02-04,257.7099833,231.7356914,500.46,112.31
อลูมิเนียมกระป๋องโค้ก,26.0,2020-02-05,257.7099833,231.7356914,500.46,112.31
อลูมิเนียมกระป๋องโค้ก,26.0,2020-02-06,257.7099833,231.7356914,500.46,112.31
อลูมิเนียมกระป๋องโค้ก,25.0,2020-02-10,257.7099833,231.7356914,500.46,112.31
อลูมิเนียมกระป๋องโค้ก,25.0,2020-02-11,257.7099833,231.7356914,500.46,112.31
อลูมิเนียมกระป๋องโค้ก,25.0,2020-02-12,257.7099833,231.7356914,500.46,112.31
อลูมิเนียมกระป๋องโค้ก,25.0,2020-02-13,257.7099833,231.7356914,500.46,112.31
อลูมิเนียมกระป๋องโค้ก,26.0,2020-02-14,257.7099833,231.7356914,500.46,112.31
อลูมิเนียมกระป๋องโค้ก,26.0,2020-02-15,257.7099833,231.7356914,500.46,112.31
อลูมิเนียมกระป๋องโค้ก,26.0,2020-02-16,257.7099833,231.7356914,500.46,112.31
อลูมิเนียมกระป๋องโค้ก,26.0,2020-02-17,257.7099833,231.7356914,500.46,112.31
อลูมิเนียมกระป๋องโค้ก,26.0,2020-02-18,257.7099833,231.7356914,500.46,112.31
อลูมิเนียมกระป๋องโค้ก,26.0,2020-02-19,257.7099833,231.7356914,500.46,112.31
อลูมิเนียมกระป๋องโค้ก,26.0,2020-02-20,257.7099833,231.7356914,500.46,112.31
อลูมิเนียมกระป๋องโค้ก,26.0,2020-02-21,257.7099833,231.7356914,500.46,112.31
อลูมิเนียมกระป๋องโค้ก,26.0,2020-02-22,257.7099833,231.7356914,500.46,112.31
อลูมิเนียมกระป๋องโค้ก,26.0,2020-02-25,257.7099833,231.7356914,500.46,112.31
อลูมิเนียมกระป๋องโค้ก,26.0,2020-02-26,257.7099833,231.7356914,500.46,112.31
อลูมิเนียมกระป๋องโค้ก,26.0,2020-02-27,257.7099833,231.7356914,500.46,112.31
อลูมิเนียมกระป๋องโค้ก,26.0,2020-02-28,257.7099833,231.7356914,500.46,112.31
อลูมิเนียมกระป๋องโค้ก,26.0,2020-02-29,257.7099833,231.7356914,500.46,112.31
อลูมิเนียมกระป๋องโค้ก,26.0,2020-03-02,257.7099833,231.7356914,500.46,112.31
อลูมิเนียมกระป๋องโค้ก,26.0,2020-03-03,257.7099833,231.7356914,500.46,112.31
อลูมิเนียมกระป๋องโค้ก,26.0,2020-03-05,257.7099833,231.7356914,500.46,112.31
อลูมิเนียมกระป๋องโค้ก,26.0,2020-03-06,257.7099833,231.7356914,500.46,112.31
อลูมิเนียมกระป๋องโค้ก,26.0,2020-03-07,257.7099833,231.7356914,500.46,112.31
อลูมิเนียมกระป๋องโค้ก,25.0,2020-03-09,257.7099833,231.7356914,500.46,112.31
อลูมิเนียมกระป๋องโค้ก,25.0,2020-03-10,257.7099833,231.7356914,500.46,112.31
อลูมิเนียมกระป๋องโค้ก,25.0,2020-03-11,257.7099833,231.7356914,500.46,112.31
อลูมิเนียมกระป๋องโค้ก,25.0,2020-03-12,257.7099833,231.7356914,500.46,112.31
อลูมิเนียมกระป๋องโค้ก,25.0,2020-03-13,257.7099833,231.7356914,500.46,112.31
อลูมิเนียมกระป๋องโค้ก,25.0,2020-03-14,257.7099833,231.7356914,500.46,112.31
อลูมิเนียมกระป๋องโค้ก,25.0,2020-03-16,257.7099833,231.7356914,500.46,112.31
อลูมิเนียมกระป๋องโค้ก,25.0,2020-03-17,257.7099833,231.7356914,500.46,112.31
อลูมิเนียมกระป๋องโค้ก,25.0,2020-03-18,257.7099833,231.7356914,500.46,112.31
อลูมิเนียมกระป๋องโค้ก,25.0,2020-03-19,257.7099833,231.7356914,500.46,112.31
อลูมิเนียมกระป๋องโค้ก,25.0,2020-03-20,257.7099833,231.7356914,500.46,112.31
อลูมิเนียมกระป๋องโค้ก,24.0,2020-03-21,257.7099833,231.7356914,500.46,112.31
อลูมิเนียมกระป๋องโค้ก,24.0,2020-03-23,257.7099833,231.7356914,500.46,112.31
อลูมิเนียมกระป๋องโค้ก,24.0,2020-03-24,257.7099833,231.7356914,500.46,112.31
อลูมิเนียมกระป๋องโค้ก,24.0,2020-03-25,257.7099833,231.7356914,500.46,112.31
อลูมิเนียมกระป๋องโค้ก,24.0,2020-03-26,257.7099833,231.7356914,500.46,112.31
อลูมิเนียมกระป๋องโค้ก,24.0,2020-03-28,257.7099833,231.7356914,500.46,112.31
อลูมิเนียมกระป๋องโค้ก,23.0,2020-03-30,257.7099833,231.7356914,500.46,112.31
อลูมิเนียมกระป๋องโค้ก,23.0,2020-03-31,257.7099833,231.7356914,500.46,112.31
อลูมิเนียมกระป๋องโค้ก,23.0,2020-04-01,257.7099833,231.7356914,500.46,112.31
อลูมิเนียมกระป๋องโค้ก,23.5,2020-04-03,257.7099833,231.7356914,500.46,112.31
อลูมิเนียมกระป๋องโค้ก,23.5,2020-04-07,257.7099833,231.7356914,500.46,112.31
อลูมิเนียมกระป๋องโค้ก,23.5,2020-04-08,257.7099833,231.7356914,500.46,112.31
อลูมิเนียมกระป๋องโค้ก,23.5,2020-04-09,257.7099833,231.7356914,500.46,112.31
อลูมิเนียมกระป๋องโค้ก,23.5,2020-04-12,257.7099833,231.7356914,500.46,112.31
อลูมิเนียมกระป๋องโค้ก,23.5,2020-04-13,257.7099833,231.7356914,500.46,112.31
อลูมิเนียมกระป๋องโค้ก,23.5,2020-04-14,257.7099833,231.7356914,500.46,112.31
อลูมิเนียมกระป๋องโค้ก,23.5,2020-04-16,257.7099833,231.7356914,500.46,112.31
อลูมิเนียมกระป๋องโค้ก,23.5,2020-04-17,257.7099833,231.7356914,500.46,112.31
อลูมิเนียมกระป๋องโค้ก,24.0,2020-04-18,257.7099833,231.7356914,500.46,112.31
อลูมิเนียมกระป๋องโค้ก,24.5,2020-04-20,257.7099833,231.7356914,500.46,112.31
อลูมิเนียมกระป๋องโค้ก,24.5,2020-04-21,257.7099833,231.7356914,500.46,112.31
อลูมิเนียมกระป๋องโค้ก,24.5,2020-04-22,257.7099833,231.7356914,500.46,112.31
อลูมิเนียมกระป๋องโค้ก,24.5,2020-04-23,257.7099833,231.7356914,500.46,112.31
อลูมิเนียมกระป๋องโค้ก,24.5,2020-04-24,257.7099833,231.7356914,500.46,112.31
อลูมิเนียมกระป๋องโค้ก,24.5,2020-04-25,257.7099833,231.7356914,500.46,112.31
อลูมิเนียมกระป๋องโค้ก,24.5,2020-04-27,257.7099833,231.7356914,500.46,112.31
อลูมิเนียมกระป๋องโค้ก,24.5,2020-04-28,257.7099833,231.7356914,500.46,112.31
อลูมิเนียมกระป๋องโค้ก,24.5,2020-04-29,257.7099833,231.7356914,500.46,112.31
อลูมิเนียมกระป๋องโค้ก,23.0,2020-04-30,257.7099833,231.7356914,500.46,112.31
อลูมิเนียมกระป๋องโค้ก,23.5,2020-05-02,257.7099833,231.7356914,500.46,112.31
อลูมิเนียมกระป๋องโค้ก,23.5,2020-05-03,257.7099833,231.7356914,500.46,112.31
อลูมิเนียมกระป๋องโค้ก,23.5,2020-05-04,257.7099833,231.7356914,500.46,112.31
อลูมิเนียมกระป๋องโค้ก,23.5,2020-05-05,257.7099833,231.7356914,500.46,112.31
อลูมิเนียมกระป๋องโค้ก,23.5,2020-05-06,257.7099833,231.7356914,500.46,112.31
อลูมิเนียมกระป๋องโค้ก,23.5,2020-05-07,257.7099833,231.7356914,500.46,112.31
อลูมิเนียมกระป๋องโค้ก,23.5,2020-05-08,257.7099833,231.7356914,500.46,112.31
อลูมิเนียมกระป๋องโค้ก,23.5,2020-05-09,257.7099833,231.7356914,500.46,112.31
อลูมิเนียมกระป๋องโค้ก,23.5,2020-05-11,257.7099833,231.7356914,500.46,112.31
อลูมิเนียมกระป๋องโค้ก,23.5,2020-05-12,257.7099833,231.7356914,500.46,112.31
อลูมิเนียมกระป๋องโค้ก,23.5,2020-05-13,257.7099833,231.7356914,500.46,112.31
อลูมิเนียมกระป๋องโค้ก,23.5,2020-05-14,257.7099833,231.7356914,500.46,112.31
อลูมิเนียมกระป๋องโค้ก,23.5,2020-05-15,257.7099833,231.7356914,500.46,112.31
อลูมิเนียมกระป๋องโค้ก,23.5,2020-05-16,257.7099833,231.7356914,500.46,112.31
อลูมิเนียมกระป๋องโค้ก,23.5,2020-05-18,257.7099833,231.7356914,500.46,112.31
อลูมิเนียมกระป๋องโค้ก,23.5,2020-05-19,257.7099833,231.7356914,500.46,112.31
อลูมิเนียมกระป๋องโค้ก,23.5,2020-05-21,257.7099833,231.7356914,500.46,112.31
อลูมิเนียมกระป๋องโค้ก,23.5,2020-05-22,257.7099833,231.7356914,500.46,112.31
อลูมิเนียมกระป๋องโค้ก,23.5,2020-05-23,257.7099833,231.7356914,500.46,112.31
อลูมิเนียมกระป๋องโค้ก,23.5,2020-05-24,257.7099833,231.7356914,500.46,112.31
อลูมิเนียมกระป๋องโค้ก,23.5,2020-05-26,257.7099833,231.7356914,500.46,112.31
อลูมิเนียมกระป๋องโค้ก,23.5,2020-05-27,257.7099833,231.7356914,500.46,112.31
อลูมิเนียมกระป๋องโค้ก,23.5,2020-05-28,257.7099833,231.7356914,500.46,112.31
อลูมิเนียมกระป๋องโค้ก,23.5,2020-05-29,257.7099833,231.7356914,500.46,112.31
อลูมิเนียมกระป๋องโค้ก,23.5,2020-05-30,257.7099833,231.7356914,500.46,112.31
อลูมิเนียมกระป๋องโค้ก,23.5,2020-06-01,257.7099833,231.7356914,500.46,112.31
อลูมิเนียมกระป๋องโค้ก,23.5,2020-06-02,257.7099833,231.7356914,500.46,112.31
อลูมิเนียมกระป๋องโค้ก,23.5,2020-06-03,257.7099833,231.7356914,500.46,112.31
อลูมิเนียมกระป๋องโค้ก,23.5,2020-06-05,257.7099833,231.7356914,500.46,112.31
อลูมิเนียมกระป๋องโค้ก,23.5,2020-06-06,257.7099833,231.7356914,500.46,112.31
อลูมิเนียมกระป๋องโค้ก,23.5,2020-06-07,257.7099833,231.7356914,500.46,112.31
อลูมิเนียมกระป๋องโค้ก,24.0,2020-06-09,257.7099833,231.7356914,500.46,112.31
อลูมิเนียมกระป๋องโค้ก,24.0,2020-06-11,257.7099833,231.7356914,500.46,112.31
อลูมิเนียมกระป๋องโค้ก,24.0,2020-06-12,257.7099833,231.7356914,500.46,112.31
อลูมิเนียมกระป๋องโค้ก,24.0,2020-06-15,257.7099833,231.7356914,500.46,112.31
อลูมิเนียมกระป๋องโค้ก,24.0,2020-06-16,257.7099833,231.7356914,500.46,112.31
อลูมิเนียมกระป๋องโค้ก,24.0,2020-06-17,257.7099833,231.7356914,500.46,112.31
อลูมิเนียมกระป๋องโค้ก,24.0,2020-06-19,257.7099833,231.7356914,500.46,112.31
อลูมิเนียมกระป๋องโค้ก,24.0,2020-06-23,257.7099833,231.7356914,500.46,112.31
อลูมิเนียมกระป๋องโค้ก,24.0,2020-06-24,257.7099833,231.7356914,500.46,112.31
อลูมิเนียมกระป๋องโค้ก,24.0,2020-06-25,257.7099833,231.7356914,500.46,112.31
อลูมิเนียมกระป๋องโค้ก,24.0,2020-06-26,257.7099833,231.7356914,500.46,112.31
อลูมิเนียมกระป๋องโค้ก,24.0,2020-06-28,257.7099833,231.7356914,500.46,112.31
อลูมิเนียมกระป๋องโค้ก,24.0,2020-06-29,257.7099833,231.7356914,500.46,112.31
อลูมิเนียมกระป๋องโค้ก,24.0,2020-06-30,257.7099833,231.7356914,500.46,112.31
อลูมิเนียมกระป๋องโค้ก,24.0,2020-07-01,257.7099833,231.7356914,500.46,112.31
อลูมิเนียมกระป๋องโค้ก,24.0,2020-07-02,257.7099833,231.7356914,500.46,112.31
อลูมิเนียมกระป๋องโค้ก,24.0,2020-07-04,257.7099833,231.7356914,500.46,112.31
อลูมิเนียมกระป๋องโค้ก,24.0,2020-07-07,257.7099833,231.7356914,500.46,112.31
อลูมิเนียมกระป๋องโค้ก,24.0,2020-07-08,257.7099833,231.7356914,500.46,112.31
อลูมิเนียมกระป๋องโค้ก,24.0,2020-07-09,257.7099833,231.7356914,500.46,112.31
อลูมิเนียมกระป๋องโค้ก,24.0,2020-07-10,257.7099833,231.7356914,500.46,112.31
อลูมิเนียมกระป๋องโค้ก,24.0,2020-07-11,257.7099833,231.7356914,500.46,112.31
อลูมิเนียมกระป๋องโค้ก,24.0,2020-07-13,257.7099833,231.7356914,500.46,112.31
อลูมิเนียมกระป๋องโค้ก,24.0,2020-07-14,257.7099833,231.7356914,500.46,112.31
อลูมิเนียมกระป๋องโค้ก,24.0,2020-07-15,257.7099833,231.7356914,500.46,112.31
อลูมิเนียมกระป๋องโค้ก,24.0,2020-07-16,257.7099833,231.7356914,500.46,112.31
อลูมิเนียมกระป๋องโค้ก,24.0,2020-07-17,257.7099833,231.7356914,500.46,112.31
อลูมิเนียมกระป๋องโค้ก,24.0,2020-07-18,257.7099833,231.7356914,500.46,112.31
อลูมิเนียมกระป๋องโค้ก,24.0,2020-07-19,257.7099833,231.7356914,500.46,112.31
อลูมิเนียมกระป๋องโค้ก,24.0,2020-07-21,257.7099833,231.7356914,500.46,112.31
อลูมิเนียมกระป๋องโค้ก,24.0,2020-07-22,257.7099833,231.7356914,500.46,112.31
อลูมิเนียมกระป๋องโค้ก,24.0,2020-07-23,257.7099833,231.7356914,500.46,112.31
อลูมิเนียมกระป๋องโค้ก,24.0,2020-07-24,257.7099833,231.7356914,500.46,112.31
อลูมิเนียมกระป๋องโค้ก,24.0,2020-07-25,257.7099833,231.7356914,500.46,112.31
อลูมิเนียมกระป๋องโค้ก,24.0,2020-07-29,257.7099833,231.7356914,500.46,112.31
อลูมิเนียมกระป๋องโค้ก,24.0,2020-07-31,257.7099833,231.7356914,500.46,112.31
อลูมิเนียมกระป๋องโค้ก,24.0,2020-08-01,257.7099833,231.7356914,500.46,112.31
อลูมิเนียมกระป๋องโค้ก,24.0,2020-08-03,257.7099833,231.7356914,500.46,112.31
อลูมิเนียมกระป๋องโค้ก,24.0,2020-08-04,257.7099833,231.7356914,500.46,112.31
อลูมิเนียมกระป๋องโค้ก,24.0,2020-08-05,257.7099833,231.7356914,500.46,112.31
อลูมิเนียมกระป๋องโค้ก,24.0,2020-08-06,257.7099833,231.7356914,500.46,112.31
อลูมิเนียมกระป๋องโค้ก,24.0,2020-08-07,257.7099833,231.7356914,500.46,112.31
อลูมิเนียมกระป๋องโค้ก,24.0,2020-08-08,257.7099833,231.7356914,500.46,112.31
อลูมิเนียมกระป๋องโค้ก,24.0,2020-08-09,257.7099833,231.7356914,500.46,112.31
อลูมิเนียมกระป๋องโค้ก,24.0,2020-08-10,257.7099833,231.7356914,500.46,112.31
อลูมิเนียมกระป๋องโค้ก,24.0,2020-08-11,257.7099833,231.7356914,500.46,112.31
อลูมิเนียมกระป๋องโค้ก,24.0,2020-08-12,257.7099833,231.7356914,500.46,112.31
อลูมิเนียมกระป๋องโค้ก,24.0,2020-08-13,257.7099833,231.7356914,500.46,112.31
อลูมิเนียมกระป๋องโค้ก,24.0,2020-08-14,257.7099833,231.7356914,500.46,112.31
อลูมิเนียมกระป๋องโค้ก,24.0,2020-08-15,257.7099833,231.7356914,500.46,112.31
อลูมิเนียมกระป๋องโค้ก,24.0,2020-08-17,257.7099833,231.7356914,500.46,112.31
อลูมิเนียมกระป๋องโค้ก,24.0,2020-08-18,257.7099833,231.7356914,500.46,112.31
อลูมิเนียมกระป๋องโค้ก,24.0,2020-08-19,257.7099833,231.7356914,500.46,112.31
อลูมิเนียมกระป๋องโค้ก,24.0,2020-08-20,257.7099833,231.7356914,500.46,112.31
อลูมิเนียมกระป๋องโค้ก,24.0,2020-08-21,257.7099833,231.7356914,500.46,112.31
อลูมิเนียมกระป๋องโค้ก,24.0,2020-08-22,257.7099833,231.7356914,500.46,112.31
อลูมิเนียมกระป๋องโค้ก,24.0,2020-08-23,257.7099833,231.7356914,500.46,112.31
อลูมิเนียมกระป๋องโค้ก,24.0,2020-08-24,257.7099833,231.7356914,500.46,112.31
อลูมิเนียมกระป๋องโค้ก,25.0,2020-08-26,257.7099833,231.7356914,500.46,112.31
อลูมิเนียมกระป๋องโค้ก,25.0,2020-08-28,257.7099833,231.7356914,500.46,112.31
อลูมิเนียมกระป๋องโค้ก,25.0,2020-08-29,257.7099833,231.7356914,500.46,112.31
อลูมิเนียมกระป๋องโค้ก,25.0,2020-08-30,257.7099833,231.7356914,500.46,112.31
อลูมิเนียมกระป๋องโค้ก,25.0,2020-09-01,257.7099833,231.7356914,500.46,112.31
อลูมิเนียมกระป๋องโค้ก,25.0,2020-09-04,257.7099833,231.7356914,500.46,112.31
อลูมิเนียมกระป๋องโค้ก,25.0,2020-09-07,257.7099833,231.7356914,500.46,112.31
อลูมิเนียมกระป๋องโค้ก,25.0,2020-09-08,257.7099833,231.7356914,500.46,112.31
อลูมิเนียมกระป๋องโค้ก,25.0,2020-09-09,257.7099833,231.7356914,500.46,112.31
อลูมิเนียมกระป๋องโค้ก,25.0,2020-09-10,257.7099833,231.7356914,500.46,112.31
อลูมิเนียมกระป๋องโค้ก,25.0,2020-09-11,257.7099833,231.7356914,500.46,112.31
อลูมิเนียมกระป๋องโค้ก,25.0,2020-09-12,257.7099833,231.7356914,500.46,112.31
อลูมิเนียมกระป๋องโค้ก,25.0,2020-09-13,257.7099833,231.7356914,500.46,112.31
อลูมิเนียมกระป๋องโค้ก,25.0,2020-09-14,257.7099833,231.7356914,500.46,112.31
อลูมิเนียมกระป๋องโค้ก,25.0,2020-09-15,257.7099833,231.7356914,500.46,112.31
อลูมิเนียมกระป๋องโค้ก,25.0,2020-09-16,257.7099833,231.7356914,500.46,112.31
อลูมิเนียมกระป๋องโค้ก,25.0,2020-09-17,257.7099833,231.7356914,500.46,112.31
อลูมิเนียมกระป๋องโค้ก,26.0,2020-09-18,257.7099833,231.7356914,500.46,112.31
อลูมิเนียมกระป๋องโค้ก,26.0,2020-09-20,257.7099833,231.7356914,500.46,112.31
อลูมิเนียมกระป๋องโค้ก,26.0,2020-09-23,257.7099833,231.7356914,500.46,112.31
อลูมิเนียมกระป๋องโค้ก,26.0,2020-09-24,257.7099833,231.7356914,500.46,112.31
อลูมิเนียมกระป๋องโค้ก,26.0,2020-09-26,257.7099833,231.7356914,500.46,112.31
อลูมิเนียมกระป๋องโค้ก,26.0,2020-09-29,257.7099833,231.7356914,500.46,112.31
อลูมิเนียมกระป๋องโค้ก,26.0,2020-09-30,257.7099833,231.7356914,500.46,112.31
อลูมิเนียมกระป๋องโค้ก,26.0,2020-10-01,257.7099833,231.7356914,500.46,112.31
อลูมิเนียมกระป๋องโค้ก,26.0,2020-10-02,257.7099833,231.7356914,500.46,112.31
อลูมิเนียมกระป๋องโค้ก,26.0,2020-10-03,257.7099833,231.7356914,500.46,112.31
อลูมิเนียมกระป๋องโค้ก,26.0,2020-10-05,257.7099833,231.7356914,500.46,112.31
อลูมิเนียมกระป๋องโค้ก,26.0,2020-10-06,257.7099833,231.7356914,500.46,112.31
อลูมิเนียมกระป๋องโค้ก,26.0,2020-10-07,257.7099833,231.7356914,500.46,112.31
อลูมิเนียมกระป๋องโค้ก,26.0,2020-10-08,257.7099833,231.7356914,500.46,112.31
อลูมิเนียมกระป๋องโค้ก,26.0,2020-10-09,257.7099833,231.7356914,500.46,112.31
อลูมิเนียมกระป๋องโค้ก,26.0,2020-10-10,257.7099833,231.7356914,500.46,112.31
อลูมิเนียมกระป๋องโค้ก,26.0,2020-10-11,257.7099833,231.7356914,500.46,112.31
อลูมิเนียมกระป๋องโค้ก,26.0,2020-10-12,257.7099833,231.7356914,500.46,112.31
อลูมิเนียมกระป๋องโค้ก,26.0,2020-10-13,257.7099833,231.7356914,500.46,112.31
อลูมิเนียมกระป๋องโค้ก,26.0,2020-10-14,257.7099833,231.7356914,500.46,112.31
อลูมิเนียมกระป๋องโค้ก,26.0,2020-10-15,257.7099833,231.7356914,500.46,112.31
อลูมิเนียมกระป๋องโค้ก,26.0,2020-10-16,257.7099833,231.7356914,500.46,112.31
อลูมิเนียมกระป๋องโค้ก,26.0,2020-10-17,257.7099833,231.7356914,500.46,112.31
อลูมิเนียมกระป๋องโค้ก,26.0,2020-10-18,257.7099833,231.7356914,500.46,112.31
อลูมิเนียมกระป๋องโค้ก,26.0,2020-10-19,257.7099833,231.7356914,500.46,112.31
อลูมิเนียมกระป๋องโค้ก,26.0,2020-10-20,257.7099833,231.7356914,500.46,112.31
อลูมิเนียมกระป๋องโค้ก,26.0,2020-10-21,257.7099833,231.7356914,500.46,112.31
อลูมิเนียมกระป๋องโค้ก,26.0,2020-10-26,257.7099833,231.7356914,500.46,112.31
อลูมิเนียมกระป๋องโค้ก,26.0,2020-10-27,257.7099833,231.7356914,500.46,112.31
อลูมิเนียมกระป๋องโค้ก,26.0,2020-10-28,257.7099833,231.7356914,500.46,112.31
อลูมิเนียมกระป๋องโค้ก,26.0,2020-10-29,257.7099833,231.7356914,500.46,112.31
อลูมิเนียมกระป๋องโค้ก,26.0,2020-10-30,257.7099833,231.7356914,500.46,112.31
อลูมิเนียมกระป๋องโค้ก,26.0,2020-10-31,257.7099833,231.7356914,500.46,112.31
อลูมิเนียมกระป๋องโค้ก,26.0,2020-11-02,257.7099833,231.7356914,500.46,112.31
อลูมิเนียมกระป๋องโค้ก,26.0,2020-11-03,257.7099833,231.7356914,500.46,112.31
อลูมิเนียมกระป๋องโค้ก,26.0,2020-11-04,257.7099833,231.7356914,500.46,112.31
อลูมิเนียมกระป๋องโค้ก,26.0,2020-11-05,257.7099833,231.7356914,500.46,112.31
อลูมิเนียมกระป๋องโค้ก,26.0,2020-11-06,257.7099833,231.7356914,500.46,112.31
อลูมิเนียมกระป๋องโค้ก,26.0,2020-11-07,257.7099833,231.7356914,500.46,112.31
อลูมิเนียมกระป๋องโค้ก,26.0,2020-11-09,257.7099833,231.7356914,500.46,112.31
อลูมิเนียมกระป๋องโค้ก,26.0,2020-11-10,257.7099833,231.7356914,500.46,112.31
อลูมิเนียมกระป๋องโค้ก,26.0,2020-11-11,257.7099833,231.7356914,500.46,112.31
อลูมิเนียมกระป๋องโค้ก,26.0,2020-11-12,257.7099833,231.7356914,500.46,112.31
อลูมิเนียมกระป๋องโค้ก,26.0,2020-11-13,257.7099833,231.7356914,500.46,112.31
อลูมิเนียมกระป๋องโค้ก,26.0,2020-11-14,257.7099833,231.7356914,500.46,112.31
อลูมิเนียมกระป๋องโค้ก,26.0,2020-11-17,257.7099833,231.7356914,500.46,112.31
อลูมิเนียมกระป๋องโค้ก,28.0,2020-11-18,257.7099833,231.7356914,500.46,112.31
อลูมิเนียมกระป๋องโค้ก,28.0,2020-11-19,257.7099833,231.7356914,500.46,112.31
อลูมิเนียมกระป๋องโค้ก,28.0,2020-11-20,257.7099833,231.7356914,500.46,112.31
อลูมิเนียมกระป๋องโค้ก,28.0,2020-11-21,257.7099833,231.7356914,500.46,112.31
อลูมิเนียมกระป๋องโค้ก,28.0,2020-11-22,257.7099833,231.7356914,500.46,112.31
อลูมิเนียมกระป๋องโค้ก,28.0,2020-11-23,257.7099833,231.7356914,500.46,112.31
อลูมิเนียมกระป๋องโค้ก,28.0,2020-11-25,257.7099833,231.7356914,500.46,112.31
อลูมิเนียมกระป๋องโค้ก,28.0,2020-11-26,257.7099833,231.7356914,500.46,112.31
อลูมิเนียมกระป๋องโค้ก,28.0,2020-11-27,257.7099833,231.7356914,500.46,112.31
อลูมิเนียมกระป๋องโค้ก,28.0,2020-11-28,257.7099833,231.7356914,500.46,112.31
อลูมิเนียมกระป๋องโค้ก,28.0,2020-11-29,257.7099833,231.7356914,500.46,112.31
อลูมิเนียมกระป๋องโค้ก,28.0,2020-11-30,257.7099833,231.7356914,500.46,112.31
อลูมิเนียมกระป๋องโค้ก,28.0,2020-12-01,257.7099833,231.7356914,500.46,112.31
อลูมิเนียมกระป๋องโค้ก,28.0,2020-12-02,257.7099833,231.7356914,500.46,112.31
อลูมิเนียมกระป๋องโค้ก,29.0,2020-12-03,257.7099833,231.7356914,500.46,112.31
อลูมิเนียมกระป๋องโค้ก,29.0,2020-12-04,257.7099833,231.7356914,500.46,112.31
อลูมิเนียมกระป๋องโค้ก,29.0,2020-12-05,257.7099833,231.7356914,500.46,112.31
อลูมิเนียมกระป๋องโค้ก,29.0,2020-12-06,257.7099833,231.7356914,500.46,112.31
อลูมิเนียมกระป๋องโค้ก,29.0,2020-12-07,257.7099833,231.7356914,500.46,112.31
อลูมิเนียมกระป๋องโค้ก,29.0,2020-12-08,257.7099833,231.7356914,500.46,112.31
อลูมิเนียมกระป๋องโค้ก,30.0,2020-12-10,257.7099833,231.7356914,500.46,112.31
อลูมิเนียมกระป๋องโค้ก,30.0,2020-12-12,257.7099833,231.7356914,500.46,112.31
อลูมิเนียมกระป๋องโค้ก,31.0,2020-12-13,257.7099833,231.7356914,500.46,112.31
อลูมิเนียมกระป๋องโค้ก,31.0,2020-12-14,257.7099833,231.7356914,500.46,112.31
อลูมิเนียมกระป๋องโค้ก,31.0,2020-12-17,257.7099833,231.7356914,500.46,112.31
อลูมิเนียมกระป๋องโค้ก,31.0,2020-12-18,257.7099833,231.7356914,500.46,112.31
อลูมิเนียมกระป๋องโค้ก,31.0,2020-12-19,257.7099833,231.7356914,500.46,112.31
อลูมิเนียมกระป๋องโค้ก,31.0,2020-12-21,257.7099833,231.7356914,500.46,112.31
อลูมิเนียมกระป๋องโค้ก,31.0,2020-12-22,257.7099833,231.7356914,500.46,112.31
อลูมิเนียมกระป๋องโค้ก,31.0,2020-12-23,257.7099833,231.7356914,500.46,112.31
อลูมิเนียมกระป๋องโค้ก,31.0,2020-12-24,257.7099833,231.7356914,500.46,112.31
อลูมิเนียมกระป๋องโค้ก,31.0,2020-12-27,257.7099833,231.7356914,500.46,112.31
อลูมิเนียมกระป๋องโค้ก,31.0,2020-12-28,257.7099833,231.7356914,500.46,112.31
อลูมิเนียมกระป๋องโค้ก,31.0,2020-12-29,257.7099833,231.7356914,500.46,112.31
อลูมิเนียมกระป๋องโค้ก,31.0,2021-01-03,296.4549613,296.2903748,505.57,113.69
อลูมิเนียมกระป๋องโค้ก,31.0,2021-01-04,296.4549613,296.2903748,505.57,113.69
อลูมิเนียมกระป๋องโค้ก,31.0,2021-01-05,296.4549613,296.2903748,505.57,113.69
อลูมิเนียมกระป๋องโค้ก,31.0,2021-01-06,296.4549613,296.2903748,505.57,113.69
อลูมิเนียมกระป๋องโค้ก,31.0,2021-01-07,296.4549613,296.2903748,505.57,113.69
อลูมิเนียมกระป๋องโค้ก,31.0,2021-01-08,296.4549613,296.2903748,505.57,113.69
อลูมิเนียมกระป๋องโค้ก,31.0,2021-01-11,296.4549613,296.2903748,505.57,113.69
อลูมิเนียมกระป๋องโค้ก,31.0,2021-01-12,296.4549613,296.2903748,505.57,113.69
อลูมิเนียมกระป๋องโค้ก,31.0,2021-01-13,296.4549613,296.2903748,505.57,113.69
อลูมิเนียมกระป๋องโค้ก,31.0,2021-01-14,296.4549613,296.2903748,505.57,113.69
อลูมิเนียมกระป๋องโค้ก,31.0,2021-01-16,296.4549613,296.2903748,505.57,113.69
อลูมิเนียมกระป๋องโค้ก,31.0,2021-01-18,296.4549613,296.2903748,505.57,113.69
อลูมิเนียมกระป๋องโค้ก,31.0,2021-01-22,296.4549613,296.2903748,505.57,113.69
อลูมิเนียมกระป๋องโค้ก,31.0,2021-01-24,296.4549613,296.2903748,505.57,113.69
อลูมิเนียมกระป๋องโค้ก,31.0,2021-01-26,296.4549613,296.2903748,505.57,113.69
อลูมิเนียมกระป๋องโค้ก,31.0,2021-01-27,296.4549613,296.2903748,505.57,113.69
อลูมิเนียมกระป๋องโค้ก,31.0,2021-01-28,296.4549613,296.2903748,505.57,113.69
อลูมิเนียมกระป๋องโค้ก,31.0,2021-01-29,296.4549613,296.2903748,505.57,113.69
อลูมิเนียมกระป๋องโค้ก,31.0,2021-01-30,296.4549613,296.2903748,505.57,113.69
อลูมิเนียมกระป๋องโค้ก,30.0,2021-01-31,296.4549613,296.2903748,505.57,113.69
อลูมิเนียมกระป๋องโค้ก,30.0,2021-02-01,296.4549613,296.2903748,505.57,113.69
อลูมิเนียมกระป๋องโค้ก,30.0,2021-02-02,296.4549613,296.2903748,505.57,113.69
อลูมิเนียมกระป๋องโค้ก,30.0,2021-02-03,296.4549613,296.2903748,505.57,113.69
อลูมิเนียมกระป๋องโค้ก,30.0,2021-02-04,296.4549613,296.2903748,505.57,113.69
อลูมิเนียมกระป๋องโค้ก,30.0,2021-02-06,296.4549613,296.2903748,505.57,113.69
อลูมิเนียมกระป๋องโค้ก,30.0,2021-02-08,296.4549613,296.2903748,505.57,113.69
อลูมิเนียมกระป๋องโค้ก,30.0,2021-02-09,296.4549613,296.2903748,505.57,113.69
อลูมิเนียมกระป๋องโค้ก,30.0,2021-02-10,296.4549613,296.2903748,505.57,113.69
อลูมิเนียมกระป๋องโค้ก,30.0,2021-02-11,296.4549613,296.2903748,505.57,113.69
อลูมิเนียมกระป๋องโค้ก,30.0,2021-02-14,296.4549613,296.2903748,505.57,113.69
อลูมิเนียมกระป๋องโค้ก,30.0,2021-02-15,296.4549613,296.2903748,505.57,113.69
อลูมิเนียมกระป๋องโค้ก,30.0,2021-02-16,296.4549613,296.2903748,505.57,113.69
อลูมิเนียมกระป๋องโค้ก,30.0,2021-02-17,296.4549613,296.2903748,505.57,113.69
อลูมิเนียมกระป๋องโค้ก,30.0,2021-02-18,296.4549613,296.2903748,505.57,113.69
อลูมิเนียมกระป๋องโค้ก,30.0,2021-02-19,296.4549613,296.2903748,505.57,113.69
อลูมิเนียมกระป๋องโค้ก,30.0,2021-02-20,296.4549613,296.2903748,505.57,113.69
อลูมิเนียมกระป๋องโค้ก,30.0,2021-02-23,296.4549613,296.2903748,505.57,113.69
อลูมิเนียมกระป๋องโค้ก,31.0,2021-02-24,296.4549613,296.2903748,505.57,113.69
อลูมิเนียมกระป๋องโค้ก,31.0,2021-02-26,296.4549613,296.2903748,505.57,113.69
อลูมิเนียมกระป๋องโค้ก,34.0,2021-02-27,296.4549613,296.2903748,505.57,113.69
อลูมิเนียมกระป๋องโค้ก,34.0,2021-03-02,296.4549613,296.2903748,505.57,113.69
อลูมิเนียมกระป๋องโค้ก,35.0,2021-03-04,296.4549613,296.2903748,505.57,113.69
อลูมิเนียมกระป๋องโค้ก,35.0,2021-03-05,296.4549613,296.2903748,505.57,113.69
อลูมิเนียมกระป๋องโค้ก,35.0,2021-03-06,296.4549613,296.2903748,505.57,113.69
อลูมิเนียมกระป๋องโค้ก,35.0,2021-03-08,296.4549613,296.2903748,505.57,113.69
อลูมิเนียมกระป๋องโค้ก,35.0,2021-03-09,296.4549613,296.2903748,505.57,113.69
อลูมิเนียมกระป๋องโค้ก,35.0,2021-03-10,296.4549613,296.2903748,505.57,113.69
อลูมิเนียมกระป๋องโค้ก,35.0,2021-03-11,296.4549613,296.2903748,505.57,113.69
อลูมิเนียมกระป๋องโค้ก,35.0,2021-03-12,296.4549613,296.2903748,505.57,113.69
อลูมิเนียมกระป๋องโค้ก,35.0,2021-03-13,296.4549613,296.2903748,505.57,113.69
อลูมิเนียมกระป๋องโค้ก,35.0,2021-03-14,296.4549613,296.2903748,505.57,113.69
อลูมิเนียมกระป๋องโค้ก,35.0,2021-03-15,296.4549613,296.2903748,505.57,113.69
อลูมิเนียมกระป๋องโค้ก,35.0,2021-03-16,296.4549613,296.2903748,505.57,113.69
อลูมิเนียมกระป๋องโค้ก,37.0,2021-03-17,296.4549613,296.2903748,505.57,113.69
อลูมิเนียมกระป๋องโค้ก,37.0,2021-03-18,296.4549613,296.2903748,505.57,113.69
อลูมิเนียมกระป๋องโค้ก,37.0,2021-03-19,296.4549613,296.2903748,505.57,113.69
อลูมิเนียมกระป๋องโค้ก,37.0,2021-03-20,296.4549613,296.2903748,505.57,113.69
อลูมิเนียมกระป๋องโค้ก,37.0,2021-03-22,296.4549613,296.2903748,505.57,113.69
อลูมิเนียมกระป๋องโค้ก,37.0,2021-03-23,296.4549613,296.2903748,505.57,113.69
อลูมิเนียมกระป๋องโค้ก,37.0,2021-03-24,296.4549613,296.2903748,505.57,113.69
อลูมิเนียมกระป๋องโค้ก,37.0,2021-03-25,296.4549613,296.2903748,505.57,113.69
อลูมิเนียมกระป๋องโค้ก,37.0,2021-03-26,296.4549613,296.2903748,505.57,113.69
อลูมิเนียมกระป๋องโค้ก,37.0,2021-03-28,296.4549613,296.2903748,505.57,113.69
อลูมิเนียมกระป๋องโค้ก,37.0,2021-03-29,296.4549613,296.2903748,505.57,113.69
อลูมิเนียมกระป๋องโค้ก,37.0,2021-03-31,296.4549613,296.2903748,505.57,113.69
อลูมิเนียมกระป๋องโค้ก,37.0,2021-04-01,296.4549613,296.2903748,505.57,113.69
อลูมิเนียมกระป๋องโค้ก,37.0,2021-04-02,296.4549613,296.2903748,505.57,113.69
อลูมิเนียมกระป๋องโค้ก,37.0,2021-04-03,296.4549613,296.2903748,505.57,113.69
อลูมิเนียมกระป๋องโค้ก,37.0,2021-04-04,296.4549613,296.2903748,505.57,113.69
อลูมิเนียมกระป๋องโค้ก,37.0,2021-04-07,296.4549613,296.2903748,505.57,113.69
อลูมิเนียมกระป๋องโค้ก,37.0,2021-04-08,296.4549613,296.2903748,505.57,113.69
อลูมิเนียมกระป๋องโค้ก,37.0,2021-04-10,296.4549613,296.2903748,505.57,113.69
อลูมิเนียมกระป๋องโค้ก,37.0,2021-04-11,296.4549613,296.2903748,505.57,113.69
อลูมิเนียมกระป๋องโค้ก,37.0,2021-04-17,296.4549613,296.2903748,505.57,113.69
อลูมิเนียมกระป๋องโค้ก,37.0,2021-04-18,296.4549613,296.2903748,505.57,113.69
อลูมิเนียมกระป๋องโค้ก,39.0,2021-04-19,296.4549613,296.2903748,505.57,113.69
อลูมิเนียมกระป๋องโค้ก,39.0,2021-04-20,296.4549613,296.2903748,505.57,113.69
อลูมิเนียมกระป๋องโค้ก,39.0,2021-04-21,296.4549613,296.2903748,505.57,113.69
อลูมิเนียมกระป๋องโค้ก,41.0,2021-04-23,296.4549613,296.2903748,505.57,113.69
อลูมิเนียมกระป๋องโค้ก,41.0,2021-04-24,296.4549613,296.2903748,505.57,113.69
อลูมิเนียมกระป๋องโค้ก,41.0,2021-04-25,296.4549613,296.2903748,505.57,113.69
อลูมิเนียมกระป๋องโค้ก,41.0,2021-04-26,296.4549613,296.2903748,505.57,113.69
อลูมิเนียมกระป๋องโค้ก,41.0,2021-04-27,296.4549613,296.2903748,505.57,113.69
อลูมิเนียมกระป๋องโค้ก,41.0,2021-04-28,296.4549613,296.2903748,505.57,113.69
อลูมิเนียมกระป๋องโค้ก,41.0,2021-04-29,296.4549613,296.2903748,505.57,113.69
อลูมิเนียมกระป๋องโค้ก,41.0,2021-04-30,296.4549613,296.2903748,505.57,113.69
อลูมิเนียมกระป๋องโค้ก,41.0,2021-05-02,296.4549613,296.2903748,505.57,113.69
อลูมิเนียมกระป๋องโค้ก,42.0,2021-05-04,296.4549613,296.2903748,505.57,113.69
อลูมิเนียมกระป๋องโค้ก,42.0,2021-05-06,296.4549613,296.2903748,505.57,113.69
อลูมิเนียมกระป๋องโค้ก,42.0,2021-05-07,296.4549613,296.2903748,505.57,113.69
อลูมิเนียมกระป๋องโค้ก,43.0,2021-05-08,296.4549613,296.2903748,505.57,113.69
อลูมิเนียมกระป๋องโค้ก,44.0,2021-05-09,296.4549613,296.2903748,505.57,113.69
อลูมิเนียมกระป๋องโค้ก,44.0,2021-05-11,296.4549613,296.2903748,505.57,113.69
อลูมิเนียมกระป๋องโค้ก,44.0,2021-05-12,296.4549613,296.2903748,505.57,113.69
อลูมิเนียมกระป๋องโค้ก,44.0,2021-05-13,296.4549613,296.2903748,505.57,113.69
อลูมิเนียมกระป๋องโค้ก,44.0,2021-05-14,296.4549613,296.2903748,505.57,113.69
อลูมิเนียมกระป๋องโค้ก,44.0,2021-05-15,296.4549613,296.2903748,505.57,113.69
อลูมิเนียมกระป๋องโค้ก,44.0,2021-05-17,296.4549613,296.2903748,505.57,113.69
อลูมิเนียมกระป๋องโค้ก,44.0,2021-05-19,296.4549613,296.2903748,505.57,113.69
อลูมิเนียมกระป๋องโค้ก,44.0,2021-05-20,296.4549613,296.2903748,505.57,113.69
อลูมิเนียมกระป๋องโค้ก,44.0,2021-05-22,296.4549613,296.2903748,505.57,113.69
อลูมิเนียมกระป๋องโค้ก,44.0,2021-05-24,296.4549613,296.2903748,505.57,113.69
อลูมิเนียมกระป๋องโค้ก,44.0,2021-05-25,296.4549613,296.2903748,505.57,113.69
อลูมิเนียมกระป๋องโค้ก,44.0,2021-05-26,296.4549613,296.2903748,505.57,113.69
อลูมิเนียมกระป๋องโค้ก,44.0,2021-05-27,296.4549613,296.2903748,505.57,113.69
อลูมิเนียมกระป๋องโค้ก,44.0,2021-05-28,296.4549613,296.2903748,505.57,113.69
อลูมิเนียมกระป๋องโค้ก,45.0,2021-05-29,296.4549613,296.2903748,505.57,113.69
อลูมิเนียมกระป๋องโค้ก,45.0,2021-05-30,296.4549613,296.2903748,505.57,113.69
อลูมิเนียมกระป๋องโค้ก,45.0,2021-06-02,296.4549613,296.2903748,505.57,113.69
อลูมิเนียมกระป๋องโค้ก,45.0,2021-06-03,296.4549613,296.2903748,505.57,113.69
อลูมิเนียมกระป๋องโค้ก,44.0,2021-06-04,296.4549613,296.2903748,505.57,113.69
อลูมิเนียมกระป๋องโค้ก,44.0,2021-06-08,296.4549613,296.2903748,505.57,113.69
อลูมิเนียมกระป๋องโค้ก,45.0,2021-06-10,296.4549613,296.2903748,505.57,113.69
อลูมิเนียมกระป๋องโค้ก,45.0,2021-06-12,296.4549613,296.2903748,505.57,113.69
อลูมิเนียมกระป๋องโค้ก,45.0,2021-06-15,296.4549613,296.2903748,505.57,113.69
อลูมิเนียมกระป๋องโค้ก,45.0,2021-06-16,296.4549613,296.2903748,505.57,113.69
อลูมิเนียมกระป๋องโค้ก,45.0,2021-06-16,296.4549613,296.2903748,505.57,113.69
อลูมิเนียมกระป๋องโค้ก,45.0,2021-06-17,296.4549613,296.2903748,505.57,113.69
อลูมิเนียมกระป๋องโค้ก,44.0,2021-06-18,296.4549613,296.2903748,505.57,113.69
อลูมิเนียมกระป๋องโค้ก,44.0,2021-06-19,296.4549613,296.2903748,505.57,113.69
อลูมิเนียมกระป๋องโค้ก,44.0,2021-06-21,296.4549613,296.2903748,505.57,113.69
อลูมิเนียมกระป๋องโค้ก,44.0,2021-06-23,296.4549613,296.2903748,505.57,113.69
อลูมิเนียมกระป๋องโค้ก,44.0,2021-06-24,296.4549613,296.2903748,505.57,113.69
อลูมิเนียมกระป๋องโค้ก,44.0,2021-06-25,296.4549613,296.2903748,505.57,113.69
อลูมิเนียมกระป๋องโค้ก,44.0,2021-06-26,296.4549613,296.2903748,505.57,113.69
อลูมิเนียมกระป๋องโค้ก,44.0,2021-06-28,296.4549613,296.2903748,505.57,113.69
อลูมิเนียมกระป๋องโค้ก,44.0,2021-06-29,296.4549613,296.2903748,505.57,113.69
อลูมิเนียมกระป๋องโค้ก,46.0,2021-06-30,296.4549613,296.2903748,505.57,113.69
อลูมิเนียมกระป๋องโค้ก,46.0,2021-07-01,296.4549613,296.2903748,505.57,113.69
อลูมิเนียมกระป๋องโค้ก,46.0,2021-07-02,296.4549613,296.2903748,505.57,113.69
อลูมิเนียมกระป๋องโค้ก,46.0,2021-07-03,296.4549613,296.2903748,505.57,113.69
อลูมิเนียมกระป๋องโค้ก,46.0,2021-07-04,296.4549613,296.2903748,505.57,113.69
อลูมิเนียมกระป๋องโค้ก,46.0,2021-07-06,296.4549613,296.2903748,505.57,113.69
อลูมิเนียมกระป๋องโค้ก,46.0,2021-07-07,296.4549613,296.2903748,505.57,113.69
อลูมิเนียมกระป๋องโค้ก,46.0,2021-07-08,296.4549613,296.2903748,505.57,113.69
อลูมิเนียมกระป๋องโค้ก,46.0,2021-07-10,296.4549613,296.2903748,505.57,113.69
อลูมิเนียมกระป๋องโค้ก,48.0,2021-07-11,296.4549613,296.2903748,505.57,113.69
อลูมิเนียมกระป๋องโค้ก,48.0,2021-07-12,296.4549613,296.2903748,505.57,113.69
อลูมิเนียมกระป๋องโค้ก,48.0,2021-07-13,296.4549613,296.2903748,505.57,113.69
อลูมิเนียมกระป๋องโค้ก,48.0,2021-07-14,296.4549613,296.2903748,505.57,113.69
อลูมิเนียมกระป๋องโค้ก,48.0,2021-07-15,296.4549613,296.2903748,505.57,113.69
อลูมิเนียมกระป๋องโค้ก,49.0,2021-07-16,296.4549613,296.2903748,505.57,113.69
อลูมิเนียมกระป๋องโค้ก,49.0,2021-07-17,296.4549613,296.2903748,505.57,113.69
อลูมิเนียมกระป๋องโค้ก,49.0,2021-07-18,296.4549613,296.2903748,505.57,113.69
อลูมิเนียมกระป๋องโค้ก,48.0,2021-07-20,296.4549613,296.2903748,505.57,113.69
อลูมิเนียมกระป๋องโค้ก,48.0,2021-07-21,296.4549613,296.2903748,505.57,113.69
อลูมิเนียมกระป๋องโค้ก,49.0,2021-07-22,296.4549613,296.2903748,505.57,113.69
อลูมิเนียมกระป๋องโค้ก,49.0,2021-07-23,296.4549613,296.2903748,505.57,113.69
อลูมิเนียมกระป๋องโค้ก,50.0,2021-07-25,296.4549613,296.2903748,505.57,113.69
อลูมิเนียมกระป๋องโค้ก,50.0,2021-07-26,296.4549613,296.2903748,505.57,113.69
อลูมิเนียมกระป๋องโค้ก,50.0,2021-07-28,296.4549613,296.2903748,505.57,113.69
อลูมิเนียมกระป๋องโค้ก,50.0,2021-07-29,296.4549613,296.2903748,505.57,113.69
อลูมิเนียมกระป๋องโค้ก,51.0,2021-07-30,296.4549613,296.2903748,505.57,113.69
อลูมิเนียมกระป๋องโค้ก,51.0,2021-07-31,296.4549613,296.2903748,505.57,113.69
อลูมิเนียมกระป๋องโค้ก,51.0,2021-08-01,296.4549613,296.2903748,505.57,113.69
อลูมิเนียมกระป๋องโค้ก,51.0,2021-08-02,296.4549613,296.2903748,505.57,113.69
อลูมิเนียมกระป๋องโค้ก,51.0,2021-08-03,296.4549613,296.2903748,505.57,113.69
อลูมิเนียมกระป๋องโค้ก,51.0,2021-08-04,296.4549613,296.2903748,505.57,113.69
อลูมิเนียมกระป๋องโค้ก,51.0,2021-08-05,296.4549613,296.2903748,505.57,113.69
อลูมิเนียมกระป๋องโค้ก,51.0,2021-08-07,296.4549613,296.2903748,505.57,113.69
อลูมิเนียมกระป๋องโค้ก,51.0,2021-08-08,296.4549613,296.2903748,505.57,113.69
อลูมิเนียมกระป๋องโค้ก,51.0,2021-08-09,296.4549613,296.2903748,505.57,113.69
อลูมิเนียมกระป๋องโค้ก,51.0,2021-08-10,296.4549613,296.2903748,505.57,113.69
อลูมิเนียมกระป๋องโค้ก,51.0,2021-08-11,296.4549613,296.2903748,505.57,113.69
อลูมิเนียมกระป๋องโค้ก,51.0,2021-08-12,296.4549613,296.2903748,505.57,113.69
อลูมิเนียมกระป๋องโค้ก,51.0,2021-08-13,296.4549613,296.2903748,505.57,113.69
อลูมิเนียมกระป๋องโค้ก,51.0,2021-08-14,296.4549613,296.2903748,505.57,113.69
อลูมิเนียมกระป๋องโค้ก,51.0,2021-08-15,296.4549613,296.2903748,505.57,113.69
อลูมิเนียมกระป๋องโค้ก,52.0,2021-08-16,296.4549613,296.2903748,505.57,113.69
อลูมิเนียมกระป๋องโค้ก,52.0,2021-08-17,296.4549613,296.2903748,505.57,113.69
อลูมิเนียมกระป๋องโค้ก,52.0,2021-08-18,296.4549613,296.2903748,505.57,113.69
อลูมิเนียมกระป๋องโค้ก,52.0,2021-08-19,296.4549613,296.2903748,505.57,113.69
อลูมิเนียมกระป๋องโค้ก,52.0,2021-08-20,296.4549613,296.2903748,505.57,113.69
อลูมิเนียมกระป๋องโค้ก,52.0,2021-08-21,296.4549613,296.2903748,505.57,113.69
อลูมิเนียมกระป๋องโค้ก,52.0,2021-08-23,296.4549613,296.2903748,505.57,113.69
อลูมิเนียมกระป๋องโค้ก,52.0,2021-08-24,296.4549613,296.2903748,505.57,113.69
อลูมิเนียมกระป๋องโค้ก,52.0,2021-08-25,296.4549613,296.2903748,505.57,113.69
อลูมิเนียมกระป๋องโค้ก,52.0,2021-08-26,296.4549613,296.2903748,505.57,113.69
อลูมิเนียมกระป๋องโค้ก,52.0,2021-08-27,296.4549613,296.2903748,505.57,113.69
อลูมิเนียมกระป๋องโค้ก,52.0,2021-08-30,296.4549613,296.2903748,505.57,113.69
อลูมิเนียมกระป๋องโค้ก,52.0,2021-08-31,296.4549613,296.2903748,505.57,113.69
อลูมิเนียมกระป๋องโค้ก,52.0,2021-09-01,296.4549613,296.2903748,505.57,113.69
อลูมิเนียมกระป๋องโค้ก,52.0,2021-09-02,296.4549613,296.2903748,505.57,113.69
อลูมิเนียมกระป๋องโค้ก,52.0,2021-09-03,296.4549613,296.2903748,505.57,113.69
อลูมิเนียมกระป๋องโค้ก,54.0,2021-09-04,296.4549613,296.2903748,505.57,113.69
อลูมิเนียมกระป๋องโค้ก,54.0,2021-09-06,296.4549613,296.2903748,505.57,113.69
อลูมิเนียมกระป๋องโค้ก,54.0,2021-09-07,296.4549613,296.2903748,505.57,113.69
อลูมิเนียมกระป๋องโค้ก,54.0,2021-09-08,296.4549613,296.2903748,505.57,113.69
อลูมิเนียมกระป๋องโค้ก,54.0,2021-09-09,296.4549613,296.2903748,505.57,113.69
อลูมิเนียมกระป๋องโค้ก,55.0,2021-09-10,296.4549613,296.2903748,505.57,113.69
อลูมิเนียมกระป๋องโค้ก,55.0,2021-09-11,296.4549613,296.2903748,505.57,113.69
อลูมิเนียมกระป๋องโค้ก,58.0,2021-09-12,296.4549613,296.2903748,505.57,113.69
อลูมิเนียมกระป๋องโค้ก,58.0,2021-09-13,296.4549613,296.2903748,505.57,113.69
อลูมิเนียมกระป๋องโค้ก,58.0,2021-09-15,296.4549613,296.2903748,505.57,113.69
อลูมิเนียมกระป๋องโค้ก,58.0,2021-09-16,296.4549613,296.2903748,505.57,113.69
อลูมิเนียมกระป๋องโค้ก,59.0,2021-09-17,296.4549613,296.2903748,505.57,113.69
อลูมิเนียมกระป๋องโค้ก,59.0,2021-09-18,296.4549613,296.2903748,505.57,113.69
อลูมิเนียมกระป๋องโค้ก,59.0,2021-09-20,296.4549613,296.2903748,505.57,113.69
อลูมิเนียมกระป๋องโค้ก,59.0,2021-09-21,296.4549613,296.2903748,505.57,113.69
อลูมิเนียมกระป๋องโค้ก,59.0,2021-09-22,296.4549613,296.2903748,505.57,113.69
อลูมิเนียมกระป๋องโค้ก,59.0,2021-09-23,296.4549613,296.2903748,505.57,113.69
อลูมิเนียมกระป๋องโค้ก,59.0,2021-09-24,296.4549613,296.2903748,505.57,113.69
อลูมิเนียมกระป๋องโค้ก,61.0,2021-09-25,296.4549613,296.2903748,505.57,113.69
อลูมิเนียมกระป๋องโค้ก,61.0,2021-09-26,296.4549613,296.2903748,505.57,113.69
อลูมิเนียมกระป๋องโค้ก,61.0,2021-09-27,296.4549613,296.2903748,505.57,113.69
อลูมิเนียมกระป๋องโค้ก,61.0,2021-09-30,296.4549613,296.2903748,505.57,113.69
อลูมิเนียมกระป๋องโค้ก,61.0,2021-10-01,296.4549613,296.2903748,505.57,113.69
อลูมิเนียมกระป๋องโค้ก,61.0,2021-10-03,296.4549613,296.2903748,505.57,113.69
อลูมิเนียมกระป๋องโค้ก,61.0,2021-10-04,296.4549613,296.2903748,505.57,113.69
อลูมิเนียมกระป๋องโค้ก,61.0,2021-10-06,296.4549613,296.2903748,505.57,113.69
อลูมิเนียมกระป๋องโค้ก,61.0,2021-10-07,296.4549613,296.2903748,505.57,113.69
อลูมิเนียมกระป๋องโค้ก,61.0,2021-10-08,296.4549613,296.2903748,505.57,113.69
อลูมิเนียมกระป๋องโค้ก,61.0,2021-10-10,296.4549613,296.2903748,505.57,113.69
อลูมิเนียมกระป๋องโค้ก,61.0,2021-10-12,296.4549613,296.2903748,505.57,113.69
อลูมิเนียมกระป๋องโค้ก,61.0,2021-10-13,296.4549613,296.2903748,505.57,113.69
อลูมิเนียมกระป๋องโค้ก,63.0,2021-10-14,296.4549613,296.2903748,505.57,113.69
อลูมิเนียมกระป๋องโค้ก,63.0,2021-10-15,296.4549613,296.2903748,505.57,113.69
อลูมิเนียมกระป๋องโค้ก,63.0,2021-10-16,296.4549613,296.2903748,505.57,113.69
อลูมิเนียมกระป๋องโค้ก,65.0,2021-10-17,296.4549613,296.2903748,505.57,113.69
อลูมิเนียมกระป๋องโค้ก,65.0,2021-10-18,296.4549613,296.2903748,505.57,113.69
อลูมิเนียมกระป๋องโค้ก,61.0,2021-10-19,296.4549613,296.2903748,505.57,113.69
อลูมิเนียมกระป๋องโค้ก,61.0,2021-10-20,296.4549613,296.2903748,505.57,113.69
อลูมิเนียมกระป๋องโค้ก,61.0,2021-10-21,296.4549613,296.2903748,505.57,113.69
อลูมิเนียมกระป๋องโค้ก,61.0,2021-10-22,296.4549613,296.2903748,505.57,113.69
อลูมิเนียมกระป๋องโค้ก,61.0,2021-10-23,296.4549613,296.2903748,505.57,113.69
อลูมิเนียมกระป๋องโค้ก,61.0,2021-10-24,296.4549613,296.2903748,505.57,113.69
อลูมิเนียมกระป๋องโค้ก,61.0,2021-10-25,296.4549613,296.2903748,505.57,113.69
อลูมิเนียมกระป๋องโค้ก,60.0,2021-10-26,296.4549613,296.2903748,505.57,113.69
อลูมิเนียมกระป๋องโค้ก,60.0,2021-10-27,296.4549613,296.2903748,505.57,113.69
อลูมิเนียมกระป๋องโค้ก,58.0,2021-10-28,296.4549613,296.2903748,505.57,113.69
อลูมิเนียมกระป๋องโค้ก,56.0,2021-10-31,296.4549613,296.2903748,505.57,113.69
อลูมิเนียมกระป๋องโค้ก,53.0,2021-11-01,296.4549613,296.2903748,505.57,113.69
อลูมิเนียมกระป๋องโค้ก,53.0,2021-11-02,296.4549613,296.2903748,505.57,113.69
อลูมิเนียมกระป๋องโค้ก,53.0,2021-11-03,296.4549613,296.2903748,505.57,113.69
อลูมิเนียมกระป๋องโค้ก,53.0,2021-11-04,296.4549613,296.2903748,505.57,113.69
อลูมิเนียมกระป๋องโค้ก,50.0,2021-11-05,296.4549613,296.2903748,505.57,113.69
อลูมิเนียมกระป๋องโค้ก,50.0,2021-11-06,296.4549613,296.2903748,505.57,113.69
อลูมิเนียมกระป๋องโค้ก,50.0,2021-11-07,296.4549613,296.2903748,505.57,113.69
อลูมิเนียมกระป๋องโค้ก,50.0,2021-11-08,296.4549613,296.2903748,505.57,113.69
อลูมิเนียมกระป๋องโค้ก,45.0,2021-11-09,296.4549613,296.2903748,505.57,113.69
อลูมิเนียมกระป๋องโค้ก,45.0,2021-11-10,296.4549613,296.2903748,505.57,113.69
อลูมิเนียมกระป๋องโค้ก,45.0,2021-11-11,296.4549613,296.2903748,505.57,113.69
อลูมิเนียมกระป๋องโค้ก,50.0,2021-11-12,296.4549613,296.2903748,505.57,113.69
อลูมิเนียมกระป๋องโค้ก,50.0,2021-11-13,296.4549613,296.2903748,505.57,113.69
อลูมิเนียมกระป๋องโค้ก,50.0,2021-11-14,296.4549613,296.2903748,505.57,113.69
อลูมิเนียมกระป๋องโค้ก,50.0,2021-11-15,296.4549613,296.2903748,505.57,113.69
อลูมิเนียมกระป๋องโค้ก,49.0,2021-11-16,296.4549613,296.2903748,505.57,113.69
อลูมิเนียมกระป๋องโค้ก,49.0,2021-11-17,296.4549613,296.2903748,505.57,113.69
อลูมิเนียมกระป๋องโค้ก,49.0,2021-11-18,296.4549613,296.2903748,505.57,113.69
อลูมิเนียมกระป๋องโค้ก,49.0,2021-11-20,296.4549613,296.2903748,505.57,113.69
อลูมิเนียมกระป๋องโค้ก,49.0,2021-11-21,296.4549613,296.2903748,505.57,113.69
อลูมิเนียมกระป๋องโค้ก,49.0,2021-11-22,296.4549613,296.2903748,505.57,113.69
อลูมิเนียมกระป๋องโค้ก,49.0,2021-11-23,296.4549613,296.2903748,505.57,113.69
อลูมิเนียมกระป๋องโค้ก,49.0,2021-11-24,296.4549613,296.2903748,505.57,113.69
อลูมิเนียมกระป๋องโค้ก,51.0,2021-11-25,296.4549613,296.2903748,505.57,113.69
อลูมิเนียมกระป๋องโค้ก,51.0,2021-11-26,296.4549613,296.2903748,505.57,113.69
อลูมิเนียมกระป๋องโค้ก,51.0,2021-11-27,296.4549613,296.2903748,505.57,113.69
อลูมิเนียมกระป๋องโค้ก,50.0,2021-11-28,296.4549613,296.2903748,505.57,113.69
อลูมิเนียมกระป๋องโค้ก,50.0,2021-11-30,296.4549613,296.2903748,505.57,113.69
อลูมิเนียมกระป๋องโค้ก,50.0,2021-12-01,296.4549613,296.2903748,505.57,113.69
อลูมิเนียมกระป๋องโค้ก,50.0,2021-12-02,296.4549613,296.2903748,505.57,113.69
อลูมิเนียมกระป๋องโค้ก,50.0,2021-12-03,296.4549613,296.2903748,505.57,113.69
อลูมิเนียมกระป๋องโค้ก,50.0,2021-12-04,296.4549613,296.2903748,505.57,113.69
อลูมิเนียมกระป๋องโค้ก,50.0,2021-12-05,296.4549613,296.2903748,505.57,113.69
อลูมิเนียมกระป๋องโค้ก,50.0,2021-12-07,296.4549613,296.2903748,505.57,113.69
อลูมิเนียมกระป๋องโค้ก,50.0,2021-12-10,296.4549613,296.2903748,505.57,113.69
อลูมิเนียมกระป๋องโค้ก,50.0,2021-12-11,296.4549613,296.2903748,505.57,113.69
อลูมิเนียมกระป๋องโค้ก,50.0,2021-12-12,296.4549613,296.2903748,505.57,113.69
อลูมิเนียมกระป๋องโค้ก,50.0,2021-12-14,296.4549613,296.2903748,505.57,113.69
อลูมิเนียมกระป๋องโค้ก,50.0,2021-12-15,296.4549613,296.2903748,505.57,113.69
อลูมิเนียมกระป๋องโค้ก,50.0,2021-12-16,296.4549613,296.2903748,505.57,113.69
อลูมิเนียมกระป๋องโค้ก,50.0,2021-12-20,296.4549613,296.2903748,505.57,113.69
อลูมิเนียมกระป๋องโค้ก,50.0,2021-12-21,296.4549613,296.2903748,505.57,113.69
อลูมิเนียมกระป๋องโค้ก,50.0,2021-12-23,296.4549613,296.2903748,505.57,113.69
อลูมิเนียมกระป๋องโค้ก,50.0,2021-12-24,296.4549613,296.2903748,505.57,113.69
อลูมิเนียมกระป๋องโค้ก,50.0,2021-12-25,296.4549613,296.2903748,505.57,113.69
อลูมิเนียมกระป๋องโค้ก,50.0,2021-12-28,296.4549613,296.2903748,505.57,113.69
อลูมิเนียมกระป๋องโค้ก,51.0,2021-12-29,296.4549613,296.2903748,505.57,113.69
อลูมิเนียมกระป๋องโค้ก,51.0,2022-01-05,325.8599264,337.4676653,495.42,120.6
อลูมิเนียมกระป๋องโค้ก,53.0,2022-01-06,325.8599264,337.4676653,495.42,120.6
อลูมิเนียมกระป๋องโค้ก,53.0,2022-01-08,325.8599264,337.4676653,495.42,120.6
อลูมิเนียมกระป๋องโค้ก,54.0,2022-01-09,325.8599264,337.4676653,495.42,120.6
อลูมิเนียมกระป๋องโค้ก,54.0,2022-01-10,325.8599264,337.4676653,495.42,120.6
อลูมิเนียมกระป๋องโค้ก,54.0,2022-01-11,325.8599264,337.4676653,495.42,120.6
อลูมิเนียมกระป๋องโค้ก,54.0,2022-01-12,325.8599264,337.4676653,495.42,120.6
อลูมิเนียมกระป๋องโค้ก,54.0,2022-01-13,325.8599264,337.4676653,495.42,120.6
อลูมิเนียมกระป๋องโค้ก,54.0,2022-01-14,325.8599264,337.4676653,495.42,120.6
อลูมิเนียมกระป๋องโค้ก,54.0,2022-01-15,325.8599264,337.4676653,495.42,120.6
อลูมิเนียมกระป๋องโค้ก,54.0,2022-01-17,325.8599264,337.4676653,495.42,120.6
อลูมิเนียมกระป๋องโค้ก,54.0,2022-01-18,325.8599264,337.4676653,495.42,120.6
อลูมิเนียมกระป๋องโค้ก,54.0,2022-01-19,325.8599264,337.4676653,495.42,120.6
อลูมิเนียมกระป๋องโค้ก,54.0,2022-01-20,325.8599264,337.4676653,495.42,120.6
อลูมิเนียมกระป๋องโค้ก,55.0,2022-01-21,325.8599264,337.4676653,495.42,120.6
อลูมิเนียมกระป๋องโค้ก,55.0,2022-01-22,325.8599264,337.4676653,495.42,120.6
อลูมิเนียมกระป๋องโค้ก,55.0,2022-01-24,325.8599264,337.4676653,495.42,120.6
อลูมิเนียมกระป๋องโค้ก,55.0,2022-01-25,325.8599264,337.4676653,495.42,120.6
อลูมิเนียมกระป๋องโค้ก,55.0,2022-01-26,325.8599264,337.4676653,495.42,120.6
อลูมิเนียมกระป๋องโค้ก,55.0,2022-01-27,325.8599264,337.4676653,495.42,120.6
อลูมิเนียมกระป๋องโค้ก,55.0,2022-01-28,325.8599264,337.4676653,495.42,120.6
อลูมิเนียมกระป๋องโค้ก,55.0,2022-01-29,325.8599264,337.4676653,495.42,120.6
อลูมิเนียมกระป๋องโค้ก,55.0,2022-01-31,325.8599264,337.4676653,495.42,120.6
อลูมิเนียมกระป๋องโค้ก,55.0,2022-02-04,325.8599264,337.4676653,495.42,120.6
อลูมิเนียมกระป๋องโค้ก,55.0,2022-02-05,325.8599264,337.4676653,495.42,120.6
อลูมิเนียมกระป๋องโค้ก,55.0,2022-02-06,325.8599264,337.4676653,495.42,120.6
อลูมิเนียมกระป๋องโค้ก,55.0,2022-02-07,325.8599264,337.4676653,495.42,120.6
อลูมิเนียมกระป๋องโค้ก,55.0,2022-02-08,325.8599264,337.4676653,495.42,120.6
อลูมิเนียมกระป๋องโค้ก,55.0,2022-02-09,325.8599264,337.4676653,495.42,120.6
อลูมิเนียมกระป๋องโค้ก,55.0,2022-02-10,325.8599264,337.4676653,495.42,120.6
อลูมิเนียมกระป๋องโค้ก,55.0,2022-02-11,325.8599264,337.4676653,495.42,120.6
อลูมิเนียมกระป๋องโค้ก,57.0,2022-02-12,325.8599264,337.4676653,495.42,120.6
อลูมิเนียมกระป๋องโค้ก,57.0,2022-02-15,325.8599264,337.4676653,495.42,120.6
อลูมิเนียมกระป๋องโค้ก,57.0,2022-02-16,325.8599264,337.4676653,495.42,120.6
อลูมิเนียมกระป๋องโค้ก,57.0,2022-02-17,325.8599264,337.4676653,495.42,120.6
อลูมิเนียมกระป๋องโค้ก,57.0,2022-02-18,325.8599264,337.4676653,495.42,120.6
อลูมิเนียมกระป๋องโค้ก,57.0,2022-02-23,325.8599264,337.4676653,495.42,120.6
อลูมิเนียมกระป๋องโค้ก,59.0,2022-02-24,325.8599264,337.4676653,495.42,120.6
อลูมิเนียมกระป๋องโค้ก,59.0,2022-02-27,325.8599264,337.4676653,495.42,120.6
อลูมิเนียมกระป๋องโค้ก,59.0,2022-02-28,325.8599264,337.4676653,495.42,120.6
อลูมิเนียมกระป๋องโค้ก,59.0,2022-03-01,325.8599264,337.4676653,495.42,120.6
อลูมิเนียมกระป๋องโค้ก,59.0,2022-03-03,325.8599264,337.4676653,495.42,120.6
อลูมิเนียมกระป๋องโค้ก,59.0,2022-03-04,325.8599264,337.4676653,495.42,120.6
อลูมิเนียมกระป๋องโค้ก,60.0,2022-03-05,325.8599264,337.4676653,495.42,120.6
อลูมิเนียมกระป๋องโค้ก,60.0,2022-03-06,325.8599264,337.4676653,495.42,120.6
อลูมิเนียมกระป๋องโค้ก,60.0,2022-03-08,325.8599264,337.4676653,495.42,120.6
อลูมิเนียมกระป๋องโค้ก,60.0,2022-03-10,325.8599264,337.4676653,495.42,120.6
อลูมิเนียมกระป๋องโค้ก,60.0,2022-03-13,325.8599264,337.4676653,495.42,120.6
อลูมิเนียมกระป๋องโค้ก,60.0,2022-03-14,325.8599264,337.4676653,495.42,120.6
อลูมิเนียมกระป๋องโค้ก,57.0,2022-03-15,325.8599264,337.4676653,495.42,120.6
อลูมิเนียมกระป๋องโค้ก,57.0,2022-03-17,325.8599264,337.4676653,495.42,120.6
อลูมิเนียมกระป๋องโค้ก,57.0,2022-03-18,325.8599264,337.4676653,495.42,120.6
อลูมิเนียมกระป๋องโค้ก,57.0,2022-03-19,325.8599264,337.4676653,495.42,120.6
อลูมิเนียมกระป๋องโค้ก,59.0,2022-03-20,325.8599264,337.4676653,495.42,120.6
อลูมิเนียมกระป๋องโค้ก,59.0,2022-03-21,325.8599264,337.4676653,495.42,120.6
อลูมิเนียมกระป๋องโค้ก,59.0,2022-03-22,325.8599264,337.4676653,495.42,120.6
อลูมิเนียมกระป๋องโค้ก,61.0,2022-03-23,325.8599264,337.4676653,495.42,120.6
อลูมิเนียมกระป๋องโค้ก,61.0,2022-03-24,325.8599264,337.4676653,495.42,120.6
อลูมิเนียมกระป๋องโค้ก,61.0,2022-03-29,325.8599264,337.4676653,495.42,120.6
อลูมิเนียมกระป๋องโค้ก,61.0,2022-03-30,325.8599264,337.4676653,495.42,120.6
อลูมิเนียมกระป๋องโค้ก,61.0,2022-03-31,325.8599264,337.4676653,495.42,120.6
อลูมิเนียมกระป๋องโค้ก,61.0,2022-04-01,325.8599264,337.4676653,495.42,120.6
อลูมิเนียมกระป๋องโค้ก,64.0,2022-04-02,325.8599264,337.4676653,495.42,120.6
อลูมิเนียมกระป๋องโค้ก,64.0,2022-04-04,325.8599264,337.4676653,495.42,120.6
อลูมิเนียมกระป๋องโค้ก,64.0,2022-04-05,325.8599264,337.4676653,495.42,120.6
อลูมิเนียมกระป๋องโค้ก,64.0,2022-04-06,325.8599264,337.4676653,495.42,120.6
อลูมิเนียมกระป๋องโค้ก,61.0,2022-04-11,325.8599264,337.4676653,495.42,120.6
อลูมิเนียมกระป๋องโค้ก,61.0,2022-04-19,325.8599264,337.4676653,495.42,120.6
อลูมิเนียมกระป๋องโค้ก,60.0,2022-04-20,325.8599264,337.4676653,495.42,120.6
อลูมิเนียมกระป๋องโค้ก,60.0,2022-04-21,325.8599264,337.4676653,495.42,120.6
อลูมิเนียมกระป๋องโค้ก,59.0,2022-04-23,325.8599264,337.4676653,495.42,120.6
อลูมิเนียมกระป๋องโค้ก,59.0,2022-04-24,325.8599264,337.4676653,495.42,120.6
อลูมิเนียมกระป๋องโค้ก,59.0,2022-04-25,325.8599264,337.4676653,495.42,120.6
อลูมิเนียมกระป๋องโค้ก,59.0,2022-04-26,325.8599264,337.4676653,495.42,120.6
อลูมิเนียมกระป๋องโค้ก,59.0,2022-04-27,325.8599264,337.4676653,495.42,120.6
อลูมิเนียมกระป๋องโค้ก,54.0,2022-05-07,325.8599264,337.4676653,495.42,120.6
อลูมิเนียมกระป๋องโค้ก,54.0,2022-05-08,325.8599264,337.4676653,495.42,120.6
อลูมิเนียมกระป๋องโค้ก,53.0,2022-05-09,325.8599264,337.4676653,495.42,120.6
อลูมิเนียมกระป๋องโค้ก,53.0,2022-05-10,325.8599264,337.4676653,495.42,120.6
อลูมิเนียมกระป๋องโค้ก,53.0,2022-05-11,325.8599264,337.4676653,495.42,120.6
อลูมิเนียมกระป๋องโค้ก,52.0,2022-05-12,325.8599264,337.4676653,495.42,120.6
อลูมิเนียมกระป๋องโค้ก,51.0,2022-05-13,325.8599264,337.4676653,495.42,120.6
อลูมิเนียมกระป๋องโค้ก,51.0,2022-05-14,325.8599264,337.4676653,495.42,120.6
อลูมิเนียมกระป๋องโค้ก,51.0,2022-05-15,325.8599264,337.4676653,495.42,120.6
อลูมิเนียมกระป๋องโค้ก,51.0,2022-05-16,325.8599264,337.4676653,495.42,120.6
อลูมิเนียมกระป๋องโค้ก,53.0,2022-05-17,325.8599264,337.4676653,495.42,120.6
อลูมิเนียมกระป๋องโค้ก,53.0,2022-05-18,325.8599264,337.4676653,495.42,120.6
อลูมิเนียมกระป๋องโค้ก,53.0,2022-05-19,325.8599264,337.4676653,495.42,120.6
อลูมิเนียมกระป๋องโค้ก,53.0,2022-05-20,325.8599264,337.4676653,495.42,120.6
อลูมิเนียมกระป๋องโค้ก,53.0,2022-05-21,325.8599264,337.4676653,495.42,120.6
อลูมิเนียมกระป๋องโค้ก,55.0,2022-05-22,325.8599264,337.4676653,495.42,120.6
อลูมิเนียมกระป๋องโค้ก,55.0,2022-05-23,325.8599264,337.4676653,495.42,120.6
อลูมิเนียมกระป๋องโค้ก,55.0,2022-05-24,325.8599264,337.4676653,495.42,120.6
อลูมิเนียมกระป๋องโค้ก,55.0,2022-05-25,325.8599264,337.4676653,495.42,120.6
อลูมิเนียมกระป๋องโค้ก,55.0,2022-05-26,325.8599264,337.4676653,495.42,120.6
อลูมิเนียมกระป๋องโค้ก,55.0,2022-05-27,325.8599264,337.4676653,495.42,120.6
อลูมิเนียมกระป๋องโค้ก,55.0,2022-05-28,325.8599264,337.4676653,495.42,120.6
อลูมิเนียมกระป๋องโค้ก,55.0,2022-05-29,325.8599264,337.4676653,495.42,120.6
อลูมิเนียมกระป๋องโค้ก,55.0,2022-05-30,325.8599264,337.4676653,495.42,120.6
อลูมิเนียมกระป๋องโค้ก,55.0,2022-05-31,325.8599264,337.4676653,495.42,120.6
อลูมิเนียมกระป๋องโค้ก,55.0,2022-06-01,325.8599264,337.4676653,495.42,120.6
อลูมิเนียมกระป๋องโค้ก,52.0,2022-06-02,325.8599264,337.4676653,495.42,120.6
อลูมิเนียมกระป๋องโค้ก,52.0,2022-06-03,325.8599264,337.4676653,495.42,120.6
อลูมิเนียมกระป๋องโค้ก,52.0,2022-06-06,325.8599264,337.4676653,495.42,120.6
อลูมิเนียมกระป๋องโค้ก,53.0,2022-06-07,325.8599264,337.4676653,495.42,120.6
อลูมิเนียมกระป๋องโค้ก,53.0,2022-06-08,325.8599264,337.4676653,495.42,120.6
อลูมิเนียมกระป๋องโค้ก,53.0,2022-06-09,325.8599264,337.4676653,495.42,120.6
อลูมิเนียมกระป๋องโค้ก,53.0,2022-06-10,325.8599264,337.4676653,495.42,120.6
อลูมิเนียมกระป๋องโค้ก,53.0,2022-06-12,325.8599264,337.4676653,495.42,120.6
อลูมิเนียมกระป๋องโค้ก,51.0,2022-06-13,325.8599264,337.4676653,495.42,120.6
อลูมิเนียมกระป๋องโค้ก,51.0,2022-06-15,325.8599264,337.4676653,495.42,120.6
อลูมิเนียมกระป๋องโค้ก,50.0,2022-06-16,325.8599264,337.4676653,495.42,120.6
อลูมิเนียมกระป๋องโค้ก,50.0,2022-06-17,325.8599264,337.4676653,495.42,120.6
อลูมิเนียมกระป๋องโค้ก,48.0,2022-06-18,325.8599264,337.4676653,495.42,120.6
อลูมิเนียมกระป๋องโค้ก,48.0,2022-06-20,325.8599264,337.4676653,495.42,120.6
อลูมิเนียมกระป๋องโค้ก,48.0,2022-06-21,325.8599264,337.4676653,495.42,120.6
อลูมิเนียมกระป๋องโค้ก,49.0,2022-06-22,325.8599264,337.4676653,495.42,120.6
อลูมิเนียมกระป๋องโค้ก,49.0,2022-06-23,325.8599264,337.4676653,495.42,120.6
อลูมิเนียมกระป๋องโค้ก,49.0,2022-06-24,325.8599264,337.4676653,495.42,120.6
อลูมิเนียมกระป๋องโค้ก,48.0,2022-06-25,325.8599264,337.4676653,495.42,120.6
อลูมิเนียมกระป๋องโค้ก,48.0,2022-06-27,325.8599264,337.4676653,495.42,120.6
อลูมิเนียมกระป๋องโค้ก,48.0,2022-06-28,325.8599264,337.4676653,495.42,120.6
อลูมิเนียมกระป๋องโค้ก,48.0,2022-06-29,325.8599264,337.4676653,495.42,120.6
อลูมิเนียมกระป๋องโค้ก,48.0,2022-06-30,325.8599264,337.4676653,495.42,120.6
อลูมิเนียมกระป๋องโค้ก,48.0,2022-07-01,325.8599264,337.4676653,495.42,120.6
อลูมิเนียมกระป๋องโค้ก,48.0,2022-07-02,325.8599264,337.4676653,495.42,120.6
อลูมิเนียมกระป๋องโค้ก,48.0,2022-07-03,325.8599264,337.4676653,495.42,120.6
อลูมิเนียมกระป๋องโค้ก,48.0,2022-07-04,325.8599264,337.4676653,495.42,120.6
อลูมิเนียมกระป๋องโค้ก,48.0,2022-07-05,325.8599264,337.4676653,495.42,120.6
อลูมิเนียมกระป๋องโค้ก,48.0,2022-07-06,325.8599264,337.4676653,495.42,120.6
อลูมิเนียมกระป๋องโค้ก,48.0,2022-07-07,325.8599264,337.4676653,495.42,120.6
อลูมิเนียมกระป๋องโค้ก,48.0,2022-07-08,325.8599264,337.4676653,495.42,120.6
อลูมิเนียมกระป๋องโค้ก,48.0,2022-07-09,325.8599264,337.4676653,495.42,120.6
อลูมิเนียมกระป๋องโค้ก,48.0,2022-07-11,325.8599264,337.4676653,495.42,120.6
อลูมิเนียมกระป๋องโค้ก,47.0,2022-07-12,325.8599264,337.4676653,495.42,120.6
อลูมิเนียมกระป๋องโค้ก,47.0,2022-07-13,325.8599264,337.4676653,495.42,120.6
อลูมิเนียมกระป๋องโค้ก,47.0,2022-07-15,325.8599264,337.4676653,495.42,120.6
อลูมิเนียมกระป๋องโค้ก,47.0,2022-07-16,325.8599264,337.4676653,495.42,120.6
อลูมิเนียมกระป๋องโค้ก,47.0,2022-07-18,325.8599264,337.4676653,495.42,120.6
อลูมิเนียมกระป๋องโค้ก,48.0,2022-07-19,325.8599264,337.4676653,495.42,120.6
อลูมิเนียมกระป๋องโค้ก,48.0,2022-07-20,325.8599264,337.4676653,495.42,120.6
อลูมิเนียมกระป๋องโค้ก,48.0,2022-07-22,325.8599264,337.4676653,495.42,120.6
อลูมิเนียมกระป๋องโค้ก,48.0,2022-07-23,325.8599264,337.4676653,495.42,120.6
อลูมิเนียมกระป๋องโค้ก,48.0,2022-07-25,325.8599264,337.4676653,495.42,120.6
อลูมิเนียมกระป๋องโค้ก,49.0,2022-07-26,325.8599264,337.4676653,495.42,120.6
อลูมิเนียมกระป๋องโค้ก,49.0,2022-07-27,325.8599264,337.4676653,495.42,120.6
อลูมิเนียมกระป๋องโค้ก,49.0,2022-07-28,325.8599264,337.4676653,495.42,120.6
อลูมิเนียมกระป๋องโค้ก,49.0,2022-07-29,325.8599264,337.4676653,495.42,120.6
อลูมิเนียมกระป๋องโค้ก,49.0,2022-07-30,325.8599264,337.4676653,495.42,120.6
อลูมิเนียมกระป๋องโค้ก,50.0,2022-07-31,325.8599264,337.4676653,495.42,120.6
อลูมิเนียมกระป๋องโค้ก,50.0,2022-08-01,325.8599264,337.4676653,495.42,120.6
อลูมิเนียมกระป๋องโค้ก,49.0,2022-08-02,325.8599264,337.4676653,495.42,120.6
อลูมิเนียมกระป๋องโค้ก,49.0,2022-08-03,325.8599264,337.4676653,495.42,120.6
อลูมิเนียมกระป๋องโค้ก,49.0,2022-08-04,325.8599264,337.4676653,495.42,120.6
อลูมิเนียมกระป๋องโค้ก,49.0,2022-08-05,325.8599264,337.4676653,495.42,120.6
อลูมิเนียมกระป๋องโค้ก,49.0,2022-08-06,325.8599264,337.4676653,495.42,120.6
อลูมิเนียมกระป๋องโค้ก,49.0,2022-08-08,325.8599264,337.4676653,495.42,120.6
อลูมิเนียมกระป๋องโค้ก,49.0,2022-08-09,325.8599264,337.4676653,495.42,120.6
อลูมิเนียมกระป๋องโค้ก,49.0,2022-08-10,325.8599264,337.4676653,495.42,120.6
อลูมิเนียมกระป๋องโค้ก,49.0,2022-08-11,325.8599264,337.4676653,495.42,120.6
อลูมิเนียมกระป๋องโค้ก,50.0,2022-08-12,325.8599264,337.4676653,495.42,120.6
อลูมิเนียมกระป๋องโค้ก,49.0,2022-08-13,325.8599264,337.4676653,495.42,120.6
อลูมิเนียมกระป๋องโค้ก,49.0,2022-08-15,325.8599264,337.4676653,495.42,120.6
อลูมิเนียมกระป๋องโค้ก,48.0,2022-08-16,325.8599264,337.4676653,495.42,120.6
อลูมิเนียมกระป๋องโค้ก,48.0,2022-08-17,325.8599264,337.4676653,495.42,120.6
อลูมิเนียมกระป๋องโค้ก,49.0,2022-08-18,325.8599264,337.4676653,495.42,120.6
อลูมิเนียมกระป๋องโค้ก,49.0,2022-08-19,325.8599264,337.4676653,495.42,120.6
อลูมิเนียมกระป๋องโค้ก,49.0,2022-08-20,325.8599264,337.4676653,495.42,120.6
อลูมิเนียมกระป๋องโค้ก,49.0,2022-08-21,325.8599264,337.4676653,495.42,120.6
อลูมิเนียมกระป๋องโค้ก,49.0,2022-08-22,325.8599264,337.4676653,495.42,120.6
อลูมิเนียมกระป๋องโค้ก,49.0,2022-08-23,325.8599264,337.4676653,495.42,120.6
อลูมิเนียมกระป๋องโค้ก,49.0,2022-08-25,325.8599264,337.4676653,495.42,120.6
อลูมิเนียมกระป๋องโค้ก,49.0,2022-08-26,325.8599264,337.4676653,495.42,120.6
อลูมิเนียมกระป๋องโค้ก,49.0,2022-08-27,325.8599264,337.4676653,495.42,120.6
อลูมิเนียมกระป๋องโค้ก,49.0,2022-08-29,325.8599264,337.4676653,495.42,120.6
อลูมิเนียมกระป๋องโค้ก,49.0,2022-08-30,325.8599264,337.4676653,495.42,120.6
อลูมิเนียมกระป๋องโค้ก,49.0,2022-08-31,325.8599264,337.4676653,495.42,120.6
อลูมิเนียมกระป๋องโค้ก,48.0,2022-09-01,325.8599264,337.4676653,495.42,120.6
อลูมิเนียมกระป๋องโค้ก,49.0,2022-09-02,325.8599264,337.4676653,495.42,120.6
อลูมิเนียมกระป๋องโค้ก,49.0,2022-09-03,325.8599264,337.4676653,495.42,120.6
อลูมิเนียมกระป๋องโค้ก,49.0,2022-09-04,325.8599264,337.4676653,495.42,120.6
อลูมิเนียมกระป๋องโค้ก,49.0,2022-09-05,325.8599264,337.4676653,495.42,120.6
อลูมิเนียมกระป๋องโค้ก,49.0,2022-09-06,325.8599264,337.4676653,495.42,120.6
อลูมิเนียมกระป๋องโค้ก,48.0,2022-09-08,325.8599264,337.4676653,495.42,120.6
อลูมิเนียมกระป๋องโค้ก,48.0,2022-09-09,325.8599264,337.4676653,495.42,120.6
อลูมิเนียมกระป๋องโค้ก,48.0,2022-09-10,325.8599264,337.4676653,495.42,120.6
อลูมิเนียมกระป๋องโค้ก,48.0,2022-09-12,325.8599264,337.4676653,495.42,120.6
อลูมิเนียมกระป๋องโค้ก,48.0,2022-09-13,325.8599264,337.4676653,495.42,120.6
อลูมิเนียมกระป๋องโค้ก,49.0,2022-09-14,325.8599264,337.4676653,495.42,120.6
อลูมิเนียมกระป๋องโค้ก,49.0,2022-09-15,325.8599264,337.4676653,495.42,120.6
อลูมิเนียมกระป๋องโค้ก,49.0,2022-09-17,325.8599264,337.4676653,495.42,120.6
อลูมิเนียมกระป๋องโค้ก,49.0,2022-09-18,325.8599264,337.4676653,495.42,120.6
อลูมิเนียมกระป๋องโค้ก,49.0,2022-09-20,325.8599264,337.4676653,495.42,120.6
อลูมิเนียมกระป๋องโค้ก,49.0,2022-09-21,325.8599264,337.4676653,495.42,120.6
อลูมิเนียมกระป๋องโค้ก,49.0,2022-09-22,325.8599264,337.4676653,495.42,120.6
อลูมิเนียมกระป๋องโค้ก,49.0,2022-09-23,325.8599264,337.4676653,495.42,120.6
อลูมิเนียมกระป๋องโค้ก,49.0,2022-09-24,325.8599264,337.4676653,495.42,120.6
อลูมิเนียมกระป๋องโค้ก,49.0,2022-09-27,325.8599264,337.4676653,495.42,120.6
อลูมิเนียมกระป๋องโค้ก,49.0,2022-09-28,325.8599264,337.4676653,495.42,120.6
อลูมิเนียมกระป๋องโค้ก,48.0,2022-09-29,325.8599264,337.4676653,495.42,120.6
อลูมิเนียมกระป๋องโค้ก,49.0,2022-09-30,325.8599264,337.4676653,495.42,120.6
อลูมิเนียมกระป๋องโค้ก,49.0,2022-10-01,325.8599264,337.4676653,495.42,120.6
อลูมิเนียมกระป๋องโค้ก,49.0,2022-10-03,325.8599264,337.4676653,495.42,120.6
อลูมิเนียมกระป๋องโค้ก,49.0,2022-10-04,325.8599264,337.4676653,495.42,120.6
อลูมิเนียมกระป๋องโค้ก,49.0,2022-10-06,325.8599264,337.4676653,495.42,120.6
อลูมิเนียมกระป๋องโค้ก,50.0,2022-10-07,325.8599264,337.4676653,495.42,120.6
อลูมิเนียมกระป๋องโค้ก,50.0,2022-10-08,325.8599264,337.4676653,495.42,120.6
อลูมิเนียมกระป๋องโค้ก,50.0,2022-10-10,325.8599264,337.4676653,495.42,120.6
อลูมิเนียมกระป๋องโค้ก,50.0,2022-10-11,325.8599264,337.4676653,495.42,120.6
อลูมิเนียมกระป๋องโค้ก,50.0,2022-10-12,325.8599264,337.4676653,495.42,120.6
อลูมิเนียมกระป๋องโค้ก,50.0,2022-10-14,325.8599264,337.4676653,495.42,120.6
อลูมิเนียมกระป๋องโค้ก,52.0,2022-10-15,325.8599264,337.4676653,495.42,120.6
อลูมิเนียมกระป๋องโค้ก,52.0,2022-10-16,325.8599264,337.4676653,495.42,120.6
อลูมิเนียมกระป๋องโค้ก,52.0,2022-10-17,325.8599264,337.4676653,495.42,120.6
อลูมิเนียมกระป๋องโค้ก,51.0,2022-10-18,325.8599264,337.4676653,495.42,120.6
อลูมิเนียมกระป๋องโค้ก,51.0,2022-10-19,325.8599264,337.4676653,495.42,120.6
อลูมิเนียมกระป๋องโค้ก,51.0,2022-10-20,325.8599264,337.4676653,495.42,120.6
อลูมิเนียมกระป๋องโค้ก,51.0,2022-10-21,325.8599264,337.4676653,495.42,120.6
อลูมิเนียมกระป๋องโค้ก,51.0,2022-10-24,325.8599264,337.4676653,495.42,120.6
อลูมิเนียมกระป๋องโค้ก,51.0,2022-10-25,325.8599264,337.4676653,495.42,120.6
อลูมิเนียมกระป๋องโค้ก,51.0,2022-10-26,325.8599264,337.4676653,495.42,120.6
อลูมิเนียมกระป๋องโค้ก,51.0,2022-10-27,325.8599264,337.4676653,495.42,120.6
อลูมิเนียมกระป๋องโค้ก,51.0,2022-10-28,325.8599264,337.4676653,495.42,120.6
อลูมิเนียมกระป๋องโค้ก,50.0,2022-10-29,325.8599264,337.4676653,495.42,120.6
อลูมิเนียมกระป๋องโค้ก,50.0,2022-10-30,325.8599264,337.4676653,495.42,120.6
อลูมิเนียมกระป๋องโค้ก,50.0,2022-10-31,325.8599264,337.4676653,495.42,120.6
อลูมิเนียมกระป๋องโค้ก,50.0,2022-11-01,325.8599264,337.4676653,495.42,120.6
อลูมิเนียมกระป๋องโค้ก,50.0,2022-11-02,325.8599264,337.4676653,495.42,120.6
อลูมิเนียมกระป๋องโค้ก,50.0,2022-11-03,325.8599264,337.4676653,495.42,120.6
อลูมิเนียมกระป๋องโค้ก,50.0,2022-11-04,325.8599264,337.4676653,495.42,120.6
อลูมิเนียมกระป๋องโค้ก,50.0,2022-11-05,325.8599264,337.4676653,495.42,120.6
อลูมิเนียมกระป๋องโค้ก,50.0,2022-11-06,325.8599264,337.4676653,495.42,120.6
อลูมิเนียมกระป๋องโค้ก,50.0,2022-11-07,325.8599264,337.4676653,495.42,120.6
อลูมิเนียมกระป๋องโค้ก,52.0,2022-11-08,325.8599264,337.4676653,495.42,120.6
อลูมิเนียมกระป๋องโค้ก,52.0,2022-11-09,325.8599264,337.4676653,495.42,120.6
อลูมิเนียมกระป๋องโค้ก,51.0,2022-11-10,325.8599264,337.4676653,495.42,120.6
อลูมิเนียมกระป๋องโค้ก,51.0,2022-11-11,325.8599264,337.4676653,495.42,120.6
อลูมิเนียมกระป๋องโค้ก,51.0,2022-11-12,325.8599264,337.4676653,495.42,120.6
อลูมิเนียมกระป๋องโค้ก,51.0,2022-11-14,325.8599264,337.4676653,495.42,120.6
อลูมิเนียมกระป๋องโค้ก,51.0,2022-11-15,325.8599264,337.4676653,495.42,120.6
อลูมิเนียมกระป๋องโค้ก,51.0,2022-11-16,325.8599264,337.4676653,495.42,120.6
อลูมิเนียมกระป๋องโค้ก,51.0,2022-11-17,325.8599264,337.4676653,495.42,120.6
อลูมิเนียมกระป๋องโค้ก,51.0,2022-11-18,325.8599264,337.4676653,495.42,120.6
อลูมิเนียมกระป๋องโค้ก,51.0,2022-11-19,325.8599264,337.4676653,495.42,120.6
อลูมิเนียมกระป๋องโค้ก,51.0,2022-11-20,325.8599264,337.4676653,495.42,120.6
อลูมิเนียมกระป๋องโค้ก,51.0,2022-11-21,325.8599264,337.4676653,495.42,120.6
อลูมิเนียมกระป๋องโค้ก,50.0,2022-11-23,325.8599264,337.4676653,495.42,120.6
อลูมิเนียมกระป๋องโค้ก,50.0,2022-11-25,325.8599264,337.4676653,495.42,120.6
อลูมิเนียมกระป๋องโค้ก,50.0,2022-11-28,325.8599264,337.4676653,495.42,120.6
อลูมิเนียมกระป๋องโค้ก,49.0,2022-11-29,325.8599264,337.4676653,495.42,120.6
อลูมิเนียมกระป๋องโค้ก,49.0,2022-12-01,325.8599264,337.4676653,495.42,120.6
อลูมิเนียมกระป๋องโค้ก,48.0,2022-12-02,325.8599264,337.4676653,495.42,120.6
อลูมิเนียมกระป๋องโค้ก,47.0,2022-12-07,325.8599264,337.4676653,495.42,120.6
อลูมิเนียมกระป๋องโค้ก,47.0,2022-12-08,325.8599264,337.4676653,495.42,120.6
อลูมิเนียมกระป๋องโค้ก,47.0,2022-12-12,325.8599264,337.4676653,495.42,120.6
อลูมิเนียมกระป๋องโค้ก,47.0,2022-12-13,325.8599264,337.4676653,495.42,120.6
อลูมิเนียมกระป๋องโค้ก,47.0,2022-12-17,325.8599264,337.4676653,495.42,120.6
อลูมิเนียมกระป๋องโค้ก,47.0,2022-12-20,325.8599264,337.4676653,495.42,120.6
อลูมิเนียมกระป๋องโค้ก,47.0,2022-12-22,325.8599264,337.4676653,495.42,120.6
อลูมิเนียมกระป๋องโค้ก,47.0,2022-12-23,325.8599264,337.4676653,495.42,120.6
อลูมิเนียมกระป๋องโค้ก,47.0,2022-12-28,325.8599264,337.4676653,495.42,120.6
อลูมิเนียมกระป๋องโค้ก,47.0,2022-12-30,325.8599264,337.4676653,495.42,120.6
อลูมิเนียมกระป๋องโค้ก,47.0,2023-01-02,260.98,282.54,512.19,106.96
อลูมิเนียมกระป๋องโค้ก,47.0,2023-01-03,260.98,282.54,512.19,106.96
อลูมิเนียมกระป๋องโค้ก,47.0,2023-01-05,260.98,282.54,512.19,106.96
อลูมิเนียมกระป๋องโค้ก,44.0,2023-01-06,260.98,282.54,512.19,106.96
อลูมิเนียมกระป๋องโค้ก,44.0,2023-01-07,260.98,282.54,512.19,106.96
อลูมิเนียมกระป๋องโค้ก,44.0,2023-01-09,260.98,282.54,512.19,106.96
อลูมิเนียมกระป๋องโค้ก,44.0,2023-01-10,260.98,282.54,512.19,106.96
อลูมิเนียมกระป๋องโค้ก,44.0,2023-01-12,260.98,282.54,512.19,106.96
อลูมิเนียมกระป๋องโค้ก,46.0,2023-01-13,260.98,282.54,512.19,106.96
อลูมิเนียมกระป๋องโค้ก,46.0,2023-01-16,260.98,282.54,512.19,106.96
อลูมิเนียมกระป๋องโค้ก,47.0,2023-01-17,260.98,282.54,512.19,106.96
อลูมิเนียมกระป๋องโค้ก,47.0,2023-01-18,260.98,282.54,512.19,106.96
อลูมิเนียมกระป๋องโค้ก,47.0,2023-01-19,260.98,282.54,512.19,106.96
อลูมิเนียมกระป๋องโค้ก,47.0,2023-01-20,260.98,282.54,512.19,106.96
อลูมิเนียมกระป๋องโค้ก,47.0,2023-01-21,260.98,282.54,512.19,106.96
อลูมิเนียมกระป๋องโค้ก,47.0,2023-01-23,260.98,282.54,512.19,106.96
อลูมิเนียมกระป๋องโค้ก,47.0,2023-01-24,260.98,282.54,512.19,106.96
อลูมิเนียมกระป๋องโค้ก,47.0,2023-01-25,260.98,282.54,512.19,106.96
อลูมิเนียมกระป๋องโค้ก,48.0,2023-01-26,260.98,282.54,512.19,106.96
อลูมิเนียมกระป๋องโค้ก,48.0,2023-01-27,260.98,282.54,512.19,106.96
อลูมิเนียมกระป๋องโค้ก,48.0,2023-01-28,260.98,282.54,512.19,106.96
อลูมิเนียมกระป๋องโค้ก,47.0,2023-01-31,260.98,282.54,512.19,106.96
อลูมิเนียมกระป๋องโค้ก,46.0,2023-02-01,260.98,282.54,512.19,106.96
อลูมิเนียมกระป๋องโค้ก,46.0,2023-02-02,260.98,282.54,512.19,106.96
อลูมิเนียมกระป๋องโค้ก,47.0,2023-02-03,260.98,282.54,512.19,106.96
อลูมิเนียมกระป๋องโค้ก,47.0,2023-02-04,260.98,282.54,512.19,106.96
อลูมิเนียมกระป๋องโค้ก,47.0,2023-02-05,260.98,282.54,512.19,106.96
อลูมิเนียมกระป๋องโค้ก,47.0,2023-02-06,260.98,282.54,512.19,106.96
อลูมิเนียมกระป๋องโค้ก,47.0,2023-02-07,260.98,282.54,512.19,106.96
อลูมิเนียมกระป๋องโค้ก,47.0,2023-02-08,260.98,282.54,512.19,106.96
อลูมิเนียมกระป๋องโค้ก,46.0,2023-02-09,260.98,282.54,512.19,106.96
อลูมิเนียมกระป๋องโค้ก,46.0,2023-02-11,260.98,282.54,512.19,106.96
อลูมิเนียมกระป๋องโค้ก,46.0,2023-02-12,260.98,282.54,512.19,106.96
อลูมิเนียมกระป๋องโค้ก,46.0,2023-02-13,260.98,282.54,512.19,106.96
อลูมิเนียมกระป๋องโค้ก,46.0,2023-02-14,260.98,282.54,512.19,106.96
อลูมิเนียมกระป๋องโค้ก,46.0,2023-02-16,260.98,282.54,512.19,106.96
อลูมิเนียมกระป๋องโค้ก,46.0,2023-02-17,260.98,282.54,512.19,106.96
อลูมิเนียมกระป๋องโค้ก,46.0,2023-02-18,260.98,282.54,512.19,106.96
อลูมิเนียมกระป๋องโค้ก,47.0,2023-02-21,260.98,282.54,512.19,106.96
อลูมิเนียมกระป๋องโค้ก,47.0,2023-02-22,260.98,282.54,512.19,106.96
อลูมิเนียมกระป๋องโค้ก,47.0,2023-02-23,260.98,282.54,512.19,106.96
อลูมิเนียมกระป๋องโค้ก,47.0,2023-02-24,260.98,282.54,512.19,106.96
อลูมิเนียมกระป๋องโค้ก,46.0,2023-02-25,260.98,282.54,512.19,106.96
อลูมิเนียมกระป๋องโค้ก,46.0,2023-02-26,260.98,282.54,512.19,106.96
อลูมิเนียมกระป๋องโค้ก,46.0,2023-03-01,260.98,282.54,512.19,106.96
อลูมิเนียมกระป๋องโค้ก,47.0,2023-03-02,260.98,282.54,512.19,106.96
อลูมิเนียมกระป๋องโค้ก,47.0,2023-03-03,260.98,282.54,512.19,106.96
อลูมิเนียมกระป๋องโค้ก,47.0,2023-03-04,260.98,282.54,512.19,106.96
อลูมิเนียมกระป๋องโค้ก,47.0,2023-03-05,260.98,282.54,512.19,106.96
อลูมิเนียมกระป๋องโค้ก,47.0,2023-03-07,260.98,282.54,512.19,106.96
อลูมิเนียมกระป๋องโค้ก,47.0,2023-03-08,260.98,282.54,512.19,106.96
อลูมิเนียมกระป๋องโค้ก,46.0,2023-03-09,260.98,282.54,512.19,106.96
อลูมิเนียมกระป๋องโค้ก,46.0,2023-03-10,260.98,282.54,512.19,106.96
อลูมิเนียมกระป๋องโค้ก,45.0,2023-03-11,260.98,282.54,512.19,106.96
อลูมิเนียมกระป๋องโค้ก,44.0,2023-03-13,260.98,282.54,512.19,106.96
อลูมิเนียมกระป๋องโค้ก,44.0,2023-03-14,260.98,282.54,512.19,106.96
อลูมิเนียมกระป๋องโค้ก,45.0,2023-03-15,260.98,282.54,512.19,106.96
อลูมิเนียมกระป๋องโค้ก,45.0,2023-03-16,260.98,282.54,512.19,106.96
อลูมิเนียมกระป๋องโค้ก,45.0,2023-03-17,260.98,282.54,512.19,106.96
อลูมิเนียมกระป๋องโค้ก,44.0,2023-03-18,260.98,282.54,512.19,106.96
อลูมิเนียมกระป๋องโค้ก,44.0,2023-03-19,260.98,282.54,512.19,106.96
อลูมิเนียมกระป๋องโค้ก,44.0,2023-03-21,260.98,282.54,512.19,106.96
อลูมิเนียมกระป๋องโค้ก,44.0,2023-03-23,260.98,282.54,512.19,106.96
อลูมิเนียมกระป๋องโค้ก,44.0,2023-03-24,260.98,282.54,512.19,106.96
อลูมิเนียมกระป๋องโค้ก,44.0,2023-03-25,260.98,282.54,512.19,106.96
อลูมิเนียมกระป๋องโค้ก,45.0,2023-03-26,260.98,282.54,512.19,106.96
อลูมิเนียมกระป๋องโค้ก,46.0,2023-03-28,260.98,282.54,512.19,106.96
อลูมิเนียมกระป๋องโค้ก,46.0,2023-03-29,260.98,282.54,512.19,106.96
อลูมิเนียมกระป๋องโค้ก,46.0,2023-03-30,260.98,282.54,512.19,106.96
อลูมิเนียมกระป๋องโค้ก,46.0,2023-03-31,260.98,282.54,512.19,106.96
อลูมิเนียมกระป๋องโค้ก,46.0,2023-04-01,260.98,282.54,512.19,106.96
อลูมิเนียมกระป๋องโค้ก,46.0,2023-04-03,260.98,282.54,512.19,106.96
อลูมิเนียมกระป๋องโค้ก,46.0,2023-04-04,260.98,282.54,512.19,106.96
อลูมิเนียมกระป๋องโค้ก,46.0,2023-04-05,260.98,282.54,512.19,106.96
อลูมิเนียมกระป๋องโค้ก,45.0,2023-04-06,260.98,282.54,512.19,106.96
อลูมิเนียมกระป๋องโค้ก,45.0,2023-04-07,260.98,282.54,512.19,106.96
อลูมิเนียมกระป๋องโค้ก,45.0,2023-04-08,260.98,282.54,512.19,106.96
อลูมิเนียมกระป๋องโค้ก,45.0,2023-04-09,260.98,282.54,512.19,106.96
อลูมิเนียมกระป๋องโค้ก,45.0,2023-04-11,260.98,282.54,512.19,106.96
อลูมิเนียมกระป๋องโค้ก,45.0,2023-04-17,260.98,282.54,512.19,106.96
อลูมิเนียมกระป๋องโค้ก,45.0,2023-04-20,260.98,282.54,512.19,106.96
อลูมิเนียมกระป๋องโค้ก,48.0,2023-04-21,260.98,282.54,512.19,106.96
อลูมิเนียมกระป๋องโค้ก,47.0,2023-04-22,260.98,282.54,512.19,106.96
อลูมิเนียมกระป๋องโค้ก,47.0,2023-04-24,260.98,282.54,512.19,106.96
อลูมิเนียมกระป๋องโค้ก,47.0,2023-04-25,260.98,282.54,512.19,106.96
อลูมิเนียมกระป๋องโค้ก,46.0,2023-04-26,260.98,282.54,512.19,106.96
อลูมิเนียมกระป๋องโค้ก,46.0,2023-04-27,260.98,282.54,512.19,106.96
อลูมิเนียมกระป๋องโค้ก,46.0,2023-04-29,260.98,282.54,512.19,106.96
อลูมิเนียมกระป๋องโค้ก,46.0,2023-04-30,260.98,282.54,512.19,106.96
อลูมิเนียมกระป๋องโค้ก,46.0,2023-05-02,260.98,282.54,512.19,106.96
อลูมิเนียมกระป๋องโค้ก,46.0,2023-05-03,260.98,282.54,512.19,106.96
อลูมิเนียมกระป๋องโค้ก,46.0,2023-05-04,260.98,282.54,512.19,106.96
อลูมิเนียมกระป๋องโค้ก,46.0,2023-05-05,260.98,282.54,512.19,106.96
อลูมิเนียมกระป๋องโค้ก,46.0,2023-05-06,260.98,282.54,512.19,106.96
อลูมิเนียมกระป๋องโค้ก,45.0,2023-05-10,260.98,282.54,512.19,106.96
อลูมิเนียมกระป๋องโค้ก,43.0,2023-05-11,260.98,282.54,512.19,106.96
อลูมิเนียมกระป๋องโค้ก,42.0,2023-05-12,260.98,282.54,512.19,106.96
อลูมิเนียมกระป๋องโค้ก,42.0,2023-05-13,260.98,282.54,512.19,106.96
อลูมิเนียมกระป๋องโค้ก,42.0,2023-05-16,260.98,282.54,512.19,106.96
อลูมิเนียมกระป๋องโค้ก,42.0,2023-05-17,260.98,282.54,512.19,106.96
อลูมิเนียมกระป๋องโค้ก,45.0,2023-05-18,260.98,282.54,512.19,106.96
อลูมิเนียมกระป๋องโค้ก,45.0,2023-05-22,260.98,282.54,512.19,106.96
อลูมิเนียมกระป๋องโค้ก,44.0,2023-05-24,260.98,282.54,512.19,106.96
อลูมิเนียมกระป๋องโค้ก,43.0,2023-05-25,260.98,282.54,512.19,106.96
อลูมิเนียมกระป๋องโค้ก,43.0,2023-05-27,260.98,282.54,512.19,106.96
อลูมิเนียมกระป๋องโค้ก,44.0,2023-05-28,260.98,282.54,512.19,106.96
อลูมิเนียมกระป๋องโค้ก,44.0,2023-05-29,260.98,282.54,512.19,106.96
อลูมิเนียมกระป๋องโค้ก,44.0,2023-05-30,260.98,282.54,512.19,106.96
อลูมิเนียมกระป๋องโค้ก,44.0,2023-05-31,260.98,282.54,512.19,106.96
อลูมิเนียมกระป๋องโค้ก,44.0,2023-06-01,260.98,282.54,512.19,106.96
อลูมิเนียมกระป๋องโค้ก,44.0,2023-06-03,260.98,282.54,512.19,106.96
อลูมิเนียมกระป๋องโค้ก,45.0,2023-06-04,260.98,282.54,512.19,106.96
อลูมิเนียมกระป๋องโค้ก,45.0,2023-06-06,260.98,282.54,512.19,106.96
อลูมิเนียมกระป๋องโค้ก,45.0,2023-06-07,260.98,282.54,512.19,106.96
อลูมิเนียมกระป๋องโค้ก,45.0,2023-06-08,260.98,282.54,512.19,106.96
อลูมิเนียมกระป๋องโค้ก,44.0,2023-06-09,260.98,282.54,512.19,106.96
อลูมิเนียมกระป๋องโค้ก,44.0,2023-06-11,260.98,282.54,512.19,106.96
อลูมิเนียมกระป๋องโค้ก,44.0,2023-06-12,260.98,282.54,512.19,106.96
อลูมิเนียมกระป๋องโค้ก,44.0,2023-06-13,260.98,282.54,512.19,106.96
อลูมิเนียมกระป๋องโค้ก,44.0,2023-06-14,260.98,282.54,512.19,106.96
อลูมิเนียมกระป๋องโค้ก,44.0,2023-06-15,260.98,282.54,512.19,106.96
อลูมิเนียมกระป๋องโค้ก,44.0,2023-06-17,260.98,282.54,512.19,106.96
อลูมิเนียมกระป๋องโค้ก,44.0,2023-06-19,260.98,282.54,512.19,106.96
อลูมิเนียมกระป๋องโค้ก,44.0,2023-06-20,260.98,282.54,512.19,106.96
อลูมิเนียมกระป๋องโค้ก,44.0,2023-06-21,260.98,282.54,512.19,106.96
อลูมิเนียมกระป๋องโค้ก,44.0,2023-06-22,260.98,282.54,512.19,106.96
อลูมิเนียมกระป๋องโค้ก,44.0,2023-06-23,260.98,282.54,512.19,106.96
อลูมิเนียมกระป๋องโค้ก,43.0,2023-06-24,260.98,282.54,512.19,106.96
อลูมิเนียมกระป๋องโค้ก,43.0,2023-06-25,260.98,282.54,512.19,106.96
อลูมิเนียมกระป๋องโค้ก,43.0,2023-06-27,260.98,282.54,512.19,106.96
อลูมิเนียมกระป๋องโค้ก,43.0,2023-06-28,260.98,282.54,512.19,106.96
อลูมิเนียมกระป๋องโค้ก,44.0,2023-06-29,260.98,282.54,512.19,106.96
อลูมิเนียมกระป๋องโค้ก,44.0,2023-06-30,260.98,282.54,512.19,106.96
อลูมิเนียมกระป๋องโค้ก,44.0,2023-07-01,260.98,282.54,512.19,106.96
อลูมิเนียมกระป๋องโค้ก,44.0,2023-07-03,260.98,282.54,512.19,106.96
อลูมิเนียมกระป๋องโค้ก,43.0,2023-07-04,260.98,282.54,512.19,106.96
อลูมิเนียมกระป๋องโค้ก,43.0,2023-07-05,260.98,282.54,512.19,106.96
อลูมิเนียมกระป๋องโค้ก,43.0,2023-07-06,260.98,282.54,512.19,106.96
อลูมิเนียมกระป๋องโค้ก,43.0,2023-07-07,260.98,282.54,512.19,106.96
อลูมิเนียมกระป๋องโค้ก,43.0,2023-07-08,260.98,282.54,512.19,106.96
อลูมิเนียมกระป๋องโค้ก,43.0,2023-07-10,260.98,282.54,512.19,106.96
อลูมิเนียมกระป๋องโค้ก,43.0,2023-07-11,260.98,282.54,512.19,106.96
อลูมิเนียมกระป๋องโค้ก,43.0,2023-07-12,260.98,282.54,512.19,106.96
อลูมิเนียมกระป๋องโค้ก,44.0,2023-07-13,260.98,282.54,512.19,106.96
อลูมิเนียมกระป๋องโค้ก,44.0,2023-07-16,260.98,282.54,512.19,106.96
อลูมิเนียมกระป๋องโค้ก,45.0,2023-07-17,260.98,282.54,512.19,106.96
อลูมิเนียมกระป๋องโค้ก,45.0,2023-07-18,260.98,282.54,512.19,106.96
อลูมิเนียมกระป๋องโค้ก,44.0,2023-07-19,260.98,282.54,512.19,106.96
อลูมิเนียมกระป๋องโค้ก,44.0,2023-07-20,260.98,282.54,512.19,106.96
อลูมิเนียมกระป๋องโค้ก,44.0,2023-07-21,260.98,282.54,512.19,106.96
อลูมิเนียมกระป๋องโค้ก,44.0,2023-07-25,260.98,282.54,512.19,106.96
อลูมิเนียมกระป๋องโค้ก,44.0,2023-07-26,260.98,282.54,512.19,106.96
อลูมิเนียมกระป๋องโค้ก,44.0,2023-07-27,260.98,282.54,512.19,106.96
อลูมิเนียมกระป๋องโค้ก,44.0,2023-07-28,260.98,282.54,512.19,106.96
อลูมิเนียมกระป๋องโค้ก,43.0,2023-07-29,260.98,282.54,512.19,106.96
อลูมิเนียมกระป๋องโค้ก,43.0,2023-07-31,260.98,282.54,512.19,106.96
อลูมิเนียมกระป๋องโค้ก,43.0,2023-08-03,260.98,282.54,512.19,106.96
อลูมิเนียมกระป๋องโค้ก,43.0,2023-08-04,260.98,282.54,512.19,106.96
อลูมิเนียมกระป๋องโค้ก,43.0,2023-08-05,260.98,282.54,512.19,106.96
อลูมิเนียมกระป๋องโค้ก,43.0,2023-08-07,260.98,282.54,512.19,106.96
อลูมิเนียมกระป๋องโค้ก,43.0,2023-08-09,260.98,282.54,512.19,106.96
อลูมิเนียมกระป๋องโค้ก,43.0,2023-08-10,260.98,282.54,512.19,106.96
อลูมิเนียมกระป๋องโค้ก,43.0,2023-08-12,260.98,282.54,512.19,106.96
อลูมิเนียมกระป๋องโค้ก,43.0,2023-08-13,260.98,282.54,512.19,106.96
อลูมิเนียมกระป๋องโค้ก,43.0,2023-08-16,260.98,282.54,512.19,106.96
อลูมิเนียมกระป๋องโค้ก,43.0,2023-08-17,260.98,282.54,512.19,106.96
อลูมิเนียมกระป๋องโค้ก,43.0,2023-08-18,260.98,282.54,512.19,106.96
อลูมิเนียมกระป๋องโค้ก,43.0,2023-08-19,260.98,282.54,512.19,106.96
อลูมิเนียมกระป๋องโค้ก,43.0,2023-08-20,260.98,282.54,512.19,106.96
อลูมิเนียมกระป๋องโค้ก,43.0,2023-08-21,260.98,282.54,512.19,106.96
อลูมิเนียมกระป๋องโค้ก,43.0,2023-08-23,260.98,282.54,512.19,106.96
อลูมิเนียมกระป๋องโค้ก,43.0,2023-08-24,260.98,282.54,512.19,106.96
อลูมิเนียมกระป๋องโค้ก,43.0,2023-08-25,260.98,282.54,512.19,106.96
อลูมิเนียมกระป๋องโค้ก,43.0,2023-08-26,260.98,282.54,512.19,106.96
อลูมิเนียมกระป๋องโค้ก,43.0,2023-08-28,260.98,282.54,512.19,106.96
อลูมิเนียมกระป๋องโค้ก,44.0,2023-08-29,260.98,282.54,512.19,106.96
อลูมิเนียมกระป๋องโค้ก,44.0,2023-08-30,260.98,282.54,512.19,106.96
อลูมิเนียมกระป๋องโค้ก,44.0,2023-08-31,260.98,282.54,512.19,106.96
อลูมิเนียมกระป๋องโค้ก,44.0,2023-09-01,260.98,282.54,512.19,106.96
อลูมิเนียมกระป๋องโค้ก,44.0,2023-09-02,260.98,282.54,512.19,106.96
อลูมิเนียมกระป๋องโค้ก,44.0,2023-09-05,260.98,282.54,512.19,106.96
อลูมิเนียมกระป๋องโค้ก,45.0,2023-09-06,260.98,282.54,512.19,106.96
อลูมิเนียมกระป๋องโค้ก,45.0,2023-09-07,260.98,282.54,512.19,106.96
อลูมิเนียมกระป๋องโค้ก,45.0,2023-09-08,260.98,282.54,512.19,106.96
อลูมิเนียมกระป๋องโค้ก,45.0,2023-09-09,260.98,282.54,512.19,106.96
อลูมิเนียมกระป๋องโค้ก,45.0,2023-09-12,260.98,282.54,512.19,106.96
อลูมิเนียมกระป๋องโค้ก,45.0,2023-09-14,260.98,282.54,512.19,106.96
อลูมิเนียมกระป๋องโค้ก,45.0,2023-09-15,260.98,282.54,512.19,106.96
อลูมิเนียมกระป๋องโค้ก,45.0,2023-09-16,260.98,282.54,512.19,106.96
อลูมิเนียมกระป๋องโค้ก,45.0,2023-09-18,260.98,282.54,512.19,106.96
อลูมิเนียมกระป๋องโค้ก,45.0,2023-09-19,260.98,282.54,512.19,106.96
อลูมิเนียมกระป๋องโค้ก,46.0,2023-09-20,260.98,282.54,512.19,106.96
อลูมิเนียมกระป๋องโค้ก,46.0,2023-09-21,260.98,282.54,512.19,106.96
อลูมิเนียมกระป๋องโค้ก,46.0,2023-09-22,260.98,282.54,512.19,106.96
อลูมิเนียมกระป๋องโค้ก,46.0,2023-09-23,260.98,282.54,512.19,106.96
อลูมิเนียมกระป๋องโค้ก,46.0,2023-09-24,260.98,282.54,512.19,106.96
อลูมิเนียมกระป๋องโค้ก,46.0,2023-09-25,260.98,282.54,512.19,106.96
อลูมิเนียมกระป๋องโค้ก,46.0,2023-09-26,260.98,282.54,512.19,106.96
อลูมิเนียมกระป๋องโค้ก,46.0,2023-09-27,260.98,282.54,512.19,106.96
อลูมิเนียมกระป๋องโค้ก,47.0,2023-09-28,260.98,282.54,512.19,106.96
อลูมิเนียมกระป๋องโค้ก,47.0,2023-09-30,260.98,282.54,512.19,106.96
อลูมิเนียมกระป๋องโค้ก,48.0,2023-10-01,260.98,282.54,512.19,106.96
อลูมิเนียมกระป๋องโค้ก,48.0,2023-10-02,260.98,282.54,512.19,106.96
อลูมิเนียมกระป๋องโค้ก,48.0,2023-10-03,260.98,282.54,512.19,106.96
อลูมิเนียมกระป๋องโค้ก,48.0,2023-10-04,260.98,282.54,512.19,106.96
อลูมิเนียมกระป๋องโค้ก,47.0,2023-10-05,260.98,282.54,512.19,106.96
อลูมิเนียมกระป๋องโค้ก,47.0,2023-10-07,260.98,282.54,512.19,106.96
อลูมิเนียมกระป๋องโค้ก,47.0,2023-10-08,260.98,282.54,512.19,106.96
อลูมิเนียมกระป๋องโค้ก,47.0,2023-10-09,260.98,282.54,512.19,106.96
อลูมิเนียมกระป๋องโค้ก,47.0,2023-10-10,260.98,282.54,512.19,106.96
อลูมิเนียมกระป๋องโค้ก,47.0,2023-10-11,260.98,282.54,512.19,106.96
อลูมิเนียมกระป๋องโค้ก,46.0,2023-10-12,260.98,282.54,512.19,106.96
อลูมิเนียมกระป๋องโค้ก,46.0,2023-10-13,260.98,282.54,512.19,106.96
อลูมิเนียมกระป๋องโค้ก,46.0,2023-10-14,260.98,282.54,512.19,106.96
อลูมิเนียมกระป๋องโค้ก,46.0,2023-10-16,260.98,282.54,512.19,106.96
อลูมิเนียมกระป๋องโค้ก,46.0,2023-10-17,260.98,282.54,512.19,106.96
อลูมิเนียมกระป๋องโค้ก,46.0,2023-10-18,260.98,282.54,512.19,106.96
อลูมิเนียมกระป๋องโค้ก,46.0,2023-10-19,260.98,282.54,512.19,106.96
อลูมิเนียมกระป๋องโค้ก,46.0,2023-10-20,260.98,282.54,512.19,106.96
อลูมิเนียมกระป๋องโค้ก,46.0,2023-10-23,260.98,282.54,512.19,106.96
อลูมิเนียมกระป๋องโค้ก,46.0,2023-10-24,260.98,282.54,512.19,106.96
อลูมิเนียมกระป๋องโค้ก,46.0,2023-10-25,260.98,282.54,512.19,106.96
อลูมิเนียมกระป๋องโค้ก,46.0,2023-10-26,260.98,282.54,512.19,106.96
อลูมิเนียมกระป๋องโค้ก,46.0,2023-10-27,260.98,282.54,512.19,106.96
อลูมิเนียมกระป๋องโค้ก,46.0,2023-10-28,260.98,282.54,512.19,106.96
อลูมิเนียมกระป๋องโค้ก,46.0,2023-10-30,260.98,282.54,512.19,106.96
อลูมิเนียมกระป๋องโค้ก,46.0,2023-10-31,260.98,282.54,512.19,106.96
อลูมิเนียมกระป๋องโค้ก,47.0,2023-11-01,260.98,282.54,512.19,106.96
อลูมิเนียมกระป๋องโค้ก,47.0,2023-11-02,260.98,282.54,512.19,106.96
อลูมิเนียมกระป๋องโค้ก,47.0,2023-11-04,260.98,282.54,512.19,106.96
อลูมิเนียมกระป๋องโค้ก,46.0,2023-11-06,260.98,282.54,512.19,106.96
อลูมิเนียมกระป๋องโค้ก,46.0,2023-11-07,260.98,282.54,512.19,106.96
อลูมิเนียมกระป๋องโค้ก,47.0,2023-11-08,260.98,282.54,512.19,106.96
อลูมิเนียมกระป๋องโค้ก,47.0,2023-11-09,260.98,282.54,512.19,106.96
อลูมิเนียมกระป๋องโค้ก,47.0,2023-11-10,260.98,282.54,512.19,106.96
อลูมิเนียมกระป๋องโค้ก,47.0,2023-11-11,260.98,282.54,512.19,106.96
อลูมิเนียมกระป๋องโค้ก,47.0,2023-11-13,260.98,282.54,512.19,106.96
อลูมิเนียมกระป๋องโค้ก,47.0,2023-11-14,260.98,282.54,512.19,106.96
อลูมิเนียมกระป๋องโค้ก,47.0,2023-11-15,260.98,282.54,512.19,106.96
อลูมิเนียมกระป๋องโค้ก,46.0,2023-11-16,260.98,282.54,512.19,106.96
อลูมิเนียมกระป๋องโค้ก,46.0,2023-11-17,260.98,282.54,512.19,106.96
อลูมิเนียมกระป๋องโค้ก,45.0,2023-11-18,260.98,282.54,512.19,106.96
อลูมิเนียมกระป๋องโค้ก,45.0,2023-11-20,260.98,282.54,512.19,106.96
อลูมิเนียมกระป๋องโค้ก,45.0,2023-11-21,260.98,282.54,512.19,106.96
อลูมิเนียมกระป๋องโค้ก,45.0,2023-11-23,260.98,282.54,512.19,106.96
อลูมิเนียมกระป๋องโค้ก,45.0,2023-11-24,260.98,282.54,512.19,106.96
อลูมิเนียมกระป๋องโค้ก,46.0,2023-11-25,260.98,282.54,512.19,106.96
อลูมิเนียมกระป๋องโค้ก,46.0,2023-11-28,260.98,282.54,512.19,106.96
อลูมิเนียมกระป๋องโค้ก,46.0,2023-11-29,260.98,282.54,512.19,106.96
อลูมิเนียมกระป๋องโค้ก,46.0,2023-11-30,260.98,282.54,512.19,106.96
อลูมิเนียมกระป๋องโค้ก,47.0,2023-12-01,260.98,282.54,512.19,106.96
อลูมิเนียมกระป๋องโค้ก,47.0,2023-12-04,260.98,282.54,512.19,106.96
อลูมิเนียมกระป๋องโค้ก,47.0,2023-12-05,260.98,282.54,512.19,106.96
อลูมิเนียมกระป๋องโค้ก,47.0,2023-12-06,260.98,282.54,512.19,106.96
อลูมิเนียมกระป๋องโค้ก,47.0,2023-12-07,260.98,282.54,512.19,106.96
อลูมิเนียมกระป๋องโค้ก,47.0,2023-12-08,260.98,282.54,512.19,106.96
อลูมิเนียมกระป๋องโค้ก,47.0,2023-12-09,260.98,282.54,512.19,106.96
อลูมิเนียมกระป๋องโค้ก,47.0,2023-12-10,260.98,282.54,512.19,106.96
อลูมิเนียมกระป๋องโค้ก,47.0,2023-12-11,260.98,282.54,512.19,106.96
อลูมิเนียมกระป๋องโค้ก,46.0,2023-12-12,260.98,282.54,512.19,106.96
อลูมิเนียมกระป๋องโค้ก,46.0,2023-12-13,260.98,282.54,512.19,106.96
อลูมิเนียมกระป๋องโค้ก,46.0,2023-12-14,260.98,282.54,512.19,106.96
อลูมิเนียมกระป๋องโค้ก,46.0,2023-12-15,260.98,282.54,512.19,106.96
อลูมิเนียมกระป๋องโค้ก,46.0,2023-12-16,260.98,282.54,512.19,106.96
อลูมิเนียมกระป๋องโค้ก,46.0,2023-12-19,260.98,282.54,512.19,106.96
อลูมิเนียมกระป๋องโค้ก,46.0,2023-12-20,260.98,282.54,512.19,106.96
อลูมิเนียมกระป๋องโค้ก,46.0,2023-12-23,260.98,282.54,512.19,106.96
อลูมิเนียมกระป๋องโค้ก,46.0,2023-12-27,260.98,282.54,512.19,106.96
อลูมิเนียมกระป๋องโค้ก,46.0,2023-12-28,260.98,282.54,512.19,106.96
อลูมิเนียมกระป๋องโค้ก,46.0,2023-12-29,260.98,282.54,512.19,106.96
