price,export,update_date
35.0,252.485,2018-08-20
35.0,252.485,2018-08-26
36.0,252.485,2018-08-29
36.0,252.485,2018-08-31
36.0,252.485,2018-09-01
36.0,252.485,2018-09-02
36.0,252.485,2018-09-04
35.0,252.485,2018-09-05
35.0,252.485,2018-09-06
35.0,252.485,2018-09-07
35.0,252.485,2018-09-08
35.0,252.485,2018-09-09
35.0,252.485,2018-09-10
34.0,252.485,2018-09-12
34.0,252.485,2018-09-13
34.0,252.485,2018-09-14
33.0,252.485,2018-09-15
33.0,252.485,2018-09-18
33.0,252.485,2018-09-19
33.0,252.485,2018-09-20
33.0,252.485,2018-09-22
33.0,252.485,2018-09-25
33.0,252.485,2018-09-26
33.0,252.485,2018-09-28
33.0,252.485,2018-09-29
33.0,252.485,2018-10-01
34.0,252.485,2018-10-02
34.0,252.485,2018-10-03
34.0,252.485,2018-10-04
34.0,252.485,2018-10-06
34.0,252.485,2018-10-07
34.0,252.485,2018-10-09
34.0,252.485,2018-10-10
34.0,252.485,2018-10-11
34.0,252.485,2018-10-13
34.0,252.485,2018-10-15
34.0,252.485,2018-10-16
34.0,252.485,2018-10-17
33.0,252.485,2018-10-19
33.0,252.485,2018-10-20
33.0,252.485,2018-10-22
33.0,252.485,2018-10-23
33.0,252.485,2018-10-24
33.0,252.485,2018-10-25
33.0,252.485,2018-10-30
33.0,252.485,2018-10-31
32.0,252.485,2018-11-01
33.0,252.485,2018-11-02
33.0,252.485,2018-11-03
33.0,252.485,2018-11-04
33.0,252.485,2018-11-06
32.0,252.485,2018-11-07
32.0,252.485,2018-11-08
33.0,252.485,2018-11-09
33.0,252.485,2018-11-10
33.0,252.485,2018-11-15
32.0,252.485,2018-11-16
32.0,252.485,2018-11-17
32.0,252.485,2018-11-20
32.0,252.485,2018-11-21
32.0,252.485,2018-11-23
32.0,252.485,2018-11-24
32.0,252.485,2018-11-26
32.0,252.485,2018-11-27
32.0,252.485,2018-11-28
32.0,252.485,2018-11-29
32.0,252.485,2018-11-30
32.0,252.485,2018-12-03
32.0,252.485,2018-12-04
31.0,252.485,2018-12-05
31.0,252.485,2018-12-06
31.0,252.485,2018-12-07
31.0,252.485,2018-12-08
31.0,252.485,2018-12-09
31.0,252.485,2018-12-11
31.0,252.485,2018-12-12
32.0,252.485,2018-12-13
32.0,252.485,2018-12-15
32.0,252.485,2018-12-16
32.0,252.485,2018-12-18
32.0,252.485,2018-12-19
32.0,252.485,2018-12-21
31.0,252.485,2018-12-22
31.0,252.485,2018-12-25
30.0,252.485,2018-12-27
30.0,252.485,2018-12-28
28.0,272.9165031,2019-01-03
29.0,272.9165031,2019-01-04
29.0,272.9165031,2019-01-05
29.0,272.9165031,2019-01-08
29.0,272.9165031,2019-01-09
29.0,272.9165031,2019-01-10
29.0,272.9165031,2019-01-11
29.0,272.9165031,2019-01-12
29.0,272.9165031,2019-01-13
29.0,272.9165031,2019-01-14
28.0,272.9165031,2019-01-15
28.0,272.9165031,2019-01-16
28.0,272.9165031,2019-01-17
28.0,272.9165031,2019-01-18
28.0,272.9165031,2019-01-19
28.0,272.9165031,2019-01-22
29.0,272.9165031,2019-01-26
29.0,272.9165031,2019-01-27
29.0,272.9165031,2019-01-29
28.0,272.9165031,2019-01-30
28.0,272.9165031,2019-02-01
28.0,272.9165031,2019-02-02
28.0,272.9165031,2019-02-03
28.0,272.9165031,2019-02-04
28.0,272.9165031,2019-02-05
28.0,272.9165031,2019-02-06
28.0,272.9165031,2019-02-07
28.0,272.9165031,2019-02-10
28.0,272.9165031,2019-02-11
28.0,272.9165031,2019-02-12
28.0,272.9165031,2019-02-13
28.0,272.9165031,2019-02-16
27.0,272.9165031,2019-02-18
27.0,272.9165031,2019-02-19
27.0,272.9165031,2019-02-20
27.0,272.9165031,2019-02-21
27.0,272.9165031,2019-02-22
27.0,272.9165031,2019-02-23
27.0,272.9165031,2019-02-26
27.0,272.9165031,2019-02-28
28.0,272.9165031,2019-03-05
28.0,272.9165031,2019-03-06
28.0,272.9165031,2019-03-07
28.0,272.9165031,2019-03-09
28.0,272.9165031,2019-03-12
28.0,272.9165031,2019-03-13
28.0,272.9165031,2019-03-14
28.0,272.9165031,2019-03-19
29.0,272.9165031,2019-03-20
29.0,272.9165031,2019-03-21
29.0,272.9165031,2019-03-22
29.0,272.9165031,2019-03-23
29.0,272.9165031,2019-03-24
29.0,272.9165031,2019-03-25
29.0,272.9165031,2019-03-26
29.0,272.9165031,2019-03-27
29.0,272.9165031,2019-03-28
29.0,272.9165031,2019-03-29
29.0,272.9165031,2019-03-30
29.0,272.9165031,2019-04-01
29.0,272.9165031,2019-04-02
29.0,272.9165031,2019-04-03
29.0,272.9165031,2019-04-04
29.0,272.9165031,2019-04-05
29.0,272.9165031,2019-04-06
29.0,272.9165031,2019-04-08
29.0,272.9165031,2019-04-09
29.0,272.9165031,2019-04-10
28.0,272.9165031,2019-04-17
28.0,272.9165031,2019-04-18
28.0,272.9165031,2019-04-19
28.0,272.9165031,2019-04-20
28.0,272.9165031,2019-04-21
28.0,272.9165031,2019-04-23
28.0,272.9165031,2019-04-24
28.0,272.9165031,2019-04-26
28.0,272.9165031,2019-04-27
28.0,272.9165031,2019-04-29
28.0,272.9165031,2019-05-02
28.0,272.9165031,2019-05-03
28.0,272.9165031,2019-05-04
28.0,272.9165031,2019-05-07
28.0,272.9165031,2019-05-08
28.0,272.9165031,2019-05-09
27.0,272.9165031,2019-05-10
27.0,272.9165031,2019-05-11
27.0,272.9165031,2019-05-13
27.0,272.9165031,2019-05-14
27.0,272.9165031,2019-05-15
27.0,272.9165031,2019-05-16
27.0,272.9165031,2019-05-17
27.0,272.9165031,2019-05-20
27.0,272.9165031,2019-05-23
27.0,272.9165031,2019-05-24
27.0,272.9165031,2019-05-25
27.0,272.9165031,2019-05-27
27.0,272.9165031,2019-05-28
27.0,272.9165031,2019-05-29
27.0,272.9165031,2019-05-30
27.0,272.9165031,2019-05-31
27.0,272.9165031,2019-06-01
26.0,272.9165031,2019-06-04
26.0,272.9165031,2019-06-05
26.0,272.9165031,2019-06-06
26.0,272.9165031,2019-06-08
26.0,272.9165031,2019-06-10
26.0,272.9165031,2019-06-11
25.0,272.9165031,2019-06-12
25.0,272.9165031,2019-06-13
25.0,272.9165031,2019-06-14
25.0,272.9165031,2019-06-15
25.0,272.9165031,2019-06-17
25.0,272.9165031,2019-06-18
25.0,272.9165031,2019-06-19
25.0,272.9165031,2019-06-20
25.0,272.9165031,2019-06-22
25.0,272.9165031,2019-06-24
25.0,272.9165031,2019-06-25
26.0,272.9165031,2019-06-26
26.0,272.9165031,2019-06-27
26.0,272.9165031,2019-06-28
26.0,272.9165031,2019-06-29
26.0,272.9165031,2019-07-01
26.0,272.9165031,2019-07-02
25.0,272.9165031,2019-07-03
25.0,272.9165031,2019-07-06
25.0,272.9165031,2019-07-08
25.0,272.9165031,2019-07-09
25.0,272.9165031,2019-07-10
26.0,272.9165031,2019-07-11
26.0,272.9165031,2019-07-12
26.0,272.9165031,2019-07-13
26.0,272.9165031,2019-07-14
26.0,272.9165031,2019-07-16
26.0,272.9165031,2019-07-18
26.0,272.9165031,2019-07-21
26.0,272.9165031,2019-07-22
26.0,272.9165031,2019-07-23
26.0,272.9165031,2019-07-24
26.0,272.9165031,2019-07-25
26.0,272.9165031,2019-07-26
26.0,272.9165031,2019-07-27
26.0,272.9165031,2019-07-30
26.0,272.9165031,2019-07-31
26.0,272.9165031,2019-08-01
26.0,272.9165031,2019-08-02
25.0,272.9165031,2019-08-03
25.0,272.9165031,2019-08-05
25.0,272.9165031,2019-08-06
25.0,272.9165031,2019-08-07
25.0,272.9165031,2019-08-08
25.0,272.9165031,2019-08-09
26.0,272.9165031,2019-08-10
26.0,272.9165031,2019-08-13
26.0,272.9165031,2019-08-15
26.0,272.9165031,2019-08-16
26.0,272.9165031,2019-08-19
26.0,272.9165031,2019-08-20
26.0,272.9165031,2019-08-21
26.0,272.9165031,2019-08-23
25.0,272.9165031,2019-08-24
25.0,272.9165031,2019-08-26
25.0,272.9165031,2019-08-27
25.0,272.9165031,2019-08-28
25.0,272.9165031,2019-08-29
25.0,272.9165031,2019-08-30
25.0,272.9165031,2019-08-31
25.0,272.9165031,2019-09-01
25.0,272.9165031,2019-09-03
25.0,272.9165031,2019-09-04
25.0,272.9165031,2019-09-05
25.0,272.9165031,2019-09-06
25.0,272.9165031,2019-09-07
25.0,272.9165031,2019-09-10
25.0,272.9165031,2019-09-11
25.0,272.9165031,2019-09-12
25.0,272.9165031,2019-09-13
25.0,272.9165031,2019-09-14
25.0,272.9165031,2019-09-16
25.0,272.9165031,2019-09-17
25.0,272.9165031,2019-09-18
25.0,272.9165031,2019-09-19
25.0,272.9165031,2019-09-21
25.0,272.9165031,2019-09-24
25.0,272.9165031,2019-09-25
25.0,272.9165031,2019-09-26
25.0,272.9165031,2019-09-27
25.0,272.9165031,2019-09-28
25.0,272.9165031,2019-10-01
25.0,272.9165031,2019-10-02
25.0,272.9165031,2019-10-03
25.0,272.9165031,2019-10-04
25.0,272.9165031,2019-10-05
25.0,272.9165031,2019-10-07
25.0,272.9165031,2019-10-08
25.0,272.9165031,2019-10-09
25.0,272.9165031,2019-10-10
25.0,272.9165031,2019-10-11
25.0,272.9165031,2019-10-13
25.0,272.9165031,2019-10-14
25.0,272.9165031,2019-10-16
25.0,272.9165031,2019-10-17
26.0,272.9165031,2019-10-22
26.0,272.9165031,2019-10-23
26.0,272.9165031,2019-10-24
26.0,272.9165031,2019-10-25
26.0,272.9165031,2019-10-26
26.0,272.9165031,2019-10-28
26.0,272.9165031,2019-10-29
26.0,272.9165031,2019-10-30
26.0,272.9165031,2019-10-31
26.0,272.9165031,2019-11-01
26.0,272.9165031,2019-11-02
26.0,272.9165031,2019-11-03
26.0,272.9165031,2019-11-05
26.0,272.9165031,2019-11-06
26.0,272.9165031,2019-11-08
26.0,272.9165031,2019-11-09
26.0,272.9165031,2019-11-11
26.0,272.9165031,2019-11-12
26.0,272.9165031,2019-11-13
26.0,272.9165031,2019-11-14
26.0,272.9165031,2019-11-15
26.0,272.9165031,2019-11-16
26.0,272.9165031,2019-11-17
26.0,272.9165031,2019-11-18
26.0,272.9165031,2019-11-19
26.0,272.9165031,2019-11-20
26.0,272.9165031,2019-11-21
26.0,272.9165031,2019-11-22
26.0,272.9165031,2019-11-23
26.0,272.9165031,2019-11-24
26.0,272.9165031,2019-11-25
26.0,272.9165031,2019-11-26
26.0,272.9165031,2019-11-27
26.0,272.9165031,2019-11-28
26.0,272.9165031,2019-11-29
26.0,272.9165031,2019-11-30
26.0,272.9165031,2019-12-01
26.0,272.9165031,2019-12-04
26.0,272.9165031,2019-12-05
26.0,272.9165031,2019-12-06
26.0,272.9165031,2019-12-07
26.0,272.9165031,2019-12-11
27.0,272.9165031,2019-12-12
27.0,272.9165031,2019-12-13
27.0,272.9165031,2019-12-14
27.0,272.9165031,2019-12-16
27.0,272.9165031,2019-12-18
27.0,272.9165031,2019-12-19
27.0,272.9165031,2019-12-20
27.0,272.9165031,2019-12-23
27.0,272.9165031,2019-12-25
27.0,231.7356914,2020-01-02
27.0,231.7356914,2020-01-03
27.0,231.7356914,2020-01-04
27.0,231.7356914,2020-01-07
27.0,231.7356914,2020-01-08
27.0,231.7356914,2020-01-09
26.0,231.7356914,2020-01-14
26.0,231.7356914,2020-01-15
26.0,231.7356914,2020-01-16
26.0,231.7356914,2020-01-19
26.0,231.7356914,2020-01-20
26.0,231.7356914,2020-01-21
26.0,231.7356914,2020-01-23
26.0,231.7356914,2020-01-24
26.0,231.7356914,2020-01-25
26.0,231.7356914,2020-01-26
26.0,231.7356914,2020-01-27
26.0,231.7356914,2020-01-28
26.0,231.7356914,2020-01-29
26.0,231.7356914,2020-01-30
26.0,231.7356914,2020-01-31
26.0,231.7356914,2020-02-01
26.0,231.7356914,2020-02-02
26.0,231.7356914,2020-02-03
26.0,231.7356914,2020-02-04
26.0,231.7356914,2020-02-05
26.0,231.7356914,2020-02-06
25.0,231.7356914,2020-02-10
25.0,231.7356914,2020-02-11
25.0,231.7356914,2020-02-12
25.0,231.7356914,2020-02-13
26.0,231.7356914,2020-02-14
26.0,231.7356914,2020-02-15
26.0,231.7356914,2020-02-16
26.0,231.7356914,2020-02-17
26.0,231.7356914,2020-02-18
26.0,231.7356914,2020-02-19
26.0,231.7356914,2020-02-20
26.0,231.7356914,2020-02-21
26.0,231.7356914,2020-02-22
26.0,231.7356914,2020-02-25
26.0,231.7356914,2020-02-26
26.0,231.7356914,2020-02-27
26.0,231.7356914,2020-02-28
26.0,231.7356914,2020-02-29
26.0,231.7356914,2020-03-02
26.0,231.7356914,2020-03-03
26.0,231.7356914,2020-03-05
26.0,231.7356914,2020-03-06
26.0,231.7356914,2020-03-07
25.0,231.7356914,2020-03-09
25.0,231.7356914,2020-03-10
25.0,231.7356914,2020-03-11
25.0,231.7356914,2020-03-12
25.0,231.7356914,2020-03-13
25.0,231.7356914,2020-03-14
25.0,231.7356914,2020-03-16
25.0,231.7356914,2020-03-17
25.0,231.7356914,2020-03-18
25.0,231.7356914,2020-03-19
25.0,231.7356914,2020-03-20
24.0,231.7356914,2020-03-21
24.0,231.7356914,2020-03-23
24.0,231.7356914,2020-03-24
24.0,231.7356914,2020-03-25
24.0,231.7356914,2020-03-26
24.0,231.7356914,2020-03-28
23.0,231.7356914,2020-03-30
23.0,231.7356914,2020-03-31
23.0,231.7356914,2020-04-01
23.5,231.7356914,2020-04-03
23.5,231.7356914,2020-04-07
23.5,231.7356914,2020-04-08
23.5,231.7356914,2020-04-09
23.5,231.7356914,2020-04-12
23.5,231.7356914,2020-04-13
23.5,231.7356914,2020-04-14
23.5,231.7356914,2020-04-16
23.5,231.7356914,2020-04-17
24.0,231.7356914,2020-04-18
24.5,231.7356914,2020-04-20
24.5,231.7356914,2020-04-21
24.5,231.7356914,2020-04-22
24.5,231.7356914,2020-04-23
24.5,231.7356914,2020-04-24
24.5,231.7356914,2020-04-25
24.5,231.7356914,2020-04-27
24.5,231.7356914,2020-04-28
24.5,231.7356914,2020-04-29
23.0,231.7356914,2020-04-30
23.5,231.7356914,2020-05-02
23.5,231.7356914,2020-05-03
23.5,231.7356914,2020-05-04
23.5,231.7356914,2020-05-05
23.5,231.7356914,2020-05-06
23.5,231.7356914,2020-05-07
23.5,231.7356914,2020-05-08
23.5,231.7356914,2020-05-09
23.5,231.7356914,2020-05-11
23.5,231.7356914,2020-05-12
23.5,231.7356914,2020-05-13
23.5,231.7356914,2020-05-14
23.5,231.7356914,2020-05-15
23.5,231.7356914,2020-05-16
23.5,231.7356914,2020-05-18
23.5,231.7356914,2020-05-19
23.5,231.7356914,2020-05-21
23.5,231.7356914,2020-05-22
23.5,231.7356914,2020-05-23
23.5,231.7356914,2020-05-24
23.5,231.7356914,2020-05-26
23.5,231.7356914,2020-05-27
23.5,231.7356914,2020-05-28
23.5,231.7356914,2020-05-29
23.5,231.7356914,2020-05-30
23.5,231.7356914,2020-06-01
23.5,231.7356914,2020-06-02
23.5,231.7356914,2020-06-03
23.5,231.7356914,2020-06-05
23.5,231.7356914,2020-06-06
23.5,231.7356914,2020-06-07
24.0,231.7356914,2020-06-09
24.0,231.7356914,2020-06-11
24.0,231.7356914,2020-06-12
24.0,231.7356914,2020-06-15
24.0,231.7356914,2020-06-16
24.0,231.7356914,2020-06-17
24.0,231.7356914,2020-06-19
24.0,231.7356914,2020-06-23
24.0,231.7356914,2020-06-24
24.0,231.7356914,2020-06-25
24.0,231.7356914,2020-06-26
24.0,231.7356914,2020-06-28
24.0,231.7356914,2020-06-29
24.0,231.7356914,2020-06-30
24.0,231.7356914,2020-07-01
24.0,231.7356914,2020-07-02
24.0,231.7356914,2020-07-04
24.0,231.7356914,2020-07-07
24.0,231.7356914,2020-07-08
24.0,231.7356914,2020-07-09
24.0,231.7356914,2020-07-10
24.0,231.7356914,2020-07-11
24.0,231.7356914,2020-07-13
24.0,231.7356914,2020-07-14
24.0,231.7356914,2020-07-15
24.0,231.7356914,2020-07-16
24.0,231.7356914,2020-07-17
24.0,231.7356914,2020-07-18
24.0,231.7356914,2020-07-19
24.0,231.7356914,2020-07-21
24.0,231.7356914,2020-07-22
24.0,231.7356914,2020-07-23
24.0,231.7356914,2020-07-24
24.0,231.7356914,2020-07-25
24.0,231.7356914,2020-07-29
24.0,231.7356914,2020-07-31
24.0,231.7356914,2020-08-01
24.0,231.7356914,2020-08-03
24.0,231.7356914,2020-08-04
24.0,231.7356914,2020-08-05
24.0,231.7356914,2020-08-06
24.0,231.7356914,2020-08-07
24.0,231.7356914,2020-08-08
24.0,231.7356914,2020-08-09
24.0,231.7356914,2020-08-10
24.0,231.7356914,2020-08-11
24.0,231.7356914,2020-08-12
24.0,231.7356914,2020-08-13
24.0,231.7356914,2020-08-14
24.0,231.7356914,2020-08-15
24.0,231.7356914,2020-08-17
24.0,231.7356914,2020-08-18
24.0,231.7356914,2020-08-19
24.0,231.7356914,2020-08-20
24.0,231.7356914,2020-08-21
24.0,231.7356914,2020-08-22
24.0,231.7356914,2020-08-23
24.0,231.7356914,2020-08-24
25.0,231.7356914,2020-08-26
25.0,231.7356914,2020-08-28
25.0,231.7356914,2020-08-29
25.0,231.7356914,2020-08-30
25.0,231.7356914,2020-09-01
25.0,231.7356914,2020-09-04
25.0,231.7356914,2020-09-07
25.0,231.7356914,2020-09-08
25.0,231.7356914,2020-09-09
25.0,231.7356914,2020-09-10
25.0,231.7356914,2020-09-11
25.0,231.7356914,2020-09-12
25.0,231.7356914,2020-09-13
25.0,231.7356914,2020-09-14
25.0,231.7356914,2020-09-15
25.0,231.7356914,2020-09-16
25.0,231.7356914,2020-09-17
26.0,231.7356914,2020-09-18
26.0,231.7356914,2020-09-20
26.0,231.7356914,2020-09-23
26.0,231.7356914,2020-09-24
26.0,231.7356914,2020-09-26
26.0,231.7356914,2020-09-29
26.0,231.7356914,2020-09-30
26.0,231.7356914,2020-10-01
26.0,231.7356914,2020-10-02
26.0,231.7356914,2020-10-03
26.0,231.7356914,2020-10-05
26.0,231.7356914,2020-10-06
26.0,231.7356914,2020-10-07
26.0,231.7356914,2020-10-08
26.0,231.7356914,2020-10-09
26.0,231.7356914,2020-10-10
26.0,231.7356914,2020-10-11
26.0,231.7356914,2020-10-12
26.0,231.7356914,2020-10-13
26.0,231.7356914,2020-10-14
26.0,231.7356914,2020-10-15
26.0,231.7356914,2020-10-16
26.0,231.7356914,2020-10-17
26.0,231.7356914,2020-10-18
26.0,231.7356914,2020-10-19
26.0,231.7356914,2020-10-20
26.0,231.7356914,2020-10-21
26.0,231.7356914,2020-10-26
26.0,231.7356914,2020-10-27
26.0,231.7356914,2020-10-28
26.0,231.7356914,2020-10-29
26.0,231.7356914,2020-10-30
26.0,231.7356914,2020-10-31
26.0,231.7356914,2020-11-02
26.0,231.7356914,2020-11-03
26.0,231.7356914,2020-11-04
26.0,231.7356914,2020-11-05
26.0,231.7356914,2020-11-06
26.0,231.7356914,2020-11-07
26.0,231.7356914,2020-11-09
26.0,231.7356914,2020-11-10
26.0,231.7356914,2020-11-11
26.0,231.7356914,2020-11-12
26.0,231.7356914,2020-11-13
26.0,231.7356914,2020-11-14
26.0,231.7356914,2020-11-17
28.0,231.7356914,2020-11-18
28.0,231.7356914,2020-11-19
28.0,231.7356914,2020-11-20
28.0,231.7356914,2020-11-21
28.0,231.7356914,2020-11-22
28.0,231.7356914,2020-11-23
28.0,231.7356914,2020-11-25
28.0,231.7356914,2020-11-26
28.0,231.7356914,2020-11-27
28.0,231.7356914,2020-11-28
28.0,231.7356914,2020-11-29
28.0,231.7356914,2020-11-30
28.0,231.7356914,2020-12-01
28.0,231.7356914,2020-12-02
29.0,231.7356914,2020-12-03
29.0,231.7356914,2020-12-04
29.0,231.7356914,2020-12-05
29.0,231.7356914,2020-12-06
29.0,231.7356914,2020-12-07
29.0,231.7356914,2020-12-08
30.0,231.7356914,2020-12-10
30.0,231.7356914,2020-12-12
31.0,231.7356914,2020-12-13
31.0,231.7356914,2020-12-14
31.0,231.7356914,2020-12-17
31.0,231.7356914,2020-12-18
31.0,231.7356914,2020-12-19
31.0,231.7356914,2020-12-21
31.0,231.7356914,2020-12-22
31.0,231.7356914,2020-12-23
31.0,231.7356914,2020-12-24
31.0,231.7356914,2020-12-27
31.0,231.7356914,2020-12-28
31.0,231.7356914,2020-12-29
31.0,296.2903748,2021-01-03
31.0,296.2903748,2021-01-04
31.0,296.2903748,2021-01-05
31.0,296.2903748,2021-01-06
31.0,296.2903748,2021-01-07
31.0,296.2903748,2021-01-08
31.0,296.2903748,2021-01-11
31.0,296.2903748,2021-01-12
31.0,296.2903748,2021-01-13
31.0,296.2903748,2021-01-14
31.0,296.2903748,2021-01-16
31.0,296.2903748,2021-01-18
31.0,296.2903748,2021-01-22
31.0,296.2903748,2021-01-24
31.0,296.2903748,2021-01-26
31.0,296.2903748,2021-01-27
31.0,296.2903748,2021-01-28
31.0,296.2903748,2021-01-29
31.0,296.2903748,2021-01-30
30.0,296.2903748,2021-01-31
30.0,296.2903748,2021-02-01
30.0,296.2903748,2021-02-02
30.0,296.2903748,2021-02-03
30.0,296.2903748,2021-02-04
30.0,296.2903748,2021-02-06
30.0,296.2903748,2021-02-08
30.0,296.2903748,2021-02-09
30.0,296.2903748,2021-02-10
30.0,296.2903748,2021-02-11
30.0,296.2903748,2021-02-14
30.0,296.2903748,2021-02-15
30.0,296.2903748,2021-02-16
30.0,296.2903748,2021-02-17
30.0,296.2903748,2021-02-18
30.0,296.2903748,2021-02-19
30.0,296.2903748,2021-02-20
30.0,296.2903748,2021-02-23
31.0,296.2903748,2021-02-24
31.0,296.2903748,2021-02-26
34.0,296.2903748,2021-02-27
34.0,296.2903748,2021-03-02
35.0,296.2903748,2021-03-04
35.0,296.2903748,2021-03-05
35.0,296.2903748,2021-03-06
35.0,296.2903748,2021-03-08
35.0,296.2903748,2021-03-09
35.0,296.2903748,2021-03-10
35.0,296.2903748,2021-03-11
35.0,296.2903748,2021-03-12
35.0,296.2903748,2021-03-13
35.0,296.2903748,2021-03-14
35.0,296.2903748,2021-03-15
35.0,296.2903748,2021-03-16
37.0,296.2903748,2021-03-17
37.0,296.2903748,2021-03-18
37.0,296.2903748,2021-03-19
37.0,296.2903748,2021-03-20
37.0,296.2903748,2021-03-22
37.0,296.2903748,2021-03-23
37.0,296.2903748,2021-03-24
37.0,296.2903748,2021-03-25
37.0,296.2903748,2021-03-26
37.0,296.2903748,2021-03-28
37.0,296.2903748,2021-03-29
37.0,296.2903748,2021-03-31
37.0,296.2903748,2021-04-01
37.0,296.2903748,2021-04-02
37.0,296.2903748,2021-04-03
37.0,296.2903748,2021-04-04
37.0,296.2903748,2021-04-07
37.0,296.2903748,2021-04-08
37.0,296.2903748,2021-04-10
37.0,296.2903748,2021-04-11
37.0,296.2903748,2021-04-17
37.0,296.2903748,2021-04-18
39.0,296.2903748,2021-04-19
39.0,296.2903748,2021-04-20
39.0,296.2903748,2021-04-21
41.0,296.2903748,2021-04-23
41.0,296.2903748,2021-04-24
41.0,296.2903748,2021-04-25
41.0,296.2903748,2021-04-26
41.0,296.2903748,2021-04-27
41.0,296.2903748,2021-04-28
41.0,296.2903748,2021-04-29
41.0,296.2903748,2021-04-30
41.0,296.2903748,2021-05-02
42.0,296.2903748,2021-05-04
42.0,296.2903748,2021-05-06
42.0,296.2903748,2021-05-07
43.0,296.2903748,2021-05-08
44.0,296.2903748,2021-05-09
44.0,296.2903748,2021-05-11
44.0,296.2903748,2021-05-12
44.0,296.2903748,2021-05-13
44.0,296.2903748,2021-05-14
44.0,296.2903748,2021-05-15
44.0,296.2903748,2021-05-17
44.0,296.2903748,2021-05-19
44.0,296.2903748,2021-05-20
44.0,296.2903748,2021-05-22
44.0,296.2903748,2021-05-24
44.0,296.2903748,2021-05-25
44.0,296.2903748,2021-05-26
44.0,296.2903748,2021-05-27
44.0,296.2903748,2021-05-28
45.0,296.2903748,2021-05-29
45.0,296.2903748,2021-05-30
45.0,296.2903748,2021-06-02
45.0,296.2903748,2021-06-03
44.0,296.2903748,2021-06-04
44.0,296.2903748,2021-06-08
45.0,296.2903748,2021-06-10
45.0,296.2903748,2021-06-12
45.0,296.2903748,2021-06-15
45.0,296.2903748,2021-06-16
45.0,296.2903748,2021-06-16
45.0,296.2903748,2021-06-16
45.0,296.2903748,2021-06-16
45.0,296.2903748,2021-06-17
44.0,296.2903748,2021-06-18
44.0,296.2903748,2021-06-19
44.0,296.2903748,2021-06-21
44.0,296.2903748,2021-06-23
44.0,296.2903748,2021-06-24
44.0,296.2903748,2021-06-25
44.0,296.2903748,2021-06-26
44.0,296.2903748,2021-06-28
44.0,296.2903748,2021-06-29
46.0,296.2903748,2021-06-30
46.0,296.2903748,2021-07-01
46.0,296.2903748,2021-07-02
46.0,296.2903748,2021-07-03
46.0,296.2903748,2021-07-04
46.0,296.2903748,2021-07-06
46.0,296.2903748,2021-07-07
46.0,296.2903748,2021-07-08
46.0,296.2903748,2021-07-10
48.0,296.2903748,2021-07-11
48.0,296.2903748,2021-07-12
48.0,296.2903748,2021-07-13
48.0,296.2903748,2021-07-14
48.0,296.2903748,2021-07-15
49.0,296.2903748,2021-07-16
49.0,296.2903748,2021-07-17
49.0,296.2903748,2021-07-18
48.0,296.2903748,2021-07-20
48.0,296.2903748,2021-07-21
49.0,296.2903748,2021-07-22
49.0,296.2903748,2021-07-23
50.0,296.2903748,2021-07-25
50.0,296.2903748,2021-07-26
50.0,296.2903748,2021-07-28
50.0,296.2903748,2021-07-29
51.0,296.2903748,2021-07-30
51.0,296.2903748,2021-07-31
51.0,296.2903748,2021-08-01
51.0,296.2903748,2021-08-02
51.0,296.2903748,2021-08-03
51.0,296.2903748,2021-08-04
51.0,296.2903748,2021-08-05
51.0,296.2903748,2021-08-07
51.0,296.2903748,2021-08-08
51.0,296.2903748,2021-08-09
51.0,296.2903748,2021-08-10
51.0,296.2903748,2021-08-11
51.0,296.2903748,2021-08-12
51.0,296.2903748,2021-08-13
51.0,296.2903748,2021-08-14
51.0,296.2903748,2021-08-15
52.0,296.2903748,2021-08-16
52.0,296.2903748,2021-08-17
52.0,296.2903748,2021-08-18
52.0,296.2903748,2021-08-19
52.0,296.2903748,2021-08-20
52.0,296.2903748,2021-08-21
52.0,296.2903748,2021-08-23
52.0,296.2903748,2021-08-24
52.0,296.2903748,2021-08-25
52.0,296.2903748,2021-08-26
52.0,296.2903748,2021-08-27
52.0,296.2903748,2021-08-30
52.0,296.2903748,2021-08-31
52.0,296.2903748,2021-09-01
52.0,296.2903748,2021-09-02
52.0,296.2903748,2021-09-03
54.0,296.2903748,2021-09-04
54.0,296.2903748,2021-09-06
54.0,296.2903748,2021-09-07
54.0,296.2903748,2021-09-08
54.0,296.2903748,2021-09-09
55.0,296.2903748,2021-09-10
55.0,296.2903748,2021-09-11
58.0,296.2903748,2021-09-12
58.0,296.2903748,2021-09-13
58.0,296.2903748,2021-09-15
58.0,296.2903748,2021-09-16
59.0,296.2903748,2021-09-17
59.0,296.2903748,2021-09-18
59.0,296.2903748,2021-09-20
59.0,296.2903748,2021-09-21
59.0,296.2903748,2021-09-22
59.0,296.2903748,2021-09-23
59.0,296.2903748,2021-09-24
61.0,296.2903748,2021-09-25
61.0,296.2903748,2021-09-26
61.0,296.2903748,2021-09-27
61.0,296.2903748,2021-09-30
61.0,296.2903748,2021-10-01
61.0,296.2903748,2021-10-03
61.0,296.2903748,2021-10-04
61.0,296.2903748,2021-10-06
61.0,296.2903748,2021-10-07
61.0,296.2903748,2021-10-08
61.0,296.2903748,2021-10-10
61.0,296.2903748,2021-10-12
61.0,296.2903748,2021-10-13
63.0,296.2903748,2021-10-14
63.0,296.2903748,2021-10-15
63.0,296.2903748,2021-10-16
65.0,296.2903748,2021-10-17
65.0,296.2903748,2021-10-18
61.0,296.2903748,2021-10-19
61.0,296.2903748,2021-10-20
61.0,296.2903748,2021-10-21
61.0,296.2903748,2021-10-22
61.0,296.2903748,2021-10-23
61.0,296.2903748,2021-10-24
61.0,296.2903748,2021-10-25
60.0,296.2903748,2021-10-26
60.0,296.2903748,2021-10-27
58.0,296.2903748,2021-10-28
56.0,296.2903748,2021-10-31
53.0,296.2903748,2021-11-01
53.0,296.2903748,2021-11-02
53.0,296.2903748,2021-11-03
53.0,296.2903748,2021-11-04
50.0,296.2903748,2021-11-05
50.0,296.2903748,2021-11-06
50.0,296.2903748,2021-11-07
50.0,296.2903748,2021-11-08
45.0,296.2903748,2021-11-09
45.0,296.2903748,2021-11-10
45.0,296.2903748,2021-11-11
50.0,296.2903748,2021-11-12
50.0,296.2903748,2021-11-13
50.0,296.2903748,2021-11-14
50.0,296.2903748,2021-11-15
49.0,296.2903748,2021-11-16
49.0,296.2903748,2021-11-17
49.0,296.2903748,2021-11-18
49.0,296.2903748,2021-11-20
49.0,296.2903748,2021-11-21
49.0,296.2903748,2021-11-22
49.0,296.2903748,2021-11-23
49.0,296.2903748,2021-11-24
51.0,296.2903748,2021-11-25
51.0,296.2903748,2021-11-26
51.0,296.2903748,2021-11-27
50.0,296.2903748,2021-11-28
50.0,296.2903748,2021-11-30
50.0,296.2903748,2021-12-01
50.0,296.2903748,2021-12-02
50.0,296.2903748,2021-12-03
50.0,296.2903748,2021-12-04
50.0,296.2903748,2021-12-05
50.0,296.2903748,2021-12-07
50.0,296.2903748,2021-12-10
50.0,296.2903748,2021-12-11
50.0,296.2903748,2021-12-12
50.0,296.2903748,2021-12-14
50.0,296.2903748,2021-12-15
50.0,296.2903748,2021-12-16
50.0,296.2903748,2021-12-20
50.0,296.2903748,2021-12-21
50.0,296.2903748,2021-12-23
50.0,296.2903748,2021-12-24
50.0,296.2903748,2021-12-25
50.0,296.2903748,2021-12-28
51.0,296.2903748,2021-12-29
51.0,337.4676653,2022-01-05
53.0,337.4676653,2022-01-06
53.0,337.4676653,2022-01-08
54.0,337.4676653,2022-01-09
54.0,337.4676653,2022-01-10
54.0,337.4676653,2022-01-11
54.0,337.4676653,2022-01-12
54.0,337.4676653,2022-01-13
54.0,337.4676653,2022-01-14
54.0,337.4676653,2022-01-15
54.0,337.4676653,2022-01-17
54.0,337.4676653,2022-01-18
54.0,337.4676653,2022-01-19
54.0,337.4676653,2022-01-20
55.0,337.4676653,2022-01-21
55.0,337.4676653,2022-01-22
55.0,337.4676653,2022-01-24
55.0,337.4676653,2022-01-25
55.0,337.4676653,2022-01-26
55.0,337.4676653,2022-01-27
55.0,337.4676653,2022-01-28
55.0,337.4676653,2022-01-29
55.0,337.4676653,2022-01-31
55.0,337.4676653,2022-02-04
55.0,337.4676653,2022-02-05
55.0,337.4676653,2022-02-06
55.0,337.4676653,2022-02-07
55.0,337.4676653,2022-02-08
55.0,337.4676653,2022-02-09
55.0,337.4676653,2022-02-10
55.0,337.4676653,2022-02-11
57.0,337.4676653,2022-02-12
57.0,337.4676653,2022-02-15
57.0,337.4676653,2022-02-16
57.0,337.4676653,2022-02-17
57.0,337.4676653,2022-02-18
57.0,337.4676653,2022-02-23
59.0,337.4676653,2022-02-24
59.0,337.4676653,2022-02-27
59.0,337.4676653,2022-02-28
59.0,337.4676653,2022-03-01
59.0,337.4676653,2022-03-03
59.0,337.4676653,2022-03-04
60.0,337.4676653,2022-03-05
60.0,337.4676653,2022-03-06
60.0,337.4676653,2022-03-08
60.0,337.4676653,2022-03-10
60.0,337.4676653,2022-03-13
60.0,337.4676653,2022-03-14
57.0,337.4676653,2022-03-15
57.0,337.4676653,2022-03-17
57.0,337.4676653,2022-03-18
57.0,337.4676653,2022-03-19
59.0,337.4676653,2022-03-20
59.0,337.4676653,2022-03-21
59.0,337.4676653,2022-03-22
61.0,337.4676653,2022-03-23
61.0,337.4676653,2022-03-24
61.0,337.4676653,2022-03-29
61.0,337.4676653,2022-03-30
61.0,337.4676653,2022-03-31
61.0,337.4676653,2022-04-01
64.0,337.4676653,2022-04-02
64.0,337.4676653,2022-04-04
64.0,337.4676653,2022-04-05
64.0,337.4676653,2022-04-06
61.0,337.4676653,2022-04-11
61.0,337.4676653,2022-04-19
60.0,337.4676653,2022-04-20
60.0,337.4676653,2022-04-21
59.0,337.4676653,2022-04-23
59.0,337.4676653,2022-04-24
59.0,337.4676653,2022-04-25
59.0,337.4676653,2022-04-26
59.0,337.4676653,2022-04-27
54.0,337.4676653,2022-05-07
54.0,337.4676653,2022-05-08
53.0,337.4676653,2022-05-09
53.0,337.4676653,2022-05-10
53.0,337.4676653,2022-05-11
52.0,337.4676653,2022-05-12
51.0,337.4676653,2022-05-13
51.0,337.4676653,2022-05-14
51.0,337.4676653,2022-05-15
51.0,337.4676653,2022-05-16
53.0,337.4676653,2022-05-17
53.0,337.4676653,2022-05-18
53.0,337.4676653,2022-05-19
53.0,337.4676653,2022-05-20
53.0,337.4676653,2022-05-21
55.0,337.4676653,2022-05-22
55.0,337.4676653,2022-05-23
55.0,337.4676653,2022-05-24
55.0,337.4676653,2022-05-25
55.0,337.4676653,2022-05-26
55.0,337.4676653,2022-05-27
55.0,337.4676653,2022-05-28
55.0,337.4676653,2022-05-29
55.0,337.4676653,2022-05-30
55.0,337.4676653,2022-05-31
55.0,337.4676653,2022-06-01
52.0,337.4676653,2022-06-02
52.0,337.4676653,2022-06-03
52.0,337.4676653,2022-06-06
53.0,337.4676653,2022-06-07
53.0,337.4676653,2022-06-08
53.0,337.4676653,2022-06-09
53.0,337.4676653,2022-06-10
53.0,337.4676653,2022-06-12
51.0,337.4676653,2022-06-13
51.0,337.4676653,2022-06-15
50.0,337.4676653,2022-06-16
50.0,337.4676653,2022-06-17
48.0,337.4676653,2022-06-18
48.0,337.4676653,2022-06-20
48.0,337.4676653,2022-06-21
49.0,337.4676653,2022-06-22
49.0,337.4676653,2022-06-23
49.0,337.4676653,2022-06-24
48.0,337.4676653,2022-06-25
48.0,337.4676653,2022-06-27
48.0,337.4676653,2022-06-28
48.0,337.4676653,2022-06-29
48.0,337.4676653,2022-06-30
48.0,337.4676653,2022-07-01
48.0,337.4676653,2022-07-02
48.0,337.4676653,2022-07-03
48.0,337.4676653,2022-07-04
48.0,337.4676653,2022-07-05
48.0,337.4676653,2022-07-06
48.0,337.4676653,2022-07-07
48.0,337.4676653,2022-07-08
48.0,337.4676653,2022-07-09
48.0,337.4676653,2022-07-11
47.0,337.4676653,2022-07-12
47.0,337.4676653,2022-07-13
47.0,337.4676653,2022-07-15
47.0,337.4676653,2022-07-16
47.0,337.4676653,2022-07-18
48.0,337.4676653,2022-07-19
48.0,337.4676653,2022-07-20
48.0,337.4676653,2022-07-22
48.0,337.4676653,2022-07-23
48.0,337.4676653,2022-07-25
49.0,337.4676653,2022-07-26
49.0,337.4676653,2022-07-27
49.0,337.4676653,2022-07-28
49.0,337.4676653,2022-07-29
49.0,337.4676653,2022-07-30
50.0,337.4676653,2022-07-31
50.0,337.4676653,2022-08-01
49.0,337.4676653,2022-08-02
49.0,337.4676653,2022-08-03
49.0,337.4676653,2022-08-04
49.0,337.4676653,2022-08-05
49.0,337.4676653,2022-08-06
49.0,337.4676653,2022-08-08
49.0,337.4676653,2022-08-09
49.0,337.4676653,2022-08-10
49.0,337.4676653,2022-08-11
50.0,337.4676653,2022-08-12
49.0,337.4676653,2022-08-13
49.0,337.4676653,2022-08-15
48.0,337.4676653,2022-08-16
48.0,337.4676653,2022-08-17
49.0,337.4676653,2022-08-18
49.0,337.4676653,2022-08-19
49.0,337.4676653,2022-08-20
49.0,337.4676653,2022-08-21
49.0,337.4676653,2022-08-22
49.0,337.4676653,2022-08-23
49.0,337.4676653,2022-08-25
49.0,337.4676653,2022-08-26
49.0,337.4676653,2022-08-27
49.0,337.4676653,2022-08-29
49.0,337.4676653,2022-08-30
49.0,337.4676653,2022-08-31
48.0,337.4676653,2022-09-01
49.0,337.4676653,2022-09-02
49.0,337.4676653,2022-09-03
49.0,337.4676653,2022-09-04
49.0,337.4676653,2022-09-05
49.0,337.4676653,2022-09-06
48.0,337.4676653,2022-09-08
48.0,337.4676653,2022-09-09
48.0,337.4676653,2022-09-10
48.0,337.4676653,2022-09-12
48.0,337.4676653,2022-09-13
49.0,337.4676653,2022-09-14
49.0,337.4676653,2022-09-15
49.0,337.4676653,2022-09-17
49.0,337.4676653,2022-09-18
49.0,337.4676653,2022-09-20
49.0,337.4676653,2022-09-21
49.0,337.4676653,2022-09-22
49.0,337.4676653,2022-09-23
49.0,337.4676653,2022-09-24
49.0,337.4676653,2022-09-27
49.0,337.4676653,2022-09-28
48.0,337.4676653,2022-09-29
49.0,337.4676653,2022-09-30
49.0,337.4676653,2022-10-01
49.0,337.4676653,2022-10-03
49.0,337.4676653,2022-10-04
49.0,337.4676653,2022-10-06
50.0,337.4676653,2022-10-07
50.0,337.4676653,2022-10-08
50.0,337.4676653,2022-10-10
50.0,337.4676653,2022-10-11
50.0,337.4676653,2022-10-12
50.0,337.4676653,2022-10-14
52.0,337.4676653,2022-10-15
52.0,337.4676653,2022-10-16
52.0,337.4676653,2022-10-17
51.0,337.4676653,2022-10-18
51.0,337.4676653,2022-10-19
51.0,337.4676653,2022-10-20
51.0,337.4676653,2022-10-21
51.0,337.4676653,2022-10-24
51.0,337.4676653,2022-10-25
51.0,337.4676653,2022-10-26
51.0,337.4676653,2022-10-27
51.0,337.4676653,2022-10-28
50.0,337.4676653,2022-10-29
50.0,337.4676653,2022-10-30
50.0,337.4676653,2022-10-31
50.0,337.4676653,2022-11-01
50.0,337.4676653,2022-11-02
50.0,337.4676653,2022-11-03
50.0,337.4676653,2022-11-04
50.0,337.4676653,2022-11-05
50.0,337.4676653,2022-11-06
50.0,337.4676653,2022-11-07
52.0,337.4676653,2022-11-08
52.0,337.4676653,2022-11-09
51.0,337.4676653,2022-11-10
51.0,337.4676653,2022-11-11
51.0,337.4676653,2022-11-12
51.0,337.4676653,2022-11-14
51.0,337.4676653,2022-11-15
51.0,337.4676653,2022-11-16
51.0,337.4676653,2022-11-17
51.0,337.4676653,2022-11-18
51.0,337.4676653,2022-11-19
51.0,337.4676653,2022-11-20
51.0,337.4676653,2022-11-21
50.0,337.4676653,2022-11-23
50.0,337.4676653,2022-11-25
50.0,337.4676653,2022-11-28
49.0,337.4676653,2022-11-29
49.0,337.4676653,2022-12-01
48.0,337.4676653,2022-12-02
47.0,337.4676653,2022-12-07
47.0,337.4676653,2022-12-08
47.0,337.4676653,2022-12-12
47.0,337.4676653,2022-12-13
47.0,337.4676653,2022-12-17
47.0,337.4676653,2022-12-20
47.0,337.4676653,2022-12-22
47.0,337.4676653,2022-12-23
47.0,337.4676653,2022-12-28
47.0,337.4676653,2022-12-30
47.0,282.54,2023-01-02
47.0,282.54,2023-01-03
47.0,282.54,2023-01-05
44.0,282.54,2023-01-06
44.0,282.54,2023-01-07
44.0,282.54,2023-01-09
44.0,282.54,2023-01-10
44.0,282.54,2023-01-12
46.0,282.54,2023-01-13
46.0,282.54,2023-01-16
47.0,282.54,2023-01-17
47.0,282.54,2023-01-18
47.0,282.54,2023-01-19
47.0,282.54,2023-01-20
47.0,282.54,2023-01-21
47.0,282.54,2023-01-23
47.0,282.54,2023-01-24
47.0,282.54,2023-01-25
48.0,282.54,2023-01-26
48.0,282.54,2023-01-27
48.0,282.54,2023-01-28
47.0,282.54,2023-01-31
46.0,282.54,2023-02-01
46.0,282.54,2023-02-02
47.0,282.54,2023-02-03
47.0,282.54,2023-02-04
47.0,282.54,2023-02-05
47.0,282.54,2023-02-06
47.0,282.54,2023-02-07
47.0,282.54,2023-02-08
46.0,282.54,2023-02-09
46.0,282.54,2023-02-11
46.0,282.54,2023-02-12
46.0,282.54,2023-02-13
46.0,282.54,2023-02-14
46.0,282.54,2023-02-16
46.0,282.54,2023-02-17
46.0,282.54,2023-02-18
47.0,282.54,2023-02-21
47.0,282.54,2023-02-22
47.0,282.54,2023-02-23
47.0,282.54,2023-02-24
46.0,282.54,2023-02-25
46.0,282.54,2023-02-26
46.0,282.54,2023-03-01
47.0,282.54,2023-03-02
47.0,282.54,2023-03-03
47.0,282.54,2023-03-04
47.0,282.54,2023-03-05
47.0,282.54,2023-03-07
47.0,282.54,2023-03-08
46.0,282.54,2023-03-09
46.0,282.54,2023-03-10
45.0,282.54,2023-03-11
44.0,282.54,2023-03-13
44.0,282.54,2023-03-14
45.0,282.54,2023-03-15
45.0,282.54,2023-03-16
45.0,282.54,2023-03-17
44.0,282.54,2023-03-18
44.0,282.54,2023-03-19
44.0,282.54,2023-03-21
44.0,282.54,2023-03-23
44.0,282.54,2023-03-24
44.0,282.54,2023-03-25
45.0,282.54,2023-03-26
46.0,282.54,2023-03-28
46.0,282.54,2023-03-29
46.0,282.54,2023-03-30
46.0,282.54,2023-03-31
46.0,282.54,2023-04-01
46.0,282.54,2023-04-03
46.0,282.54,2023-04-04
46.0,282.54,2023-04-05
45.0,282.54,2023-04-06
45.0,282.54,2023-04-07
45.0,282.54,2023-04-08
45.0,282.54,2023-04-09
45.0,282.54,2023-04-11
45.0,282.54,2023-04-17
45.0,282.54,2023-04-20
48.0,282.54,2023-04-21
47.0,282.54,2023-04-22
47.0,282.54,2023-04-24
47.0,282.54,2023-04-25
46.0,282.54,2023-04-26
46.0,282.54,2023-04-27
46.0,282.54,2023-04-29
46.0,282.54,2023-04-30
46.0,282.54,2023-05-02
46.0,282.54,2023-05-03
46.0,282.54,2023-05-04
46.0,282.54,2023-05-05
46.0,282.54,2023-05-06
45.0,282.54,2023-05-10
43.0,282.54,2023-05-11
42.0,282.54,2023-05-12
42.0,282.54,2023-05-13
42.0,282.54,2023-05-16
42.0,282.54,2023-05-17
45.0,282.54,2023-05-18
45.0,282.54,2023-05-22
44.0,282.54,2023-05-24
43.0,282.54,2023-05-25
43.0,282.54,2023-05-27
44.0,282.54,2023-05-28
44.0,282.54,2023-05-29
44.0,282.54,2023-05-30
44.0,282.54,2023-05-31
44.0,282.54,2023-06-01
44.0,282.54,2023-06-03
45.0,282.54,2023-06-04
45.0,282.54,2023-06-06
45.0,282.54,2023-06-07
45.0,282.54,2023-06-08
44.0,282.54,2023-06-09
44.0,282.54,2023-06-11
44.0,282.54,2023-06-12
44.0,282.54,2023-06-13
44.0,282.54,2023-06-14
44.0,282.54,2023-06-15
44.0,282.54,2023-06-17
44.0,282.54,2023-06-19
44.0,282.54,2023-06-20
44.0,282.54,2023-06-21
44.0,282.54,2023-06-22
44.0,282.54,2023-06-23
43.0,282.54,2023-06-24
43.0,282.54,2023-06-25
43.0,282.54,2023-06-27
43.0,282.54,2023-06-28
44.0,282.54,2023-06-29
44.0,282.54,2023-06-30
44.0,282.54,2023-07-01
44.0,282.54,2023-07-03
43.0,282.54,2023-07-04
43.0,282.54,2023-07-05
43.0,282.54,2023-07-06
43.0,282.54,2023-07-07
43.0,282.54,2023-07-08
43.0,282.54,2023-07-10
43.0,282.54,2023-07-11
43.0,282.54,2023-07-12
44.0,282.54,2023-07-13
44.0,282.54,2023-07-16
45.0,282.54,2023-07-17
45.0,282.54,2023-07-18
44.0,282.54,2023-07-19
44.0,282.54,2023-07-20
44.0,282.54,2023-07-21
44.0,282.54,2023-07-25
44.0,282.54,2023-07-26
44.0,282.54,2023-07-27
44.0,282.54,2023-07-28
43.0,282.54,2023-07-29
43.0,282.54,2023-07-31
43.0,282.54,2023-08-03
43.0,282.54,2023-08-04
43.0,282.54,2023-08-05
43.0,282.54,2023-08-07
43.0,282.54,2023-08-09
43.0,282.54,2023-08-10
43.0,282.54,2023-08-12
43.0,282.54,2023-08-13
43.0,282.54,2023-08-16
43.0,282.54,2023-08-17
43.0,282.54,2023-08-18
43.0,282.54,2023-08-19
43.0,282.54,2023-08-20
43.0,282.54,2023-08-21
43.0,282.54,2023-08-23
43.0,282.54,2023-08-24
43.0,282.54,2023-08-25
43.0,282.54,2023-08-26
43.0,282.54,2023-08-28
44.0,282.54,2023-08-29
44.0,282.54,2023-08-30
44.0,282.54,2023-08-31
44.0,282.54,2023-09-01
44.0,282.54,2023-09-02
44.0,282.54,2023-09-05
45.0,282.54,2023-09-06
45.0,282.54,2023-09-07
45.0,282.54,2023-09-08
45.0,282.54,2023-09-09
45.0,282.54,2023-09-12
45.0,282.54,2023-09-14
45.0,282.54,2023-09-15
45.0,282.54,2023-09-16
45.0,282.54,2023-09-18
45.0,282.54,2023-09-19
46.0,282.54,2023-09-20
46.0,282.54,2023-09-21
46.0,282.54,2023-09-22
46.0,282.54,2023-09-23
46.0,282.54,2023-09-24
46.0,282.54,2023-09-25
46.0,282.54,2023-09-26
46.0,282.54,2023-09-27
47.0,282.54,2023-09-28
47.0,282.54,2023-09-30
48.0,282.54,2023-10-01
48.0,282.54,2023-10-02
48.0,282.54,2023-10-03
48.0,282.54,2023-10-04
47.0,282.54,2023-10-05
47.0,282.54,2023-10-07
47.0,282.54,2023-10-08
47.0,282.54,2023-10-09
47.0,282.54,2023-10-10
47.0,282.54,2023-10-11
46.0,282.54,2023-10-12
46.0,282.54,2023-10-13
46.0,282.54,2023-10-14
46.0,282.54,2023-10-16
46.0,282.54,2023-10-17
46.0,282.54,2023-10-18
46.0,282.54,2023-10-19
46.0,282.54,2023-10-20
46.0,282.54,2023-10-23
46.0,282.54,2023-10-24
46.0,282.54,2023-10-25
46.0,282.54,2023-10-26
46.0,282.54,2023-10-27
46.0,282.54,2023-10-28
46.0,282.54,2023-10-30
46.0,282.54,2023-10-31
47.0,282.54,2023-11-01
47.0,282.54,2023-11-02
47.0,282.54,2023-11-04
46.0,282.54,2023-11-06
46.0,282.54,2023-11-07
47.0,282.54,2023-11-08
47.0,282.54,2023-11-09
47.0,282.54,2023-11-10
47.0,282.54,2023-11-11
47.0,282.54,2023-11-13
47.0,282.54,2023-11-14
47.0,282.54,2023-11-15
46.0,282.54,2023-11-16
46.0,282.54,2023-11-17
45.0,282.54,2023-11-18
45.0,282.54,2023-11-20
45.0,282.54,2023-11-21
45.0,282.54,2023-11-23
45.0,282.54,2023-11-24
46.0,282.54,2023-11-25
46.0,282.54,2023-11-28
46.0,282.54,2023-11-29
46.0,282.54,2023-11-30
47.0,282.54,2023-12-01
47.0,282.54,2023-12-04
47.0,282.54,2023-12-05
47.0,282.54,2023-12-06
47.0,282.54,2023-12-07
47.0,282.54,2023-12-08
47.0,282.54,2023-12-09
47.0,282.54,2023-12-10
47.0,282.54,2023-12-11
46.0,282.54,2023-12-12
46.0,282.54,2023-12-13
46.0,282.54,2023-12-14
46.0,282.54,2023-12-15
46.0,282.54,2023-12-16
46.0,282.54,2023-12-19
46.0,282.54,2023-12-20
46.0,282.54,2023-12-23
46.0,282.54,2023-12-27
46.0,282.54,2023-12-28
46.0,282.54,2023-12-29
46.0,282.54,2024-01-03
46.0,282.54,2024-01-04
46.0,282.54,2024-01-05
46.0,282.54,2024-01-08
46.0,282.54,2024-01-09
47.0,282.54,2024-01-10
47.0,282.54,2024-01-11
47.0,282.54,2024-01-12
48.0,282.54,2024-01-13
48.0,282.54,2024-01-16
48.0,282.54,2024-01-17
48.0,282.54,2024-01-18
48.0,282.54,2024-01-20
48.0,282.54,2024-01-21
48.0,282.54,2024-01-23
48.0,282.54,2024-01-24
48.0,282.54,2024-01-25
48.0,282.54,2024-01-26
48.0,282.54,2024-01-28
48.0,282.54,2024-01-30
48.0,282.54,2024-01-31
48.0,282.54,2024-02-02
48.0,282.54,2024-02-03
48.0,282.54,2024-02-06
49.0,282.54,2024-02-07
49.0,282.54,2024-02-08
49.0,282.54,2024-02-09
49.0,282.54,2024-02-11
49.0,282.54,2024-02-12
49.0,282.54,2024-02-13
50.0,282.54,2024-02-15
50.0,282.54,2024-02-17
50.0,282.54,2024-02-19
50.0,282.54,2024-02-20
50.0,282.54,2024-02-21
50.0,282.54,2024-02-22
50.0,282.54,2024-02-23
50.0,282.54,2024-02-24
50.0,282.54,2024-02-26
50.0,282.54,2024-02-27
50.0,282.54,2024-02-28
50.0,282.54,2024-02-29
50.0,282.54,2024-03-01
50.0,282.54,2024-03-04
50.0,282.54,2024-03-05
50.0,282.54,2024-03-06
50.0,282.54,2024-03-07
49.0,282.54,2024-03-08
49.0,282.54,2024-03-09
49.0,282.54,2024-03-11
49.0,282.54,2024-03-12
49.0,282.54,2024-03-13
49.0,282.54,2024-03-14
49.0,282.54,2024-03-15
49.0,282.54,2024-03-16
49.0,282.54,2024-03-19
50.0,282.54,2024-03-22
50.0,282.54,2024-03-23
50.0,282.54,2024-03-27
50.0,282.54,2024-03-28
50.0,282.54,2024-03-30
52.0,282.54,2024-04-01
52.0,282.54,2024-04-02
53.0,282.54,2024-04-04
53.0,282.54,2024-04-05
54.0,282.54,2024-04-08
58.0,282.54,2024-04-19
58.0,282.54,2024-04-20
58.0,282.54,2024-04-23
58.0,282.54,2024-04-24
58.0,282.54,2024-04-25
58.0,282.54,2024-04-26
58.0,282.54,2024-04-28
59.0,282.54,2024-04-29
60.0,282.54,2024-04-30
60.0,282.54,2024-05-02
59.0,282.54,2024-05-03
59.0,282.54,2024-05-04
59.0,282.54,2024-05-05
59.0,282.54,2024-05-07
59.0,282.54,2024-05-08
59.0,282.54,2024-05-09
59.0,282.54,2024-05-10
59.0,282.54,2024-05-11
59.0,282.54,2024-05-13
59.0,282.54,2024-05-16
59.0,282.54,2024-05-18
59.0,282.54,2024-05-21
59.0,282.54,2024-05-22
59.0,282.54,2024-05-23
59.0,282.54,2024-05-24
59.0,282.54,2024-05-25
59.0,282.54,2024-05-27
61.0,282.54,2024-05-28
61.0,282.54,2024-05-29
61.0,282.54,2024-05-31
62.0,282.54,2024-06-01
62.0,282.54,2024-06-03
62.0,282.54,2024-06-04
62.0,282.54,2024-06-05
62.0,282.54,2024-06-06
62.0,282.54,2024-06-07
62.0,282.54,2024-06-08
62.0,282.54,2024-06-10
62.0,282.54,2024-06-11
62.0,282.54,2024-06-12
60.0,282.54,2024-06-13
60.0,282.54,2024-06-14
60.0,282.54,2024-06-15
60.0,282.54,2024-06-16
60.0,282.54,2024-06-17
60.0,282.54,2024-06-18
60.0,282.54,2024-06-19
60.0,282.54,2024-06-20
60.0,282.54,2024-06-21
60.0,282.54,2024-06-22
60.0,282.54,2024-06-23
60.0,282.54,2024-06-25
60.0,282.54,2024-06-26
60.0,282.54,2024-06-27
60.0,282.54,2024-06-28
60.0,282.54,2024-06-29
