Date,Price,Open,High,Low,Vol.,Change %
03/29/2024,"1,377.94","1,372.98","1,378.21","1,371.37",6.54M,0.55%
03/28/2024,"1,370.34","1,381.81","1,383.54","1,369.14",15.80M,-0.76%
03/27/2024,"1,380.83","1,375.60","1,384.75","1,375.33",17.62M,0.26%
03/26/2024,"1,377.23","1,372.40","1,379.27","1,370.09",19.03M,0.35%
03/25/2024,"1,372.49","1,381.00","1,385.61","1,368.21",14.89B,-0.62%
03/22/2024,"1,381.04","1,383.81","1,389.79","1,379.43",15.71B,-0.47%
03/21/2024,"1,387.62","1,383.61","1,388.40","1,383.40",15.41M,1.05%
03/20/2024,"1,373.18","1,384.93","1,386.47","1,372.61",17.07M,-0.67%
03/19/2024,"1,382.46","1,385.26","1,391.21","1,382.46",17.37B,-0.25%
03/18/2024,"1,385.94","1,388.40","1,393.46","1,385.01",12.93B,-0.01%
03/15/2024,"1,386.04","1,390.12","1,393.26","1,386.04",17.10B,-0.64%
03/14/2024,"1,394.93","1,384.72","1,395.88","1,383.26",21.33B,0.75%
03/13/2024,"1,384.51","1,379.60","1,388.32","1,378.43",19.90B,0.35%
03/12/2024,"1,379.63","1,383.36","1,385.65","1,374.69",23.90B,-0.04%
03/11/2024,"1,380.23","1,383.38","1,387.61","1,379.72",13.38B,-0.45%
03/08/2024,"1,386.42","1,373.41","1,386.58","1,373.05",17.35B,1.04%
03/07/2024,"1,372.16","1,373.10","1,374.96","1,365.16",17.18M,0.12%
03/06/2024,"1,370.55","1,356.45","1,375.82","1,356.10",18.03B,0.83%
03/05/2024,"1,359.26","1,358.87","1,362.46","1,350.98",18.71B,-0.24%
03/04/2024,"1,362.59","1,369.13","1,372.01","1,362.05",18.99B,-0.35%
03/01/2024,"1,367.42","1,369.63","1,375.22","1,364.31",22.83B,-0.24%
02/29/2024,"1,370.67","1,380.84","1,381.24","1,367.40",25.78M,-0.82%
02/28/2024,"1,382.05","1,389.39","1,389.44","1,381.65",26.54M,-0.84%
02/27/2024,"1,393.70","1,397.80","1,400.64","1,390.35",22.94M,-0.32%
02/23/2024,"1,398.14","1,404.26","1,404.65","1,396.78",16.09M,-0.31%
02/22/2024,"1,402.47","1,396.65","1,405.13","1,393.52",18.53B,0.64%
02/21/2024,"1,393.61","1,382.90","1,395.11","1,379.02",26.10B,0.91%
02/20/2024,"1,381.07","1,388.41","1,389.06","1,376.65",14.37B,-0.45%
02/19/2024,"1,387.33","1,383.97","1,390.91","1,383.36",14.54M,0.08%
02/16/2024,"1,386.27","1,394.16","1,396.90","1,383.52",17.97M,-0.07%
02/15/2024,"1,387.27","1,387.05","1,392.33","1,383.66",15.01M,0.16%
02/14/2024,"1,385.11","1,382.07","1,386.47","1,378.82",16.63M,-0.48%
02/13/2024,"1,391.73","1,392.37","1,397.60","1,391.73",9.22M,0.17%
02/12/2024,"1,389.30","1,389.54","1,392.17","1,386.52",7.37M,0.07%
02/09/2024,"1,388.37","1,389.92","1,391.44","1,385.05",9.74M,-0.02%
02/08/2024,"1,388.60","1,399.40","1,403.71","1,388.60",21.76M,-0.82%
02/07/2024,"1,400.02","1,400.20","1,402.44","1,394.10",20.74M,0.22%
02/06/2024,"1,396.96","1,385.92","1,400.63","1,385.92",30.23B,0.94%
02/05/2024,"1,383.93","1,383.38","1,389.67","1,379.86",26.82B,-0.01%
02/02/2024,"1,384.08","1,376.04","1,386.67","1,375.40",26.90M,1.18%
02/01/2024,"1,367.96","1,363.65","1,372.73","1,357.89",21.03M,0.25%
01/31/2024,"1,364.52","1,374.35","1,374.55","1,360.23",20.35M,-0.63%
01/30/2024,"1,373.14","1,376.29","1,378.23","1,370.81",20.16M,-0.23%
01/29/2024,"1,376.28","1,373.78","1,379.60","1,366.84",18.86B,0.59%
01/26/2024,"1,368.15","1,375.76","1,379.85","1,364.86",27.65M,-0.58%
01/25/2024,"1,376.09","1,376.97","1,378.89","1,370.89",22.16M,-0.37%
01/24/2024,"1,381.19","1,356.98","1,382.78","1,355.13",22.59M,1.82%
01/23/2024,"1,356.54","1,373.62","1,375.60","1,353.29",17.17M,-0.98%
01/22/2024,"1,369.92","1,383.42","1,383.42","1,369.92",18.72M,-0.91%
01/19/2024,"1,382.51","1,384.84","1,389.26","1,378.28",15.99B,0.33%
01/18/2024,"1,377.93","1,382.34","1,387.31","1,374.70",21.83M,-0.20%
01/17/2024,"1,380.65","1,397.64","1,397.64","1,378.91",17.57M,-1.50%
01/16/2024,"1,401.72","1,406.11","1,407.08","1,399.85",17.91B,-0.38%
01/15/2024,"1,407.02","1,415.63","1,415.84","1,405.72",12.76M,-0.46%
01/12/2024,"1,413.53","1,410.11","1,416.10","1,408.70",15.22M,0.38%
01/11/2024,"1,408.24","1,415.62","1,415.68","1,407.32",11.96M,-0.37%
01/10/2024,"1,413.52","1,416.03","1,418.33","1,410.37",14.18M,-0.10%
01/09/2024,"1,414.93","1,427.51","1,428.36","1,414.73",14.78M,-0.25%
01/08/2024,"1,418.45","1,426.95","1,427.67","1,415.06",17.95M,-0.67%
01/05/2024,"1,427.96","1,432.93","1,437.84","1,425.84",15.52M,-0.46%
01/04/2024,"1,434.59","1,427.98","1,435.01","1,421.10",12.93M,0.35%
01/03/2024,"1,429.62","1,431.88","1,436.28","1,426.96",11.86M,-0.26%
01/02/2024,"1,433.38","1,415.70","1,434.18","1,415.09",11.22M,1.24%
12/28/2023,"1,415.85","1,410.87","1,418.87","1,410.87",12.99M,0.38%
12/27/2023,"1,410.43","1,415.06","1,416.00","1,407.81",10.15M,-0.21%
12/26/2023,"1,413.45","1,409.00","1,414.18","1,406.58",7.70M,0.33%
12/25/2023,"1,408.83","1,404.56","1,409.41","1,404.35",6.02B,0.27%
12/22/2023,"1,405.09","1,407.39","1,407.57","1,397.93",11.57B,0.02%
12/21/2023,"1,404.84","1,394.91","1,407.50","1,394.60",10.64M,0.32%
12/20/2023,"1,400.37","1,398.01","1,406.03","1,395.45",11.54M,0.39%
12/19/2023,"1,394.90","1,395.26","1,397.51","1,389.20",10.92M,0.11%
12/18/2023,"1,393.41","1,387.33","1,395.47","1,384.21",9.35M,0.17%
12/15/2023,"1,391.03","1,384.87","1,398.54","1,382.44",12.38M,0.88%
12/14/2023,"1,378.94","1,370.16","1,380.31","1,367.00",10.96M,1.54%
12/13/2023,"1,357.97","1,369.88","1,370.04","1,354.94",10.81M,-1.16%
12/12/2023,"1,373.92","1,383.31","1,383.31","1,370.14",10.04M,-0.51%
12/08/2023,"1,380.99","1,381.80","1,389.25","1,376.55",11.90M,0.16%
12/07/2023,"1,378.73","1,384.06","1,384.18","1,373.84",11.21M,-0.78%
12/06/2023,"1,389.55","1,383.14","1,393.31","1,380.21",11.98M,0.43%
12/04/2023,"1,383.54","1,376.72","1,389.19","1,375.08",10.88M,0.23%
12/01/2023,"1,380.31","1,382.25","1,384.13","1,374.06",12.83B,0.01%
11/30/2023,"1,380.18","1,389.25","1,389.65","1,371.98",18.91M,-0.54%
11/29/2023,"1,387.69","1,404.89","1,404.98","1,387.50",13.49M,-0.98%
11/28/2023,"1,401.42","1,398.57","1,405.40","1,395.01",10.98M,0.57%
11/27/2023,"1,393.42","1,393.02","1,397.39","1,385.39",10.24M,-0.29%
11/24/2023,"1,397.43","1,407.39","1,409.78","1,396.27",10.34M,-0.65%
11/23/2023,"1,406.61","1,414.93","1,414.93","1,400.62",13.47M,-0.53%
11/22/2023,"1,414.15","1,422.02","1,422.02","1,407.55",10.79M,-0.66%
11/21/2023,"1,423.61","1,427.04","1,427.13","1,418.42",10.70B,0.29%
11/20/2023,"1,419.44","1,415.68","1,419.80","1,410.01",9.97M,0.26%
11/17/2023,"1,415.78","1,408.04","1,422.59","1,406.40",12.24M,0.03%
11/16/2023,"1,415.34","1,413.05","1,417.20","1,407.79",10.84B,0.01%
11/15/2023,"1,415.17","1,401.48","1,416.76","1,401.06",13.30M,2.10%
11/14/2023,"1,386.04","1,390.37","1,393.20","1,377.69",12.14B,-0.08%
11/13/2023,"1,387.13","1,391.47","1,392.54","1,378.08",12.05B,-0.18%
11/10/2023,"1,389.57","1,392.68","1,405.77","1,387.41",13.17M,-1.10%
11/09/2023,"1,404.97","1,410.83","1,411.20","1,389.60",14.07M,-0.48%
11/08/2023,"1,411.77","1,410.07","1,416.88","1,407.06",10.48M,0.25%
11/07/2023,"1,408.30","1,413.64","1,419.53","1,407.11",11.48M,-0.63%
11/06/2023,"1,417.21","1,428.15","1,431.02","1,417.21",10.05M,-0.18%
11/03/2023,"1,419.76","1,410.98","1,424.65","1,410.04",10.85M,1.12%
11/02/2023,"1,403.99","1,391.97","1,407.59","1,391.97",11.23M,1.74%
11/01/2023,"1,379.96","1,380.89","1,387.78","1,373.35",11.04M,-0.14%
10/31/2023,"1,381.83","1,395.60","1,395.77","1,374.66",10.09M,-1.00%
10/30/2023,"1,395.85","1,381.57","1,398.04","1,381.21",11.16B,0.55%
10/27/2023,"1,388.23","1,369.02","1,390.58","1,366.27",12.03M,1.24%
10/26/2023,"1,371.22","1,394.50","1,395.27","1,370.72",11.59M,-2.17%
10/25/2023,"1,401.70","1,401.25","1,414.13","1,399.67",11.61M,0.77%
10/24/2023,"1,391.03","1,395.92","1,398.73","1,387.60",10.20B,-0.59%
10/20/2023,"1,399.35","1,420.24","1,422.10","1,398.25",11.97M,-1.66%
10/19/2023,"1,423.04","1,425.07","1,428.75","1,419.80",10.70M,-1.03%
10/18/2023,"1,437.85","1,432.94","1,445.30","1,430.05",12.80M,0.31%
10/17/2023,"1,433.40","1,431.83","1,440.53","1,429.52",9.79M,0.44%
10/16/2023,"1,427.11","1,443.89","1,445.87","1,416.54",12.35M,-1.63%
10/12/2023,"1,450.75","1,457.00","1,459.19","1,448.38",9.84B,-0.36%
10/11/2023,"1,455.99","1,438.08","1,456.43","1,434.72",12.89M,1.50%
10/10/2023,"1,434.45","1,441.84","1,441.84","1,430.24",10.99M,0.19%
10/09/2023,"1,431.72","1,434.67","1,435.49","1,423.24",10.92M,-0.47%
10/06/2023,"1,438.45","1,457.81","1,457.81","1,434.03",10.87M,-0.97%
10/05/2023,"1,452.55","1,454.57","1,455.95","1,443.93",10.30M,0.09%
10/04/2023,"1,451.25","1,430.74","1,454.63","1,430.74",11.04M,0.27%
10/03/2023,"1,447.30","1,458.65","1,459.99","1,443.24",12.48B,-1.51%
10/02/2023,"1,469.46","1,473.54","1,478.01","1,461.66",10.52B,-0.13%
09/29/2023,"1,471.43","1,482.12","1,484.51","1,471.43",12.39M,-0.72%
09/28/2023,"1,482.14","1,497.65","1,505.37","1,482.01",12.59M,-1.00%
09/27/2023,"1,497.15","1,494.14","1,499.06","1,488.14",10.38B,0.21%
09/26/2023,"1,494.02","1,504.69","1,514.89","1,494.02",12.18M,-0.88%
09/25/2023,"1,507.36","1,524.39","1,524.97","1,507.36",9.01B,-1.00%
09/22/2023,"1,522.59","1,514.07","1,526.50","1,510.38",11.68M,0.55%
09/21/2023,"1,514.26","1,504.55","1,517.37","1,503.23",10.24B,0.42%
09/20/2023,"1,507.90","1,521.66","1,521.66","1,503.33",12.05B,-0.99%
09/19/2023,"1,522.96","1,527.68","1,531.43","1,521.50",9.59M,-0.30%
09/18/2023,"1,527.57","1,539.40","1,539.40","1,525.58",9.92M,-0.94%
09/15/2023,"1,542.03","1,550.04","1,550.83","1,541.61",10.36M,-0.20%
09/14/2023,"1,545.14","1,538.03","1,547.36","1,532.56",10.78M,0.64%
09/13/2023,"1,535.31","1,546.47","1,546.47","1,533.20",9.68M,-0.66%
09/12/2023,"1,545.50","1,544.08","1,550.67","1,543.21",10.83B,0.30%
09/11/2023,"1,540.94","1,548.93","1,550.46","1,535.82",12.16B,-0.40%
09/08/2023,"1,547.17","1,551.20","1,554.27","1,546.99",8.82M,-0.21%
09/07/2023,"1,550.36","1,548.86","1,556.94","1,546.43",11.27B,0.10%
09/06/2023,"1,548.78","1,547.75","1,554.19","1,543.03",13.88M,0.06%
09/05/2023,"1,547.86","1,548.87","1,553.60","1,545.56",12.57M,-0.05%
09/04/2023,"1,548.68","1,564.90","1,565.54","1,547.11",12.92M,-0.82%
09/01/2023,"1,561.51","1,569.20","1,571.80","1,559.37",11.65M,-0.28%
08/31/2023,"1,565.94","1,575.30","1,575.59","1,563.41",17.53M,-0.68%
08/30/2023,"1,576.67","1,574.30","1,579.12","1,572.92",13.48M,0.50%
08/29/2023,"1,568.81","1,566.00","1,573.05","1,563.15",12.70M,0.37%
08/28/2023,"1,562.97","1,566.00","1,568.68","1,560.41",13.92B,0.18%
08/25/2023,"1,560.20","1,554.74","1,561.11","1,551.38",14.03M,0.18%
08/24/2023,"1,557.41","1,552.97","1,563.35","1,552.97",15.43M,0.54%
08/23/2023,"1,549.01","1,550.20","1,554.02","1,543.64",16.10M,0.22%
08/22/2023,"1,545.60","1,535.54","1,547.92","1,532.52",16.41M,1.29%
08/21/2023,"1,525.85","1,522.44","1,529.04","1,515.25",12.17M,0.44%
08/18/2023,"1,519.12","1,525.75","1,527.24","1,516.44",13.95M,-0.63%
08/17/2023,"1,528.81","1,515.10","1,531.08","1,512.08",14.11B,0.61%
08/16/2023,"1,519.56","1,514.84","1,520.94","1,506.85",14.19M,-0.08%
08/15/2023,"1,520.73","1,534.05","1,535.88","1,518.25",11.85M,-0.94%
08/11/2023,"1,535.16","1,535.47","1,540.19","1,528.85",13.14B,0.11%
08/10/2023,"1,533.41","1,527.93","1,533.41","1,518.86",12.42M,0.33%
08/09/2023,"1,528.30","1,520.90","1,528.30","1,515.23",13.21M,0.65%
08/08/2023,"1,518.44","1,534.61","1,536.03","1,518.44",11.66M,-0.92%
08/07/2023,"1,532.51","1,533.18","1,540.22","1,519.37",11.65B,0.13%
08/04/2023,"1,530.46","1,531.03","1,538.73","1,530.39",12.74M,0.09%
08/03/2023,"1,529.01","1,543.78","1,546.11","1,528.63",14.09B,-1.37%
08/02/2023,"1,550.28","1,550.06","1,562.07","1,546.23",16.30B,-0.37%
07/31/2023,"1,556.06","1,548.75","1,559.07","1,547.62",14.52B,0.83%
07/27/2023,"1,543.27","1,527.12","1,546.27","1,520.89",15.11B,1.23%
07/26/2023,"1,524.59","1,527.41","1,530.18","1,519.44",9.82B,-0.11%
07/25/2023,"1,526.30","1,529.17","1,533.74","1,519.28",11.89B,0.16%
07/24/2023,"1,523.81","1,529.41","1,537.15","1,520.77",14.49B,-0.36%
07/21/2023,"1,529.25","1,524.04","1,532.47","1,516.75",12.87B,0.53%
07/20/2023,"1,521.18","1,536.08","1,541.49","1,521.18",12.02B,-1.01%
07/19/2023,"1,536.64","1,537.68","1,545.70","1,529.25",12.45B,0.09%
07/18/2023,"1,535.30","1,527.13","1,535.62","1,526.91",11.23B,0.43%
07/17/2023,"1,528.77","1,521.39","1,532.12","1,515.45",11.31B,0.71%
07/14/2023,"1,517.92","1,497.85","1,519.08","1,497.85",12.23B,1.60%
07/13/2023,"1,494.02","1,491.05","1,497.24","1,487.48",9.98B,0.19%
07/12/2023,"1,491.14","1,500.97","1,507.01","1,488.01",12.95B,-0.39%
07/11/2023,"1,496.96","1,503.06","1,505.40","1,492.63",11.20B,0.00%
07/10/2023,"1,496.89","1,493.21","1,498.36","1,482.21",11.94B,0.43%
07/07/2023,"1,490.51","1,481.91","1,496.59","1,474.94",11.03B,0.00%
07/06/2023,"1,490.46","1,503.38","1,505.88","1,486.49",14.09B,-1.22%
07/05/2023,"1,508.87","1,512.93","1,516.23","1,506.36",11.14B,-0.42%
07/04/2023,"1,515.31","1,504.12","1,520.02","1,502.50",12.25B,0.56%
07/03/2023,"1,506.84","1,507.65","1,509.15","1,494.57",10.78B,0.25%
06/30/2023,"1,503.10","1,488.86","1,506.19","1,487.74",15.29B,1.59%
06/29/2023,"1,479.57","1,468.00","1,490.71","1,461.61",16.07B,0.86%
06/28/2023,"1,466.93","1,483.32","1,485.89","1,465.45",14.02B,-0.76%
06/27/2023,"1,478.10","1,488.17","1,495.67","1,478.10",11.43B,-0.49%
06/26/2023,"1,485.32","1,504.27","1,507.63","1,483.92",12.44B,-1.34%
06/23/2023,"1,505.52","1,504.50","1,510.42","1,495.82",11.57B,-0.25%
06/22/2023,"1,509.31","1,524.35","1,525.26","1,506.09",13.50B,-0.84%
06/21/2023,"1,522.12","1,533.87","1,534.73","1,517.51",13.17B,-1.01%
06/20/2023,"1,537.59","1,545.43","1,550.46","1,532.96",15.25B,-1.24%
06/19/2023,"1,556.92","1,554.81","1,562.36","1,550.75",12.12B,-0.16%
06/16/2023,"1,559.39","1,562.67","1,567.97","1,546.48",15.65B,0.11%
06/15/2023,"1,557.71","1,561.47","1,566.14","1,555.54",12.89B,-0.22%
06/14/2023,"1,561.15","1,566.54","1,569.06","1,559.89",12.74M,-0.08%
06/13/2023,"1,562.40","1,553.11","1,566.26","1,552.30",11.71B,0.71%
06/12/2023,"1,551.41","1,551.12","1,555.89","1,547.46",11.31B,-0.24%
06/09/2023,"1,555.11","1,558.94","1,559.43","1,549.57",12.30B,-0.28%
06/08/2023,"1,559.50","1,533.56","1,559.50","1,530.55",13.84B,1.71%
06/07/2023,"1,533.21","1,531.30","1,534.69","1,522.30",14.35B,0.31%
06/06/2023,"1,528.54","1,537.62","1,539.49","1,526.93",13.76B,-0.17%
06/02/2023,"1,531.20","1,526.87","1,534.49","1,524.52",16.22B,0.64%
06/01/2023,"1,521.40","1,534.16","1,536.76","1,521.31",19.37B,-0.79%
05/31/2023,"1,533.54","1,525.58","1,533.54","1,521.33",15.33B,-0.08%
05/30/2023,"1,534.81","1,543.30","1,545.55","1,531.30",13.29B,-0.40%
05/29/2023,"1,540.97","1,535.63","1,543.11","1,535.63",11.96B,0.66%
05/26/2023,"1,530.84","1,533.18","1,536.08","1,527.59",10.66B,-0.30%
05/25/2023,"1,535.42","1,537.55","1,541.06","1,529.64",13.13B,-0.07%
05/24/2023,"1,536.51","1,530.61","1,542.89","1,529.65",12.61M,0.11%
05/23/2023,"1,534.84","1,526.15","1,536.59","1,518.38",15.18B,0.37%
05/22/2023,"1,529.24","1,505.21","1,531.01","1,491.12",18.04B,0.95%
05/19/2023,"1,514.89","1,529.15","1,530.47","1,512.66",15.03B,-0.77%
05/18/2023,"1,526.69","1,531.15","1,541.06","1,526.69",15.58B,0.26%
05/17/2023,"1,522.74","1,541.29","1,543.63","1,517.21",14.47B,-1.11%
05/16/2023,"1,539.84","1,541.11","1,545.74","1,536.36",14.92B,-0.10%
05/15/2023,"1,541.38","1,570.62","1,570.62","1,536.82",18.09B,-1.28%
05/12/2023,"1,561.35","1,565.66","1,567.81","1,548.03",16.07B,-0.39%
05/11/2023,"1,567.40","1,571.21","1,576.59","1,564.78",13.23B,-0.14%
05/10/2023,"1,569.56","1,562.66","1,570.85","1,557.68",11.75B,0.31%
05/09/2023,"1,564.66","1,561.76","1,569.74","1,554.68",12.53B,0.15%
05/08/2023,"1,562.25","1,541.51","1,562.25","1,537.46",11.80B,1.89%
05/03/2023,"1,533.30","1,521.17","1,533.90","1,507.22",15.64B,0.32%
05/02/2023,"1,528.43","1,531.92","1,535.35","1,517.98",12.87B,-0.05%
04/28/2023,"1,529.12","1,536.28","1,542.41","1,524.30",14.02B,-0.14%
04/27/2023,"1,531.23","1,539.28","1,540.24","1,525.93",13.55B,-0.82%
04/26/2023,"1,543.95","1,543.29","1,549.81","1,532.08",12.25B,0.24%
04/25/2023,"1,540.20","1,557.80","1,559.86","1,538.31",14.70B,-1.13%
04/24/2023,"1,557.87","1,555.76","1,561.55","1,553.15",12.12B,-0.03%
04/21/2023,"1,558.36","1,563.91","1,572.43","1,549.64",16.54B,-0.43%
04/20/2023,"1,565.10","1,579.98","1,582.30","1,562.11",14.09B,-0.99%
04/19/2023,"1,580.73","1,588.90","1,595.08","1,579.23",14.69B,-0.82%
04/18/2023,"1,593.85","1,600.16","1,601.31","1,589.58",11.38B,-0.41%
04/17/2023,"1,600.41","1,593.09","1,604.21","1,587.87",13.46B,0.49%
04/12/2023,"1,592.67","1,597.59","1,598.27","1,580.71",11.54B,-0.28%
04/11/2023,"1,597.10","1,595.77","1,598.03","1,590.28",10.98B,0.25%
04/10/2023,"1,593.13","1,577.39","1,596.54","1,571.14",12.11B,1.02%
04/07/2023,"1,577.07","1,573.36","1,582.96","1,571.26",11.50B,0.38%
04/05/2023,"1,571.13","1,593.92","1,594.69","1,569.37",12.56B,-1.44%
04/04/2023,"1,594.05","1,601.89","1,603.79","1,591.20",14.16B,-0.39%
04/03/2023,"1,600.37","1,610.84","1,613.98","1,593.96",16.62B,-0.55%
03/31/2023,"1,609.17","1,607.00","1,614.09","1,605.55",13.83B,0.23%
03/30/2023,"1,605.42","1,611.64","1,613.16","1,601.03",16.72B,-0.32%
03/29/2023,"1,610.52","1,611.75","1,615.29","1,602.43",14.57B,0.22%
03/28/2023,"1,606.91","1,600.82","1,607.75","1,599.92",15.78B,0.85%
03/27/2023,"1,593.37","1,595.12","1,595.86","1,586.01",15.40B,0.10%
03/24/2023,"1,591.85","1,596.94","1,599.78","1,588.25",15.84B,-0.11%
03/23/2023,"1,593.65","1,582.26","1,598.59","1,577.70",17.67B,0.54%
03/22/2023,"1,585.08","1,584.84","1,588.17","1,579.25",16.90B,0.50%
03/21/2023,"1,577.18","1,564.32","1,579.69","1,561.65",18.03B,1.40%
03/20/2023,"1,555.45","1,560.23","1,569.76","1,543.47",20.47B,-0.53%
03/17/2023,"1,563.67","1,564.58","1,571.60","1,555.24",20.42B,0.58%
03/16/2023,"1,554.65","1,549.76","1,558.67","1,538.10",21.13B,-0.66%
03/15/2023,"1,565.00","1,544.19","1,573.51","1,543.61",20.71B,2.70%
03/14/2023,"1,523.89","1,564.96","1,572.36","1,518.66",23.73B,-3.13%
03/13/2023,"1,573.07","1,592.82","1,602.65","1,572.65",23.30B,-1.66%
03/10/2023,"1,599.65","1,605.62","1,609.10","1,596.44",14.03B,-0.90%
03/09/2023,"1,614.22","1,615.27","1,621.88","1,608.41",15.93B,0.10%
03/08/2023,"1,612.60","1,606.13","1,615.51","1,599.87",17.88B,-0.37%
03/07/2023,"1,618.51","1,613.29","1,624.78","1,612.80",16.70B,0.72%
03/03/2023,"1,606.88","1,614.31","1,615.39","1,604.14",17.24B,-0.36%
03/02/2023,"1,612.64","1,618.97","1,626.55","1,608.67",18.03B,-0.45%
03/01/2023,"1,619.98","1,627.18","1,628.92","1,619.72",15.73B,-0.15%
02/28/2023,"1,622.35","1,633.81","1,637.41","1,618.09",18.11B,-0.31%
02/27/2023,"1,627.35","1,633.16","1,635.35","1,624.62",15.28B,-0.41%
02/24/2023,"1,634.02","1,653.12","1,654.09","1,631.54",16.03B,-1.12%
02/23/2023,"1,652.47","1,657.78","1,658.92","1,647.37",15.19B,-0.42%
02/22/2023,"1,659.48","1,665.60","1,667.99","1,656.50",14.22B,-0.55%
02/21/2023,"1,668.63","1,659.70","1,669.51","1,652.25",14.54B,0.66%
02/20/2023,"1,657.69","1,654.90","1,660.18","1,650.39",12.53B,0.36%
02/17/2023,"1,651.67","1,654.87","1,657.02","1,643.82",13.27B,-0.40%
02/16/2023,"1,658.29","1,653.85","1,660.58","1,648.99",15.88B,0.66%
02/15/2023,"1,647.39","1,651.19","1,657.53","1,642.97",22.53B,-0.32%
02/14/2023,"1,652.76","1,667.97","1,669.71","1,648.74",18.27B,-0.73%
02/13/2023,"1,664.89","1,661.37","1,669.98","1,658.43",14.95B,0.02%
02/10/2023,"1,664.57","1,665.85","1,668.97","1,660.10",16.29B,-0.28%
02/09/2023,"1,669.17","1,670.08","1,672.09","1,656.74",20.74B,-0.07%
02/08/2023,"1,670.34","1,683.53","1,684.75","1,667.79",20.34B,-0.60%
02/07/2023,"1,680.49","1,684.69","1,689.51","1,676.14",20.20B,-0.10%
02/06/2023,"1,682.11","1,686.01","1,687.78","1,680.22",17.12B,-0.37%
02/03/2023,"1,688.36","1,684.33","1,690.40","1,679.00",17.90B,0.34%
02/02/2023,"1,682.58","1,689.16","1,692.94","1,681.74",20.24B,-0.19%
02/01/2023,"1,685.75","1,676.67","1,687.98","1,675.73",19.76B,0.85%
01/31/2023,"1,671.46","1,681.66","1,683.90","1,671.00",21.03B,-0.58%
01/30/2023,"1,681.22","1,683.56","1,685.24","1,676.51",16.58B,0.00%
01/27/2023,"1,681.30","1,674.41","1,683.77","1,670.91",15.59B,0.60%
01/26/2023,"1,671.34","1,682.80","1,684.84","1,667.43",19.24B,-0.64%
01/25/2023,"1,682.11","1,686.13","1,687.51","1,678.71",13.84B,-0.05%
01/24/2023,"1,682.94","1,689.90","1,693.97","1,682.58",13.83B,-0.07%
01/23/2023,"1,684.04","1,681.33","1,689.52","1,677.52",14.55B,0.40%
01/20/2023,"1,677.25","1,687.42","1,688.59","1,672.49",18.60B,-0.67%
01/19/2023,"1,688.48","1,682.13","1,690.69","1,681.72",15.82B,0.18%
01/18/2023,"1,685.44","1,682.04","1,689.41","1,679.15",15.09B,0.26%
01/17/2023,"1,681.04","1,686.09","1,688.56","1,679.20",14.22B,-0.23%
01/16/2023,"1,684.86","1,686.35","1,691.35","1,679.99",17.63B,0.19%
01/13/2023,"1,681.73","1,691.52","1,695.99","1,673.92",20.67B,-0.34%
01/12/2023,"1,687.45","1,688.34","1,690.32","1,679.99",16.72B,0.10%
01/11/2023,"1,685.75","1,693.22","1,695.13","1,681.88",17.83B,-0.33%
01/10/2023,"1,691.41","1,694.17","1,695.53","1,684.90",15.56B,0.02%
01/09/2023,"1,691.12","1,685.30","1,693.42","1,684.90",16.83B,1.03%
01/06/2023,"1,673.86","1,667.14","1,677.79","1,665.49",16.40B,0.60%
01/05/2023,"1,663.86","1,674.81","1,676.82","1,659.90",18.17B,-0.56%
01/04/2023,"1,673.25","1,680.07","1,685.11","1,668.07",17.41B,-0.34%
01/03/2023,"1,678.97","1,675.70","1,683.38","1,673.29",11.90B,0.62%
12/30/2022,"1,668.66","1,662.65","1,678.17","1,661.48",13.65B,0.45%
12/29/2022,"1,661.20","1,644.73","1,662.07","1,642.48",13.11B,0.85%
12/28/2022,"1,647.28","1,644.00","1,649.42","1,641.54",13.31B,0.25%
12/27/2022,"1,643.16","1,632.06","1,645.76","1,631.14",11.29B,1.01%
12/26/2022,"1,626.80","1,620.69","1,629.26","1,619.69",7.14B,0.57%
12/23/2022,"1,617.55","1,611.92","1,619.32","1,609.82",11.99B,0.05%
12/22/2022,"1,616.67","1,614.53","1,618.86","1,611.81",10.51B,0.42%
12/21/2022,"1,609.94","1,611.26","1,612.61","1,605.29",12.42B,0.34%
12/20/2022,"1,604.44","1,619.72","1,621.54","1,597.03",15.76B,-0.85%
12/19/2022,"1,618.20","1,619.03","1,624.34","1,613.94",13.00B,-0.05%
12/16/2022,"1,619.01","1,615.55","1,620.44","1,612.02",15.68B,-0.08%
12/15/2022,"1,620.28","1,632.64","1,634.02","1,616.99",16.64B,-0.80%
12/14/2022,"1,633.36","1,630.49","1,638.88","1,628.17",14.17B,0.46%
12/13/2022,"1,625.91","1,629.83","1,633.07","1,621.41",12.70B,0.17%
12/09/2022,"1,623.13","1,621.97","1,629.93","1,618.13",12.34B,0.16%
12/08/2022,"1,620.49","1,624.29","1,625.90","1,615.06",11.65B,-0.11%
12/07/2022,"1,622.28","1,632.20","1,636.15","1,621.01",17.01B,-0.65%
12/06/2022,"1,632.97","1,639.25","1,640.87","1,628.66",14.65B,-0.53%
12/02/2022,"1,641.63","1,649.79","1,651.19","1,639.13",14.67B,-0.41%
12/01/2022,"1,648.44","1,642.16","1,651.76","1,639.02",18.84B,0.80%
11/30/2022,"1,635.36","1,626.14","1,636.08","1,622.24",17.50B,0.68%
11/29/2022,"1,624.39","1,619.23","1,625.67","1,613.87",16.18B,0.46%
11/28/2022,"1,616.91","1,616.43","1,620.78","1,612.56",13.00B,-0.24%
11/25/2022,"1,620.84","1,622.39","1,622.89","1,615.95",11.01B,-0.25%
11/24/2022,"1,624.96","1,628.79","1,630.08","1,621.57",13.45B,0.03%
11/23/2022,"1,624.40","1,619.87","1,626.22","1,617.56",15.65B,0.56%
11/22/2022,"1,615.33","1,620.34","1,629.22","1,612.25",18.10B,-0.22%
11/21/2022,"1,618.86","1,613.43","1,623.30","1,611.45",14.85B,0.09%
11/18/2022,"1,617.38","1,615.58","1,622.03","1,610.75",17.43B,0.15%
11/17/2022,"1,614.95","1,617.65","1,619.05","1,611.28",17.07B,-0.31%
11/16/2022,"1,619.98","1,628.74","1,629.06","1,616.82",17.49B,-0.58%
11/15/2022,"1,629.38","1,625.58","1,632.42","1,623.33",20.62B,0.37%
11/14/2022,"1,623.38","1,630.46","1,633.76","1,618.28",23.03B,-0.85%
11/11/2022,"1,637.29","1,635.36","1,640.03","1,629.57",24.39B,1.12%
11/10/2022,"1,619.23","1,614.01","1,623.97","1,611.17",18.48B,-0.20%
11/09/2022,"1,622.45","1,633.58","1,635.37","1,619.69",19.96B,-0.62%
11/08/2022,"1,632.61","1,628.19","1,635.87","1,627.93",17.23B,0.56%
11/07/2022,"1,623.57","1,632.19","1,634.65","1,621.10",23.79B,-0.17%
11/04/2022,"1,626.32","1,628.13","1,635.93","1,626.19",23.47B,0.04%
11/03/2022,"1,625.62","1,621.87","1,628.78","1,619.99",18.42B,0.04%
11/02/2022,"1,625.02","1,627.92","1,630.56","1,622.30",18.44B,-0.04%
11/01/2022,"1,625.73","1,614.23","1,628.29","1,613.96",22.90B,1.05%
10/31/2022,"1,608.76","1,614.66","1,619.08","1,605.76",17.71B,0.17%
10/28/2022,"1,606.07","1,603.44","1,607.75","1,598.18",20.33B,0.23%
10/27/2022,"1,602.33","1,600.40","1,605.76","1,592.49",20.87B,0.37%
10/26/2022,"1,596.46","1,602.62","1,604.99","1,593.79",19.36B,-0.26%
10/25/2022,"1,600.66","1,598.29","1,602.88","1,593.68",16.99B,0.59%
10/21/2022,"1,591.32","1,592.72","1,597.93","1,588.01",16.49B,-0.09%
10/20/2022,"1,592.73","1,585.12","1,595.57","1,579.78",19.58B,0.25%
10/19/2022,"1,588.72","1,592.62","1,596.03","1,583.81",15.21B,-0.10%
10/18/2022,"1,590.36","1,577.75","1,594.68","1,576.62",17.64B,1.21%
10/17/2022,"1,571.40","1,563.05","1,573.67","1,553.80",15.21B,0.68%
10/12/2022,"1,560.78","1,564.42","1,567.03","1,557.74",17.41B,-0.12%
10/11/2022,"1,562.68","1,567.37","1,569.13","1,559.22",15.98B,-0.50%
10/10/2022,"1,570.57","1,570.38","1,573.41","1,562.35",14.89B,-0.58%
10/07/2022,"1,579.66","1,590.36","1,592.12","1,572.52",15.89B,-0.60%
10/06/2022,"1,589.18","1,586.36","1,597.80","1,586.16",17.37B,0.56%
10/05/2022,"1,580.27","1,586.58","1,590.34","1,576.71",18.90B,0.14%
10/04/2022,"1,578.00","1,576.93","1,584.57","1,567.48",18.04B,1.28%
10/03/2022,"1,558.05","1,586.51","1,592.72","1,556.73",20.78B,-1.98%
09/30/2022,"1,589.51","1,589.98","1,597.44","1,584.22",18.37B,-0.18%
09/29/2022,"1,592.37","1,607.84","1,617.23","1,589.79",23.19B,-0.43%
09/28/2022,"1,599.23","1,600.94","1,606.23","1,595.76",19.58B,-0.70%
09/27/2022,"1,610.58","1,622.74","1,627.30","1,610.32",22.79B,-0.66%
09/26/2022,"1,621.25","1,626.61","1,627.95","1,615.32",17.65B,-0.64%
09/23/2022,"1,631.71","1,646.02","1,647.34","1,631.50",15.92B,-0.83%
09/22/2022,"1,645.29","1,631.01","1,649.29","1,627.34",18.80B,0.72%
09/21/2022,"1,633.45","1,640.50","1,642.82","1,633.41",17.74B,-0.31%
09/20/2022,"1,638.59","1,640.62","1,645.15","1,636.20",18.34B,0.43%
09/19/2022,"1,631.57","1,632.61","1,638.68","1,628.96",17.22B,0.07%
09/16/2022,"1,630.40","1,639.15","1,642.73","1,629.31",20.85B,-0.73%
09/15/2022,"1,642.33","1,660.14","1,661.04","1,642.07",21.67B,-0.86%
09/14/2022,"1,656.58","1,643.39","1,660.42","1,642.53",18.85B,-0.27%
09/13/2022,"1,661.09","1,669.58","1,671.19","1,660.81",18.76B,-0.28%
09/12/2022,"1,665.74","1,661.39","1,672.64","1,660.83",14.79B,0.67%
09/09/2022,"1,654.62","1,646.64","1,658.96","1,641.82",18.18B,0.89%
09/08/2022,"1,640.00","1,645.75","1,649.17","1,636.33",21.33B,0.00%
09/07/2022,"1,639.92","1,631.49","1,641.25","1,628.80",21.69B,0.37%
09/06/2022,"1,633.87","1,626.62","1,636.70","1,624.92",20.48B,0.73%
09/05/2022,"1,622.00","1,622.38","1,622.72","1,611.86",19.77B,-0.01%
09/02/2022,"1,622.15","1,622.86","1,626.48","1,611.19",21.53B,0.01%
09/01/2022,"1,621.95","1,636.52","1,640.65","1,617.75",24.51B,-1.04%
08/31/2022,"1,638.93","1,632.92","1,644.09","1,630.01",26.63B,-0.03%
08/30/2022,"1,639.45","1,631.17","1,641.51","1,627.71",20.98B,0.79%
08/29/2022,"1,626.52","1,622.43","1,634.63","1,619.58",20.46B,-1.11%
08/26/2022,"1,644.78","1,646.18","1,650.71","1,639.04",20.05B,0.08%
08/25/2022,"1,643.52","1,638.51","1,646.55","1,636.91",19.63B,0.73%
08/24/2022,"1,631.55","1,632.97","1,638.75","1,624.60",23.64B,-0.12%
08/23/2022,"1,633.57","1,613.20","1,635.78","1,609.81",19.30B,1.10%
08/22/2022,"1,615.82","1,623.72","1,628.51","1,612.41",15.76B,-0.62%
08/19/2022,"1,625.92","1,635.35","1,638.75","1,623.69",19.30B,-0.62%
08/18/2022,"1,636.07","1,638.74","1,641.31","1,630.99",16.54B,-0.22%
08/17/2022,"1,639.72","1,633.65","1,642.17","1,632.26",18.87B,0.60%
08/16/2022,"1,629.95","1,629.44","1,632.86","1,624.92",19.88B,0.29%
08/15/2022,"1,625.25","1,621.20","1,630.12","1,617.00",17.41B,0.18%
08/11/2022,"1,622.26","1,624.75","1,626.28","1,612.61",20.05B,0.31%
08/10/2022,"1,617.21","1,616.40","1,618.07","1,606.09",17.86B,-0.10%
08/09/2022,"1,618.80","1,608.96","1,620.98","1,606.48",18.47B,0.62%
08/08/2022,"1,608.87","1,602.81","1,608.88","1,589.62",18.26B,0.49%
08/05/2022,"1,601.09","1,602.04","1,603.86","1,595.89",15.87B,0.15%
08/04/2022,"1,598.75","1,599.96","1,604.85","1,592.28",19.75B,0.25%
08/03/2022,"1,594.73","1,590.52","1,597.74","1,586.49",16.14B,0.35%
08/02/2022,"1,589.16","1,588.76","1,598.54","1,585.71",18.21B,-0.26%
08/01/2022,"1,593.24","1,584.93","1,596.66","1,581.23",20.09B,1.07%
07/27/2022,"1,576.41","1,557.11","1,576.78","1,555.64",17.37B,1.50%
07/26/2022,"1,553.18","1,563.16","1,563.84","1,551.96",15.76B,-0.46%
07/25/2022,"1,560.31","1,553.70","1,563.27","1,548.10",18.21B,0.49%
07/22/2022,"1,552.73","1,551.20","1,556.26","1,541.97",19.22B,0.42%
07/21/2022,"1,546.31","1,538.40","1,547.83","1,535.51",18.70B,0.45%
07/20/2022,"1,539.32","1,542.59","1,545.25","1,535.52",18.17B,0.38%
07/19/2022,"1,533.43","1,540.42","1,541.55","1,520.77",18.03B,-0.74%
07/18/2022,"1,544.81","1,539.13","1,546.29","1,535.81",16.02B,0.75%
07/15/2022,"1,533.37","1,538.76","1,539.96","1,517.51",20.25B,-0.22%
07/14/2022,"1,536.82","1,543.40","1,550.33","1,532.08",18.71B,-0.65%
07/12/2022,"1,546.80","1,553.83","1,556.90","1,542.95",16.79B,-0.68%
07/11/2022,"1,557.40","1,556.01","1,560.01","1,548.87",15.00B,-0.03%
07/08/2022,"1,557.87","1,568.60","1,569.48","1,554.26",18.40B,-0.29%
07/07/2022,"1,562.37","1,545.33","1,563.65","1,542.75",19.08B,1.33%
07/06/2022,"1,541.79","1,539.65","1,546.84","1,530.43",22.72B,0.03%
07/05/2022,"1,541.30","1,566.51","1,569.96","1,539.32",21.99B,-1.22%
07/04/2022,"1,560.27","1,575.03","1,577.10","1,559.64",18.96B,-0.79%
07/01/2022,"1,572.67","1,571.19","1,575.77","1,563.39",14.99B,0.28%
06/30/2022,"1,568.33","1,587.82","1,591.23","1,564.82",20.89B,-1.13%
06/29/2022,"1,586.18","1,588.03","1,590.05","1,582.52",18.56B,-0.52%
06/28/2022,"1,594.47","1,580.68","1,596.27","1,576.75",20.03B,0.90%
06/27/2022,"1,580.20","1,577.89","1,584.05","1,575.29",18.80B,0.73%
06/24/2022,"1,568.76","1,567.14","1,570.62","1,559.74",17.72B,0.72%
06/23/2022,"1,557.61","1,564.21","1,565.53","1,555.52",20.65B,-0.15%
06/22/2022,"1,560.02","1,571.35","1,572.66","1,551.42",21.19B,-0.92%
06/21/2022,"1,574.52","1,568.63","1,576.05","1,563.14",18.17B,0.98%
06/20/2022,"1,559.21","1,554.84","1,563.97","1,549.98",17.76B,-0.01%
06/17/2022,"1,559.39","1,553.07","1,567.82","1,544.26",24.54B,-0.11%
06/16/2022,"1,561.10","1,604.73","1,607.19","1,560.94",25.52B,-2.04%
06/15/2022,"1,593.54","1,605.54","1,606.31","1,589.28",20.18B,-0.59%
06/14/2022,"1,603.03","1,597.17","1,605.53","1,590.75",19.92B,0.19%
06/13/2022,"1,600.06","1,611.84","1,616.31","1,599.34",20.53B,-1.99%
06/10/2022,"1,632.62","1,637.36","1,640.86","1,631.43",18.74B,-0.53%
06/09/2022,"1,641.34","1,637.53","1,646.44","1,636.20",23.56B,0.27%
06/08/2022,"1,636.89","1,639.10","1,641.08","1,631.12",17.89B,0.30%
06/07/2022,"1,631.92","1,644.22","1,645.41","1,630.37",19.66B,-0.86%
06/06/2022,"1,646.08","1,650.41","1,652.11","1,636.08",18.68B,-0.10%
06/02/2022,"1,647.67","1,657.01","1,658.05","1,645.89",17.43B,-0.74%
06/01/2022,"1,660.01","1,662.32","1,664.90","1,655.80",20.84B,-0.20%
05/31/2022,"1,663.41","1,654.27","1,663.52","1,649.60",20.44B,0.59%
05/30/2022,"1,653.61","1,649.51","1,656.54","1,646.95",20.22B,0.91%
05/27/2022,"1,638.75","1,643.18","1,646.37","1,632.66",22.71B,0.31%
05/26/2022,"1,633.73","1,630.53","1,636.02","1,629.31",20.78B,0.53%
05/25/2022,"1,625.18","1,632.12","1,640.69","1,624.03",22.68B,-0.06%
05/24/2022,"1,626.23","1,636.12","1,636.97","1,625.93",20.33B,-0.55%
05/23/2022,"1,635.28","1,627.71","1,635.35","1,623.60",20.39B,0.76%
05/20/2022,"1,622.95","1,618.92","1,626.16","1,616.46",21.20B,1.06%
05/19/2022,"1,605.98","1,595.43","1,611.67","1,592.10",20.99B,-0.89%
05/18/2022,"1,620.33","1,617.70","1,622.17","1,607.31",22.16B,0.36%
05/17/2022,"1,614.49","1,595.60","1,615.48","1,590.96",23.12B,1.90%
05/13/2022,"1,584.38","1,592.47","1,597.58","1,578.11",22.38B,-0.01%
05/12/2022,"1,584.52","1,607.28","1,607.88","1,580.10",25.34B,-1.79%
05/11/2022,"1,613.34","1,621.35","1,622.70","1,604.30",23.11B,-0.58%
05/10/2022,"1,622.78","1,599.98","1,622.82","1,592.64",24.36B,1.14%
05/09/2022,"1,604.49","1,623.71","1,624.26","1,604.06",19.77B,-1.54%
05/06/2022,"1,629.58","1,626.08","1,634.65","1,617.94",23.54B,-0.83%
05/05/2022,"1,643.30","1,663.25","1,667.12","1,643.17",23.02B,-0.54%
05/03/2022,"1,652.29","1,667.41","1,668.54","1,649.50",21.16B,-0.91%
04/29/2022,"1,667.44","1,667.81","1,673.54","1,666.84",23.65B,-0.02%
04/28/2022,"1,667.74","1,663.14","1,669.04","1,658.47",22.36B,0.35%
04/27/2022,"1,661.89","1,667.45","1,670.22","1,655.25",23.88B,-0.42%
04/26/2022,"1,668.97","1,681.74","1,685.42","1,668.76",25.79B,-0.38%
04/25/2022,"1,675.33","1,677.55","1,683.06","1,672.99",20.90B,-0.90%
04/22/2022,"1,690.59","1,686.26","1,690.59","1,680.86",23.21B,0.00%
04/21/2022,"1,690.55","1,686.31","1,693.97","1,682.65",22.95B,0.61%
04/20/2022,"1,680.35","1,678.50","1,685.90","1,675.58",21.36B,0.28%
04/19/2022,"1,675.62","1,675.26","1,681.75","1,673.91",23.51B,0.45%
04/18/2022,"1,668.06","1,669.09","1,675.95","1,665.25",18.48B,-0.38%
04/12/2022,"1,674.34","1,673.72","1,678.44","1,669.36",19.13B,-0.25%
04/11/2022,"1,678.46","1,683.45","1,685.95","1,675.95",22.08B,-0.45%
04/08/2022,"1,686.00","1,684.66","1,690.58","1,678.07",24.66B,0.21%
04/07/2022,"1,682.41","1,693.46","1,694.23","1,674.81",26.97B,-1.10%
04/05/2022,"1,701.18","1,705.86","1,708.89","1,698.33",20.07B,-0.10%
04/04/2022,"1,702.93","1,704.64","1,706.77","1,699.82",23.36B,0.10%
04/01/2022,"1,701.31","1,693.67","1,701.99","1,690.70",23.98B,0.36%
03/31/2022,"1,695.24","1,698.80","1,701.95","1,693.16",24.39B,-0.19%
03/30/2022,"1,698.40","1,694.84","1,702.67","1,692.73",30.46B,0.51%
03/29/2022,"1,689.74","1,688.52","1,692.90","1,686.84",25.42B,0.32%
03/28/2022,"1,684.30","1,678.13","1,687.20","1,676.75",21.91B,0.45%
03/25/2022,"1,676.80","1,683.67","1,685.41","1,674.12",24.32B,-0.24%
03/24/2022,"1,680.89","1,677.52","1,685.12","1,675.19",24.81B,0.18%
03/23/2022,"1,677.95","1,684.03","1,686.14","1,676.88",24.14B,0.00%
03/22/2022,"1,677.87","1,672.99","1,680.00","1,670.55",27.10B,0.24%
03/21/2022,"1,673.87","1,683.69","1,685.78","1,671.08",25.86B,-0.28%
03/18/2022,"1,678.51","1,684.12","1,685.68","1,677.16",26.90B,-0.19%
03/17/2022,"1,681.76","1,679.27","1,686.45","1,677.19",32.97B,0.83%
03/16/2022,"1,667.92","1,655.01","1,668.95","1,653.87",27.37B,1.43%
03/15/2022,"1,644.36","1,656.78","1,663.32","1,639.90",27.11B,-0.95%
03/14/2022,"1,660.15","1,656.36","1,662.66","1,651.90",24.67B,0.13%
03/11/2022,"1,658.01","1,642.27","1,659.67","1,637.93",29.53B,0.66%
03/10/2022,"1,647.08","1,652.99","1,659.29","1,643.39",30.28B,0.21%
03/09/2022,"1,643.64","1,626.72","1,643.87","1,610.34",34.13B,1.52%
03/08/2022,"1,619.10","1,622.03","1,633.50","1,580.80",42.49B,-0.47%
03/07/2022,"1,626.70","1,654.43","1,655.19","1,616.08",31.73B,-2.69%
03/04/2022,"1,671.72","1,687.99","1,689.89","1,671.70",29.75B,-1.44%
03/03/2022,"1,696.08","1,701.26","1,705.50","1,691.20",29.94B,0.37%
03/02/2022,"1,689.81","1,694.64","1,699.58","1,684.53",27.83B,-0.26%
03/01/2022,"1,694.28","1,694.95","1,701.69","1,690.82",27.58B,0.54%
02/28/2022,"1,685.18","1,678.05","1,690.61","1,668.05",27.86B,0.31%
02/25/2022,"1,679.90","1,676.12","1,684.50","1,670.13",27.64B,1.03%
02/24/2022,"1,662.72","1,683.92","1,690.50","1,656.62",39.61B,-1.99%
02/23/2022,"1,696.45","1,694.07","1,700.35","1,686.09",28.81B,0.32%
02/22/2022,"1,691.12","1,681.24","1,691.62","1,673.31",29.18B,-0.19%
02/21/2022,"1,694.32","1,712.95","1,713.87","1,692.13",28.47B,-1.10%
02/18/2022,"1,713.20","1,709.03","1,716.14","1,703.60",28.70B,0.09%
02/17/2022,"1,711.58","1,709.50","1,718.55","1,708.43",27.67B,0.60%
02/15/2022,"1,701.45","1,688.67","1,702.74","1,687.18",29.60B,0.99%
02/14/2022,"1,684.69","1,692.89","1,694.19","1,680.83",30.71B,-0.85%
02/11/2022,"1,699.20","1,694.71","1,703.95","1,690.69",28.50B,-0.22%
02/10/2022,"1,703.00","1,705.73","1,707.44","1,696.73",29.01B,-0.01%
02/09/2022,"1,703.16","1,689.52","1,708.03","1,688.95",37.48B,1.12%
02/08/2022,"1,684.23","1,680.61","1,685.14","1,677.48",26.72B,0.42%
02/07/2022,"1,677.24","1,679.08","1,681.17","1,667.29",25.30B,0.18%
02/04/2022,"1,674.22","1,672.90","1,678.72","1,672.39",22.36B,0.31%
02/03/2022,"1,669.05","1,664.63","1,673.75","1,664.09",24.64B,0.08%
02/02/2022,"1,667.75","1,665.80","1,669.50","1,658.58",21.22B,0.36%
02/01/2022,"1,661.75","1,659.43","1,663.76","1,658.26",19.92B,0.78%
01/31/2022,"1,648.81","1,647.68","1,655.48","1,646.88",21.18B,0.57%
01/28/2022,"1,639.51","1,637.82","1,646.48","1,636.70",24.20B,0.33%
01/27/2022,"1,634.17","1,633.78","1,635.14","1,617.87",33.19B,-0.56%
01/26/2022,"1,643.44","1,645.49","1,649.82","1,642.07",27.52B,0.27%
01/25/2022,"1,639.09","1,636.33","1,641.68","1,624.29",31.20B,-0.09%
01/24/2022,"1,640.54","1,650.34","1,654.99","1,639.14",29.12B,-0.74%
01/21/2022,"1,652.73","1,651.21","1,655.42","1,641.86",29.88B,-0.26%
01/20/2022,"1,656.96","1,663.31","1,666.60","1,656.47",29.79B,-0.08%
01/19/2022,"1,658.24","1,658.86","1,667.44","1,653.38",37.43B,-0.12%
01/18/2022,"1,660.27","1,680.28","1,682.93","1,660.15",42.96B,-0.99%
01/17/2022,"1,676.87","1,675.81","1,680.39","1,672.93",31.13B,0.25%
01/14/2022,"1,672.63","1,676.58","1,680.02","1,670.70",46.66B,-0.44%
01/13/2022,"1,680.02","1,680.83","1,682.71","1,675.74",32.23B,0.09%
01/12/2022,"1,678.50","1,676.03","1,680.85","1,673.00",30.67B,0.68%
01/11/2022,"1,667.12","1,659.33","1,667.70","1,659.00",26.93B,0.61%
01/10/2022,"1,657.06","1,661.50","1,664.23","1,654.05",27.66B,-0.03%
01/07/2022,"1,657.62","1,659.15","1,662.42","1,650.53",28.60B,0.28%
01/06/2022,"1,653.03","1,663.59","1,666.22","1,653.03",30.73B,-1.42%
01/05/2022,"1,676.79","1,672.89","1,677.95","1,670.59",27.93B,0.39%
01/04/2022,"1,670.28","1,664.51","1,674.19","1,663.50",28.68B,0.76%
12/30/2021,"1,657.62","1,657.29","1,660.85","1,652.37",21.31B,0.26%
12/29/2021,"1,653.33","1,643.43","1,654.98","1,641.75",24.68B,0.72%
12/28/2021,"1,641.52","1,640.97","1,650.28","1,640.61",25.10B,0.31%
12/27/2021,"1,636.50","1,641.28","1,642.42","1,632.79",20.52B,-0.04%
12/24/2021,"1,637.22","1,642.64","1,644.12","1,635.19",21.13B,-0.26%
12/23/2021,"1,641.47","1,633.20","1,645.71","1,632.90",24.44B,0.90%
12/22/2021,"1,626.79","1,628.42","1,632.33","1,624.77",22.07B,0.28%
12/21/2021,"1,622.25","1,623.20","1,628.84","1,618.57",29.25B,0.40%
12/20/2021,"1,615.80","1,631.22","1,633.80","1,612.96",28.64B,-1.58%
12/17/2021,"1,641.73","1,644.10","1,646.85","1,637.09",26.96B,-0.22%
12/16/2021,"1,645.32","1,629.48","1,645.44","1,624.31",29.06B,1.33%
12/15/2021,"1,623.66","1,628.01","1,630.89","1,622.49",25.49B,-0.43%
12/14/2021,"1,630.64","1,619.69","1,630.93","1,616.51",24.96B,0.30%
12/13/2021,"1,625.83","1,626.26","1,628.93","1,618.57",28.23B,0.47%
12/09/2021,"1,618.23","1,621.63","1,623.82","1,612.57",28.29B,-0.01%
12/08/2021,"1,618.36","1,617.09","1,621.21","1,610.30",25.53B,0.56%
12/07/2021,"1,609.28","1,600.17","1,611.58","1,595.14",28.23B,1.33%
12/03/2021,"1,588.19","1,593.08","1,597.25","1,587.53",23.38B,-0.23%
12/02/2021,"1,591.84","1,583.38","1,592.00","1,580.08",24.10B,0.06%
12/01/2021,"1,590.81","1,576.26","1,591.86","1,563.04",31.10B,1.41%
11/30/2021,"1,568.69","1,601.52","1,612.10","1,565.95",38.76B,-1.32%
11/29/2021,"1,589.69","1,608.01","1,617.55","1,587.78",33.56B,-1.30%
11/26/2021,"1,610.61","1,639.54","1,640.91","1,608.55",38.13B,-2.30%
11/25/2021,"1,648.46","1,654.94","1,656.46","1,644.87",22.82B,-0.08%
11/24/2021,"1,649.82","1,650.54","1,658.60","1,647.90",28.57B,0.21%
11/23/2021,"1,646.42","1,652.62","1,654.49","1,644.02",27.81B,-0.19%
11/22/2021,"1,649.54","1,648.14","1,653.33","1,645.09",28.41B,0.27%
11/19/2021,"1,645.06","1,653.36","1,656.27","1,641.52",39.41B,-0.36%
11/18/2021,"1,651.02","1,643.39","1,653.68","1,642.50",30.37B,0.39%
11/17/2021,"1,644.60","1,646.86","1,651.51","1,642.36",26.61B,0.04%
11/16/2021,"1,644.01","1,642.05","1,648.43","1,639.08",27.47B,0.32%
11/15/2021,"1,638.73","1,636.41","1,642.60","1,635.22",24.57B,0.29%
11/12/2021,"1,633.94","1,636.63","1,640.66","1,632.88",24.89B,0.09%
11/11/2021,"1,632.44","1,629.28","1,634.44","1,626.80",25.78B,0.12%
11/10/2021,"1,630.47","1,627.67","1,633.43","1,625.13",25.12B,-0.07%
11/09/2021,"1,631.69","1,626.80","1,633.76","1,623.64",25.11B,0.34%
11/08/2021,"1,626.13","1,631.34","1,635.62","1,621.35",29.48B,-0.01%
11/05/2021,"1,626.22","1,627.45","1,628.60","1,619.62",23.06B,0.00%
11/04/2021,"1,626.27","1,613.45","1,627.57","1,607.73",30.11B,0.89%
11/03/2021,"1,611.92","1,620.52","1,623.08","1,607.72",32.05B,-0.37%
11/02/2021,"1,617.89","1,616.74","1,621.69","1,608.64",28.89B,0.25%
11/01/2021,"1,613.78","1,627.59","1,632.73","1,611.39",28.46B,-0.59%
10/29/2021,"1,623.43","1,626.27","1,629.25","1,619.14",26.23B,-0.05%
10/28/2021,"1,624.31","1,626.06","1,632.30","1,622.56",28.59B,-0.20%
10/27/2021,"1,627.61","1,632.44","1,635.68","1,626.56",27.68B,-0.51%
10/26/2021,"1,635.97","1,635.61","1,639.93","1,627.68",29.43B,0.11%
10/25/2021,"1,634.20","1,645.00","1,645.91","1,631.29",25.65B,-0.56%
10/21/2021,"1,643.42","1,644.39","1,646.50","1,639.16",27.24B,0.36%
10/20/2021,"1,637.55","1,633.88","1,639.41","1,632.62",28.17B,0.44%
10/19/2021,"1,630.39","1,648.48","1,649.66","1,627.12",36.15B,-0.82%
10/18/2021,"1,643.92","1,641.97","1,648.00","1,639.92",30.42B,0.34%
10/15/2021,"1,638.34","1,646.35","1,651.41","1,635.14",33.00B,-0.16%
10/14/2021,"1,640.97","1,647.56","1,648.62","1,637.42",32.57B,-0.16%
10/12/2021,"1,643.64","1,644.56","1,646.85","1,637.49",31.18B,0.62%
10/11/2021,"1,633.44","1,644.38","1,646.50","1,629.95",31.47B,-0.36%
10/08/2021,"1,639.41","1,641.92","1,644.16","1,635.77",30.14B,0.35%
10/07/2021,"1,633.72","1,627.15","1,637.82","1,624.59",33.37B,0.88%
10/06/2021,"1,619.48","1,626.65","1,631.81","1,617.24",34.58B,-0.29%
10/05/2021,"1,624.24","1,612.50","1,626.44","1,611.42",32.67B,0.60%
10/04/2021,"1,614.48","1,611.69","1,619.62","1,610.96",29.83B,0.58%
10/01/2021,"1,605.17","1,600.59","1,609.48","1,593.32",30.35B,-0.03%
09/30/2021,"1,605.68","1,616.99","1,621.15","1,601.79",34.58B,-0.70%
09/29/2021,"1,616.98","1,605.19","1,622.62","1,604.46",32.43B,0.03%
09/28/2021,"1,616.50","1,623.88","1,626.55","1,614.31",39.32B,-0.22%
09/27/2021,"1,620.02","1,637.30","1,639.97","1,616.60",45.72B,-0.68%
09/23/2021,"1,631.15","1,632.92","1,637.65","1,623.00",43.83B,0.71%
09/22/2021,"1,619.59","1,614.74","1,623.86","1,611.76",36.45B,0.29%
09/21/2021,"1,614.86","1,604.64","1,618.19","1,591.81",33.67B,0.74%
09/20/2021,"1,603.06","1,617.44","1,620.72","1,601.16",32.48B,-1.39%
09/17/2021,"1,625.65","1,632.18","1,635.04","1,617.31",34.86B,-0.37%
09/16/2021,"1,631.70","1,633.28","1,636.01","1,628.57",31.41B,0.22%
09/15/2021,"1,628.04","1,624.17","1,630.05","1,620.84",30.07B,0.26%
09/14/2021,"1,623.84","1,639.90","1,640.40","1,621.96",34.98B,-0.61%
09/13/2021,"1,633.76","1,634.43","1,642.63","1,627.29",42.53B,-0.10%
09/10/2021,"1,635.35","1,633.10","1,639.65","1,620.58",36.65B,0.38%
09/09/2021,"1,629.12","1,637.65","1,646.07","1,626.95",38.15B,-0.69%
09/08/2021,"1,640.45","1,632.18","1,641.29","1,627.17",36.30B,0.24%
09/07/2021,"1,636.45","1,653.67","1,658.08","1,635.11",38.51B,-0.72%
09/06/2021,"1,648.37","1,652.33","1,655.04","1,644.56",36.39B,-0.12%
09/03/2021,"1,650.33","1,654.00","1,657.79","1,644.12",33.49B,0.16%
09/02/2021,"1,647.75","1,634.25","1,652.03","1,633.12",37.35B,0.81%
09/01/2021,"1,634.48","1,643.01","1,646.07","1,628.16",45.60B,-0.26%
08/31/2021,"1,638.75","1,632.65","1,643.76","1,628.12",35.86B,0.30%
08/30/2021,"1,633.77","1,621.68","1,634.92","1,621.42",33.03B,1.40%
08/27/2021,"1,611.20","1,602.16","1,615.22","1,600.00",36.61B,0.58%
08/26/2021,"1,601.91","1,601.99","1,603.99","1,595.69",30.37B,0.09%
08/25/2021,"1,600.49","1,591.29","1,601.09","1,588.37",32.49B,0.85%
08/24/2021,"1,586.98","1,590.12","1,598.39","1,585.46",30.83B,0.31%
08/23/2021,"1,582.07","1,566.10","1,583.13","1,565.93",34.18B,1.86%
08/20/2021,"1,553.18","1,549.92","1,554.45","1,545.92",31.18B,0.58%
08/19/2021,"1,544.28","1,546.70","1,553.90","1,543.75",31.45B,-0.49%
08/18/2021,"1,551.87","1,546.71","1,557.08","1,545.33",29.28B,0.50%
08/17/2021,"1,544.22","1,536.94","1,545.95","1,533.32",30.32B,0.85%
08/16/2021,"1,531.24","1,527.08","1,532.94","1,512.28",32.27B,0.19%
08/13/2021,"1,528.32","1,530.68","1,541.08","1,525.51",30.99B,-0.29%
08/11/2021,"1,532.71","1,549.41","1,550.74","1,531.58",35.07B,-0.64%
08/10/2021,"1,542.62","1,544.31","1,551.61","1,539.40",33.08B,0.16%
08/09/2021,"1,540.19","1,528.16","1,543.71","1,525.29",28.91B,1.21%
08/06/2021,"1,521.72","1,530.43","1,537.27","1,514.67",32.04B,-0.39%
08/05/2021,"1,527.66","1,544.83","1,547.38","1,526.91",36.32B,-1.18%
08/04/2021,"1,545.86","1,542.11","1,548.63","1,533.36",26.31B,0.35%
08/03/2021,"1,540.51","1,525.24","1,540.52","1,524.37",24.19B,1.01%
08/02/2021,"1,525.11","1,523.42","1,525.73","1,513.71",23.06B,0.21%
07/30/2021,"1,521.92","1,536.91","1,539.03","1,516.77",32.14B,-1.03%
07/29/2021,"1,537.78","1,541.80","1,545.08","1,533.94",25.63B,0.01%
07/27/2021,"1,537.63","1,547.40","1,551.43","1,531.81",23.04B,-0.48%
07/23/2021,"1,545.10","1,550.86","1,553.25","1,540.35",22.04B,-0.47%
07/22/2021,"1,552.36","1,549.85","1,554.65","1,546.26",23.50B,0.75%
07/21/2021,"1,540.88","1,543.17","1,545.39","1,532.34",25.32B,0.13%
07/20/2021,"1,538.86","1,551.26","1,552.38","1,530.62",28.48B,-1.10%
07/19/2021,"1,556.01","1,557.81","1,563.88","1,551.79",21.90B,-1.17%
07/16/2021,"1,574.37","1,569.23","1,575.66","1,567.17",26.01B,0.15%
07/15/2021,"1,572.01","1,575.05","1,580.43","1,570.96",26.75B,0.15%
07/14/2021,"1,569.70","1,570.12","1,573.04","1,561.00",23.02B,-0.08%
07/13/2021,"1,570.99","1,557.26","1,571.82","1,555.88",24.58B,1.36%
07/12/2021,"1,549.84","1,558.63","1,561.72","1,544.71",23.47B,-0.14%
07/09/2021,"1,552.09","1,537.97","1,554.60","1,535.69",30.36B,0.55%
07/08/2021,"1,543.67","1,563.96","1,567.33","1,540.56",33.54B,-2.09%
07/07/2021,"1,576.60","1,585.04","1,587.70","1,574.14",27.53B,-0.93%
07/06/2021,"1,591.43","1,585.96","1,594.15","1,585.34",20.97B,0.77%
07/05/2021,"1,579.28","1,580.69","1,582.46","1,573.67",21.23B,0.05%
07/02/2021,"1,578.49","1,591.37","1,596.05","1,574.92",25.87B,-0.96%
07/01/2021,"1,593.75","1,591.04","1,596.36","1,584.69",26.16B,0.38%
06/30/2021,"1,587.79","1,597.26","1,600.57","1,584.47",26.23B,-0.23%
06/29/2021,"1,591.43","1,580.89","1,596.08","1,579.44",24.06B,0.78%
06/28/2021,"1,579.17","1,572.18","1,581.34","1,565.31",23.08B,-0.22%
06/25/2021,"1,582.67","1,592.02","1,596.16","1,577.63",22.02B,-0.19%
06/24/2021,"1,585.72","1,587.73","1,589.33","1,569.93",28.60B,-0.40%
06/23/2021,"1,592.08","1,605.31","1,606.39","1,590.63",25.90B,-0.45%
06/22/2021,"1,599.23","1,610.85","1,613.66","1,598.56",25.72B,-0.12%
06/21/2021,"1,601.13","1,596.96","1,602.66","1,590.55",29.11B,-0.73%
06/18/2021,"1,612.98","1,619.88","1,622.43","1,604.44",30.19B,-0.29%
06/17/2021,"1,617.65","1,621.38","1,631.69","1,615.62",30.57B,-0.44%
06/16/2021,"1,624.79","1,622.78","1,631.23","1,619.23",28.85B,0.15%
06/15/2021,"1,622.31","1,634.45","1,636.10","1,618.60",28.63B,-0.66%
06/14/2021,"1,633.06","1,641.68","1,642.80","1,629.33",29.70B,-0.21%
06/11/2021,"1,636.56","1,632.04","1,636.92","1,628.14",36.28B,0.69%
06/10/2021,"1,625.27","1,631.92","1,636.22","1,623.57",33.01B,-0.06%
06/09/2021,"1,626.27","1,618.06","1,628.42","1,617.83",31.02B,0.83%
06/08/2021,"1,612.88","1,614.85","1,618.70","1,605.31",35.12B,0.02%
06/07/2021,"1,612.59","1,618.74","1,625.56","1,611.78",32.50B,0.07%
06/04/2021,"1,611.53","1,613.72","1,622.89","1,611.34",32.55B,-0.37%
06/02/2021,"1,617.55","1,624.83","1,627.67","1,612.94",33.30B,-0.06%
06/01/2021,"1,618.59","1,602.65","1,620.53","1,598.66",37.16B,1.57%
05/31/2021,"1,593.59","1,582.56","1,594.65","1,578.09",32.40B,0.73%
05/28/2021,"1,581.98","1,590.44","1,595.45","1,579.53",31.99B,-0.06%
05/27/2021,"1,582.96","1,570.50","1,587.54","1,568.89",34.43B,0.92%
05/25/2021,"1,568.58","1,562.89","1,572.03","1,560.13",29.07B,1.08%
05/24/2021,"1,551.85","1,555.23","1,559.60","1,547.14",38.52B,-0.04%
05/21/2021,"1,552.44","1,559.82","1,560.51","1,546.55",36.97B,-0.14%
05/20/2021,"1,554.54","1,565.39","1,568.72","1,554.54",32.86B,-0.49%
05/19/2021,"1,562.24","1,561.97","1,570.05","1,557.83",30.51B,-0.29%
05/18/2021,"1,566.80","1,559.93","1,570.37","1,558.85",33.73B,1.14%
05/17/2021,"1,549.16","1,542.23","1,554.08","1,529.69",37.82B,-0.02%
05/14/2021,"1,549.48","1,555.72","1,558.86","1,532.29",34.66B,0.09%
05/13/2021,"1,548.13","1,554.10","1,561.80","1,501.02",42.72B,-1.51%
05/12/2021,"1,571.85","1,576.66","1,578.34","1,557.94",34.37B,-0.45%
05/11/2021,"1,578.93","1,579.25","1,590.54","1,566.91",34.31B,-0.58%
05/10/2021,"1,588.15","1,596.61","1,596.80","1,576.79",32.17B,0.20%
05/07/2021,"1,585.03","1,582.25","1,589.21","1,577.19",33.15B,0.83%
05/06/2021,"1,571.91","1,553.27","1,575.37","1,551.42",31.70B,1.46%
05/05/2021,"1,549.22","1,581.86","1,583.27","1,547.35",40.51B,-2.14%
04/30/2021,"1,583.13","1,591.12","1,593.23","1,580.74",32.48B,-0.46%
04/29/2021,"1,590.46","1,584.55","1,592.90","1,583.98",30.96B,0.87%
04/28/2021,"1,576.79","1,565.70","1,578.62","1,562.84",33.62B,1.13%
04/27/2021,"1,559.23","1,564.06","1,570.58","1,553.03",42.21B,-0.02%
04/26/2021,"1,559.53","1,552.05","1,561.52","1,544.10",32.81B,0.38%
04/23/2021,"1,553.59","1,563.46","1,564.62","1,550.62",29.52B,-0.93%
04/22/2021,"1,568.21","1,585.91","1,587.95","1,564.83",30.63B,-0.75%
04/21/2021,"1,580.01","1,576.19","1,584.57","1,575.56",28.07B,0.00%
04/20/2021,"1,580.04","1,574.38","1,582.49","1,570.53",29.88B,0.33%
04/19/2021,"1,574.91","1,555.01","1,574.97","1,552.91",28.84B,1.68%
04/16/2021,"1,548.96","1,543.59","1,550.26","1,529.29",28.04B,0.51%
04/12/2021,"1,541.12","1,561.53","1,562.07","1,539.24",29.45B,-1.61%
04/09/2021,"1,566.34","1,562.20","1,572.13","1,561.76",30.65B,0.48%
04/08/2021,"1,558.83","1,554.64","1,564.05","1,552.18",31.94B,0.15%
04/07/2021,"1,556.56","1,566.11","1,570.69","1,555.57",37.13B,-1.46%
04/05/2021,"1,579.66","1,599.33","1,601.24","1,575.56",31.34B,-1.04%
04/02/2021,"1,596.27","1,603.24","1,606.41","1,595.31",28.37B,0.07%
04/01/2021,"1,595.12","1,594.01","1,600.60","1,590.33",29.16B,0.50%
03/31/2021,"1,587.21","1,592.26","1,593.93","1,585.58",25.76B,-0.15%
03/30/2021,"1,589.53","1,589.68","1,593.52","1,585.06",32.59B,0.36%
03/29/2021,"1,583.89","1,582.73","1,592.47","1,580.90",27.80B,0.57%
03/26/2021,"1,574.86","1,577.47","1,580.74","1,566.89",31.34B,0.24%
03/25/2021,"1,571.04","1,576.27","1,580.17","1,571.04",35.01B,0.01%
03/24/2021,"1,570.83","1,557.50","1,570.84","1,555.72",33.46B,0.42%
03/23/2021,"1,564.25","1,572.70","1,574.14","1,562.03",32.67B,-0.13%
03/22/2021,"1,566.36","1,563.56","1,571.74","1,555.38",29.53B,0.15%
03/19/2021,"1,563.96","1,562.30","1,566.67","1,554.96",29.10B,-0.31%
03/18/2021,"1,568.82","1,579.72","1,583.30","1,567.67",28.03B,0.13%
03/17/2021,"1,566.76","1,562.92","1,571.53","1,559.22",28.73B,0.17%
03/16/2021,"1,564.03","1,569.01","1,573.13","1,562.35",30.54B,-0.11%
03/15/2021,"1,565.73","1,573.11","1,575.96","1,562.69",27.95B,-0.16%
03/12/2021,"1,568.19","1,579.71","1,584.40","1,562.90",28.41B,-0.44%
03/11/2021,"1,575.13","1,582.69","1,584.61","1,569.87",29.65B,0.13%
03/10/2021,"1,573.05","1,553.27","1,573.55","1,550.45",33.70B,1.45%
03/09/2021,"1,550.59","1,553.00","1,554.96","1,537.23",29.28B,0.44%
03/08/2021,"1,543.76","1,559.17","1,562.56","1,540.64",32.69B,-0.02%
03/05/2021,"1,544.11","1,531.05","1,553.92","1,529.83",34.31B,0.65%
03/04/2021,"1,534.11","1,535.76","1,540.66","1,527.88",32.48B,-0.60%
03/03/2021,"1,543.40","1,510.27","1,543.48","1,510.07",30.14B,2.66%
03/02/2021,"1,503.36","1,503.91","1,509.65","1,500.80",26.94B,0.16%
03/01/2021,"1,500.92","1,493.55","1,505.61","1,487.99",25.42B,0.28%
02/25/2021,"1,496.78","1,508.82","1,511.30","1,494.36",32.00B,0.38%
02/24/2021,"1,491.11","1,503.56","1,507.78","1,485.94",30.52B,-0.63%
02/23/2021,"1,500.61","1,487.53","1,506.94","1,486.18",27.15B,1.52%
02/22/2021,"1,478.14","1,504.65","1,505.47","1,476.50",26.87B,-1.49%
02/19/2021,"1,500.51","1,504.98","1,507.63","1,493.52",24.58B,-0.70%
02/18/2021,"1,511.03","1,519.79","1,524.11","1,510.77",25.60B,-0.26%
02/17/2021,"1,514.91","1,519.74","1,528.58","1,513.96",25.66B,-0.54%
02/16/2021,"1,523.11","1,528.43","1,531.29","1,522.41",21.84B,0.03%
02/15/2021,"1,522.72","1,515.91","1,529.98","1,513.33",22.87B,0.95%
02/11/2021,"1,508.35","1,520.68","1,521.31","1,503.19",24.18B,-0.57%
02/10/2021,"1,516.94","1,526.34","1,527.88","1,513.13",24.50B,-0.09%
02/09/2021,"1,518.27","1,524.58","1,529.49","1,516.50",28.41B,0.12%
02/08/2021,"1,516.43","1,508.45","1,517.31","1,507.09",28.60B,1.32%
02/05/2021,"1,496.61","1,491.07","1,498.35","1,488.73",26.63B,0.92%
02/04/2021,"1,482.98","1,486.50","1,492.39","1,477.88",28.31B,0.08%
02/03/2021,"1,481.75","1,498.50","1,500.17","1,481.69",25.75B,-0.30%
02/02/2021,"1,486.25","1,491.02","1,496.46","1,480.50",24.14B,0.55%
02/01/2021,"1,478.05","1,465.76","1,481.66","1,456.45",27.67B,0.75%
01/29/2021,"1,466.98","1,478.76","1,480.44","1,455.55",31.25B,-0.10%
01/28/2021,"1,468.51","1,482.50","1,492.00","1,467.74",28.72B,-1.98%
01/27/2021,"1,498.13","1,510.68","1,515.32","1,498.05",25.23B,-0.97%
01/26/2021,"1,512.83","1,497.03","1,514.82","1,490.37",28.31B,0.75%
01/25/2021,"1,501.62","1,498.36","1,505.47","1,491.63",28.57B,0.25%
01/22/2021,"1,497.88","1,508.92","1,518.05","1,494.45",29.07B,-1.03%
01/21/2021,"1,513.51","1,525.63","1,529.27","1,510.80",28.67B,-0.15%
01/20/2021,"1,515.72","1,524.91","1,529.50","1,511.41",27.07B,-0.45%
01/19/2021,"1,522.59","1,519.37","1,529.17","1,518.66",25.10B,0.83%
01/18/2021,"1,510.13","1,511.04","1,515.51","1,503.04",23.39B,-0.59%
01/15/2021,"1,519.13","1,537.03","1,544.11","1,513.48",29.71B,-1.10%
01/14/2021,"1,535.98","1,545.35","1,552.78","1,533.52",27.06B,-0.73%
01/13/2021,"1,547.31","1,548.30","1,561.66","1,542.42",28.54B,0.48%
01/12/2021,"1,539.85","1,536.75","1,542.65","1,528.50",24.36B,0.22%
01/11/2021,"1,536.49","1,539.79","1,550.75","1,527.75",26.46B,0.00%
01/08/2021,"1,536.44","1,528.12","1,538.61","1,521.17",30.49B,1.50%
01/07/2021,"1,513.78","1,510.64","1,519.91","1,502.81",32.61B,1.44%
01/06/2021,"1,492.36","1,506.56","1,514.89","1,485.79",35.56B,-0.95%
01/05/2021,"1,506.65","1,467.89","1,506.66","1,466.05",31.46B,2.62%
01/04/2021,"1,468.24","1,428.80","1,468.27","1,425.48",26.48B,1.30%
12/30/2020,"1,449.35","1,467.74","1,479.04","1,445.36",22.62B,-0.86%
12/29/2020,"1,461.95","1,452.39","1,468.60","1,440.59",22.53B,0.64%
12/28/2020,"1,452.67","1,505.15","1,512.99","1,452.48",24.91B,-2.26%
12/25/2020,"1,486.31","1,463.32","1,486.84","1,462.77",21.09B,2.40%
12/24/2020,"1,451.52","1,420.60","1,453.87","1,409.75",25.46B,2.51%
12/23/2020,"1,416.02","1,422.59","1,440.52","1,414.21",26.23B,-0.59%
12/22/2020,"1,424.39","1,405.42","1,428.11","1,388.23",27.94B,1.61%
12/21/2020,"1,401.78","1,429.50","1,453.88","1,401.58",34.40B,-5.44%
12/18/2020,"1,482.38","1,485.27","1,489.78","1,475.01",23.06B,-0.10%
12/17/2020,"1,483.89","1,487.70","1,495.37","1,483.32",36.45B,0.12%
12/16/2020,"1,482.09","1,487.28","1,488.86","1,475.09",29.34B,0.33%
12/15/2020,"1,477.21","1,468.22","1,478.61","1,459.97",26.80B,0.07%
12/14/2020,"1,476.13","1,491.87","1,495.18","1,471.56",26.56B,-0.44%
12/09/2020,"1,482.67","1,490.77","1,503.89","1,474.83",31.19B,0.25%
12/08/2020,"1,478.92","1,448.08","1,484.73","1,442.65",34.08B,2.01%
12/04/2020,"1,449.83","1,439.82","1,454.94","1,439.14",26.86B,0.80%
12/03/2020,"1,438.32","1,424.16","1,439.22","1,420.69",24.84B,1.44%
12/02/2020,"1,417.95","1,416.58","1,430.49","1,415.10",24.66B,-0.21%
12/01/2020,"1,420.87","1,418.06","1,430.03","1,416.39",24.39B,0.89%
11/30/2020,"1,408.31","1,429.99","1,435.04","1,408.02",28.79B,-2.05%
11/27/2020,"1,437.78","1,431.26","1,444.53","1,429.43",22.46B,0.29%
11/26/2020,"1,433.56","1,420.96","1,433.57","1,416.79",22.60B,1.26%
11/25/2020,"1,415.72","1,416.84","1,428.36","1,392.42",27.66B,1.01%
11/24/2020,"1,401.63","1,429.44","1,432.56","1,401.29",27.32B,-1.32%
11/23/2020,"1,420.43","1,397.53","1,422.43","1,395.58",29.18B,2.24%
11/20/2020,"1,389.34","1,369.96","1,390.37","1,368.20",23.72B,1.45%
11/19/2020,"1,369.42","1,363.58","1,375.02","1,362.41",24.22B,0.35%
11/18/2020,"1,364.59","1,345.76","1,364.64","1,341.46",21.23B,1.09%
11/17/2020,"1,349.81","1,356.41","1,365.91","1,344.55",22.78B,-0.09%
11/16/2020,"1,351.06","1,360.94","1,365.87","1,351.04",22.38B,0.34%
11/13/2020,"1,346.47","1,330.49","1,352.51","1,327.73",25.57B,0.76%
11/12/2020,"1,336.31","1,340.43","1,341.57","1,327.17",24.01B,-0.67%
11/11/2020,"1,345.34","1,353.65","1,356.83","1,331.39",25.15B,0.31%
11/10/2020,"1,341.24","1,330.14","1,346.72","1,313.04",33.25B,4.31%
11/09/2020,"1,285.88","1,281.41","1,293.90","1,277.52",26.81B,2.05%
11/06/2020,"1,260.08","1,265.84","1,270.22","1,251.08",29.08B,-0.34%
11/05/2020,"1,264.32","1,234.61","1,266.58","1,232.72",32.30B,3.43%
11/04/2020,"1,222.44","1,223.67","1,231.05","1,214.49",25.63B,0.09%
11/03/2020,"1,221.33","1,210.06","1,222.78","1,209.90",19.87B,1.59%
11/02/2020,"1,202.16","1,196.64","1,202.55","1,191.44",18.62B,0.60%
10/30/2020,"1,194.95","1,204.05","1,204.99","1,187.49",19.52B,-0.56%
10/29/2020,"1,201.64","1,200.43","1,206.84","1,195.99",20.33B,-0.52%
10/28/2020,"1,207.94","1,207.42","1,217.88","1,205.88",22.68B,-0.08%
10/27/2020,"1,208.95","1,201.45","1,212.03","1,197.74",18.47B,0.08%
10/26/2020,"1,207.97","1,212.49","1,215.79","1,205.81",17.89B,-0.46%
10/22/2020,"1,213.61","1,214.63","1,223.48","1,204.73",24.05B,-0.24%
10/21/2020,"1,216.48","1,217.10","1,222.62","1,211.85",19.44B,0.48%
10/20/2020,"1,210.67","1,205.33","1,219.16","1,202.03",21.64B,0.16%
10/19/2020,"1,208.75","1,221.88","1,223.15","1,205.61",22.46B,-2.02%
10/16/2020,"1,233.68","1,245.40","1,247.89","1,226.95",18.80B,-0.75%
10/15/2020,"1,242.96","1,255.05","1,258.09","1,240.75",20.56B,-1.66%
10/14/2020,"1,263.99","1,269.49","1,271.10","1,257.84",20.33B,-0.74%
10/12/2020,"1,273.43","1,269.50","1,277.64","1,265.27",20.18B,0.50%
10/09/2020,"1,267.14","1,279.79","1,280.81","1,264.24",19.63B,-0.60%
10/08/2020,"1,274.83","1,269.85","1,282.65","1,269.50",21.62B,0.88%
10/07/2020,"1,263.71","1,248.25","1,264.29","1,245.09",19.92B,1.08%
10/06/2020,"1,250.15","1,251.89","1,257.46","1,249.14",19.88B,0.58%
10/05/2020,"1,242.99","1,245.79","1,248.67","1,239.06",14.44B,0.44%
10/02/2020,"1,237.54","1,245.11","1,246.78","1,231.11",18.63B,-0.81%
10/01/2020,"1,247.59","1,244.23","1,251.11","1,232.81",16.87B,0.85%
09/30/2020,"1,237.04","1,259.08","1,260.06","1,236.53",16.98B,-1.61%
09/29/2020,"1,257.34","1,266.77","1,267.67","1,254.34",14.52B,-0.45%
09/28/2020,"1,263.02","1,251.23","1,264.50","1,251.12",14.51B,1.45%
09/25/2020,"1,244.94","1,251.67","1,256.40","1,241.66",16.69B,-0.20%
09/24/2020,"1,247.46","1,255.79","1,260.31","1,241.52",18.28B,-1.31%
09/23/2020,"1,264.01","1,271.19","1,272.59","1,260.64",17.52B,-0.29%
09/22/2020,"1,267.63","1,271.36","1,275.27","1,262.41",16.37B,-0.59%
09/21/2020,"1,275.16","1,293.77","1,295.35","1,273.44",16.40B,-1.03%
09/18/2020,"1,288.39","1,287.74","1,293.29","1,280.43",15.68B,0.31%
09/17/2020,"1,284.40","1,289.60","1,292.42","1,280.11",17.28B,-0.70%
09/16/2020,"1,293.48","1,287.01","1,295.80","1,284.09",16.83B,0.57%
09/15/2020,"1,286.18","1,276.93","1,287.04","1,274.62",16.56B,1.09%
09/14/2020,"1,272.34","1,285.16","1,287.35","1,270.59",16.36B,-0.60%
09/11/2020,"1,279.96","1,290.16","1,296.13","1,279.33",18.90B,-0.85%
09/10/2020,"1,290.89","1,295.01","1,298.33","1,286.15",16.69B,-0.19%
09/09/2020,"1,293.40","1,279.24","1,295.55","1,276.38",17.75B,-0.03%
09/08/2020,"1,293.80","1,305.64","1,305.85","1,293.33",16.38B,-1.38%
09/03/2020,"1,311.95","1,320.63","1,322.66","1,308.84",18.07B,-0.30%
09/02/2020,"1,315.88","1,304.70","1,316.08","1,301.78",16.22B,0.79%
09/01/2020,"1,305.57","1,312.75","1,316.68","1,301.14",18.98B,-0.39%
08/31/2020,"1,310.66","1,328.70","1,333.30","1,308.73",16.69B,-0.96%
08/28/2020,"1,323.31","1,335.30","1,337.61","1,319.45",20.00B,-0.26%
08/27/2020,"1,326.81","1,322.48","1,331.64","1,320.91",19.71B,0.32%
08/26/2020,"1,322.55","1,317.74","1,323.97","1,311.14",19.67B,0.50%
08/25/2020,"1,315.99","1,324.81","1,327.42","1,315.13",19.66B,-0.09%
08/24/2020,"1,317.11","1,305.22","1,318.20","1,299.05",18.06B,1.37%
08/21/2020,"1,299.26","1,305.82","1,307.64","1,296.68",17.44B,0.19%
08/20/2020,"1,296.79","1,296.37","1,303.72","1,292.59",21.12B,-0.91%
08/19/2020,"1,308.67","1,331.54","1,332.79","1,301.97",21.62B,-1.61%
08/18/2020,"1,330.11","1,321.38","1,330.40","1,321.07",17.10B,0.70%
08/17/2020,"1,320.91","1,329.82","1,331.80","1,315.89",18.76B,-0.46%
08/14/2020,"1,327.05","1,345.56","1,347.63","1,324.97",20.20B,-1.46%
08/13/2020,"1,346.69","1,349.08","1,353.53","1,343.09",24.24B,0.74%
08/11/2020,"1,336.84","1,334.10","1,343.16","1,332.24",22.70B,1.12%
08/10/2020,"1,322.01","1,327.16","1,330.17","1,321.90",15.86B,-0.18%
08/07/2020,"1,324.40","1,331.92","1,333.21","1,321.16",17.32B,-0.66%
08/06/2020,"1,333.22","1,336.13","1,346.49","1,333.18",20.14B,-0.31%
08/05/2020,"1,337.35","1,335.52","1,341.23","1,326.07",21.28B,0.49%
08/04/2020,"1,330.81","1,330.60","1,338.08","1,328.13",18.67B,0.73%
08/03/2020,"1,321.23","1,324.46","1,325.31","1,311.25",19.45B,-0.55%
07/31/2020,"1,328.53","1,314.99","1,328.64","1,303.25",21.00B,0.97%
07/30/2020,"1,315.74","1,345.09","1,347.45","1,313.10",19.97B,-1.69%
07/29/2020,"1,338.35","1,346.60","1,349.91","1,337.03",15.93B,-0.19%
07/24/2020,"1,340.92","1,348.81","1,350.93","1,337.21",15.23B,-1.38%
07/23/2020,"1,359.65","1,356.97","1,363.90","1,348.92",17.58B,0.19%
07/22/2020,"1,357.04","1,380.97","1,382.29","1,356.86",18.19B,-1.45%
07/21/2020,"1,377.00","1,366.83","1,379.15","1,366.59",16.08B,1.38%
07/20/2020,"1,358.29","1,358.62","1,365.71","1,352.03",15.47B,-0.09%
07/17/2020,"1,359.58","1,353.27","1,361.39","1,350.10",13.33B,0.87%
07/16/2020,"1,347.86","1,354.23","1,357.26","1,343.02",13.32B,-0.48%
07/15/2020,"1,354.31","1,351.50","1,356.93","1,344.76",16.12B,0.99%
07/14/2020,"1,341.07","1,332.87","1,342.30","1,326.65",18.13B,-0.10%
07/13/2020,"1,342.37","1,361.75","1,363.82","1,339.69",17.44B,-0.60%
07/10/2020,"1,350.50","1,357.99","1,363.28","1,346.72",16.29B,-1.12%
07/09/2020,"1,365.81","1,367.24","1,370.80","1,358.03",16.92B,0.25%
07/08/2020,"1,362.46","1,371.91","1,379.71","1,361.24",18.11B,-0.78%
07/07/2020,"1,373.22","1,389.18","1,391.77","1,373.20",18.92B,0.07%
07/03/2020,"1,372.27","1,377.67","1,380.08","1,370.37",19.72B,-0.14%
07/02/2020,"1,374.13","1,357.21","1,376.31","1,353.50",17.17B,1.83%
07/01/2020,"1,349.44","1,345.62","1,350.16","1,331.60",15.43B,0.78%
06/30/2020,"1,339.03","1,344.54","1,351.59","1,339.03",13.75B,0.70%
06/29/2020,"1,329.76","1,320.73","1,329.94","1,312.59",14.70B,-0.04%
06/26/2020,"1,330.34","1,335.55","1,344.04","1,328.49",12.82B,0.34%
06/25/2020,"1,325.88","1,317.72","1,325.88","1,306.67",18.14B,-0.57%
06/24/2020,"1,333.43","1,362.42","1,365.46","1,333.32",16.34B,-1.70%
06/23/2020,"1,356.43","1,359.55","1,361.84","1,351.92",14.40B,0.31%
06/22/2020,"1,352.18","1,359.30","1,367.98","1,347.60",17.82B,-1.36%
06/19/2020,"1,370.82","1,376.89","1,380.02","1,368.03",15.24B,-0.16%
06/18/2020,"1,372.98","1,359.68","1,377.39","1,358.11",19.99B,-0.23%
06/17/2020,"1,376.18","1,362.78","1,381.00","1,358.27",20.64B,0.66%
06/16/2020,"1,367.13","1,374.59","1,376.99","1,362.38",20.48B,1.87%
06/15/2020,"1,341.99","1,373.50","1,379.78","1,338.25",22.85B,-2.93%
06/12/2020,"1,382.56","1,359.00","1,386.22","1,353.51",24.19B,-1.02%
06/11/2020,"1,396.77","1,413.20","1,421.51","1,384.68",25.31B,-1.55%
06/10/2020,"1,418.77","1,417.04","1,423.36","1,402.46",18.98B,0.74%
06/09/2020,"1,408.37","1,438.64","1,448.13","1,400.87",26.70B,-2.11%
06/08/2020,"1,438.66","1,449.76","1,454.95","1,429.68",23.48B,0.21%
06/05/2020,"1,435.70","1,416.72","1,438.09","1,402.77",25.99B,1.75%
06/04/2020,"1,411.01","1,396.25","1,413.54","1,393.21",26.26B,2.68%
06/02/2020,"1,374.18","1,361.64","1,374.29","1,357.23",17.13B,1.61%
06/01/2020,"1,352.37","1,355.39","1,362.46","1,348.99",17.54B,0.71%
05/29/2020,"1,342.85","1,333.70","1,342.88","1,323.12",19.12B,0.40%
05/28/2020,"1,337.51","1,356.02","1,358.60","1,337.50",19.75B,-0.57%
05/27/2020,"1,345.11","1,339.18","1,345.53","1,328.07",17.86B,0.68%
05/26/2020,"1,336.09","1,335.87","1,345.31","1,332.30",19.30B,1.14%
05/25/2020,"1,320.98","1,308.16","1,323.43","1,302.12",15.81B,1.30%
05/22/2020,"1,303.97","1,309.92","1,311.54","1,286.76",16.73B,-1.27%
05/21/2020,"1,320.69","1,330.84","1,333.25","1,315.03",15.57B,-0.11%
05/20/2020,"1,322.20","1,311.36","1,322.22","1,306.96",15.16B,0.94%
05/19/2020,"1,309.95","1,308.96","1,318.01","1,304.49",16.96B,1.82%
05/18/2020,"1,286.53","1,290.11","1,295.94","1,283.60",13.38B,0.45%
05/15/2020,"1,280.76","1,287.06","1,289.24","1,278.86",12.89B,0.03%
05/14/2020,"1,280.40","1,286.63","1,290.24","1,275.85",12.51B,-1.09%
05/13/2020,"1,294.55","1,297.03","1,303.28","1,290.47",14.32B,-0.40%
05/12/2020,"1,299.69","1,286.31","1,301.88","1,283.87",12.12B,0.96%
05/11/2020,"1,287.30","1,277.41","1,293.35","1,276.60",12.18B,1.68%
05/08/2020,"1,266.02","1,265.23","1,270.54","1,256.74",10.07B,0.64%
05/07/2020,"1,257.98","1,274.50","1,277.36","1,252.20",12.31B,-1.62%
05/05/2020,"1,278.63","1,287.70","1,289.09","1,278.50",11.94B,-1.77%
04/30/2020,"1,301.66","1,297.93","1,301.66","1,292.97",14.70B,1.48%
04/29/2020,"1,282.68","1,282.57","1,286.45","1,275.68",13.13B,0.60%
04/28/2020,"1,274.99","1,267.46","1,283.01","1,260.96",14.35B,0.60%
04/27/2020,"1,267.41","1,271.22","1,272.75","1,258.45",12.53B,0.69%
04/24/2020,"1,258.78","1,274.21","1,280.02","1,255.73",15.33B,-1.08%
04/23/2020,"1,272.53","1,266.61","1,276.18","1,260.80",14.62B,0.85%
04/22/2020,"1,261.81","1,245.90","1,262.43","1,231.58",14.86B,0.71%
04/21/2020,"1,252.92","1,247.52","1,260.96","1,243.58",15.00B,-1.06%
04/20/2020,"1,266.40","1,241.94","1,273.25","1,237.22",16.02B,2.19%
04/17/2020,"1,239.24","1,230.34","1,239.52","1,218.57",12.40B,3.26%
04/16/2020,"1,200.15","1,226.16","1,231.05","1,200.14",12.27B,-2.91%
04/15/2020,"1,236.10","1,253.92","1,261.66","1,233.66",14.43B,-1.61%
04/14/2020,"1,256.35","1,252.50","1,267.55","1,241.10",14.91B,1.58%
04/13/2020,"1,236.78","1,229.21","1,237.23","1,220.00",10.00B,0.71%
04/10/2020,"1,228.03","1,207.47","1,228.07","1,205.15",10.83B,1.45%
04/09/2020,"1,210.48","1,220.78","1,243.50","1,202.25",15.53B,0.39%
04/08/2020,"1,205.77","1,202.00","1,213.55","1,192.98",15.12B,-0.76%
04/07/2020,"1,214.95","1,184.87","1,220.67","1,173.14",15.30B,6.68%
04/03/2020,"1,138.84","1,150.86","1,156.59","1,130.54",12.22B,0.05%
04/02/2020,"1,138.27","1,113.91","1,142.47","1,105.31",13.90B,2.96%
04/01/2020,"1,105.51","1,117.51","1,132.10","1,105.34",19.76B,-1.81%
03/31/2020,"1,125.86","1,108.79","1,127.92","1,104.12",10.19B,3.50%
03/30/2020,"1,087.82","1,087.35","1,094.12","1,073.37",7.53B,-1.09%
03/27/2020,"1,099.76","1,112.83","1,124.28","1,089.14",9.92B,0.71%
03/26/2020,"1,091.96","1,074.64","1,103.59","1,072.94",9.24B,1.10%
03/25/2020,"1,080.03","1,063.23","1,099.94","1,050.72",10.39B,4.47%
03/24/2020,"1,033.84","1,064.33","1,067.51","1,024.38",9.37B,0.92%
03/23/2020,"1,024.46","1,045.65","1,065.67","1,022.83",8.90B,-9.12%
03/20/2020,"1,127.24","1,077.65","1,133.56","1,070.05",12.29B,7.95%
03/19/2020,"1,044.19","1,019.07","1,048.80","1,010.60",7.74B,-0.38%
03/18/2020,"1,048.15","1,053.04","1,076.16","1,026.89",7.56B,1.25%
03/17/2020,"1,035.17","1,045.09","1,068.85","1,035.16",8.76B,-1.04%
03/16/2020,"1,046.08","1,072.30","1,105.20","1,043.79",9.80B,-7.34%
03/13/2020,"1,128.91","1,008.06","1,164.16",969.08,17.37B,1.26%
03/12/2020,"1,114.91","1,184.16","1,187.39","1,095.37",17.07B,-10.80%
03/11/2020,"1,249.89","1,268.56","1,281.63","1,238.00",16.73B,-1.68%
03/10/2020,"1,271.25","1,262.80","1,285.65","1,258.70",15.39B,1.22%
03/09/2020,"1,255.94","1,272.95","1,299.77","1,249.31",20.00B,-7.96%
03/06/2020,"1,364.57","1,373.19","1,374.20","1,359.75",17.49B,-1.89%
03/05/2020,"1,390.83","1,391.35","1,408.35","1,390.83",19.92B,0.89%
03/04/2020,"1,378.61","1,361.44","1,380.82","1,358.24",18.62B,0.26%
03/03/2020,"1,375.02","1,357.72","1,380.39","1,352.22",18.41B,2.94%
03/02/2020,"1,335.72","1,355.99","1,358.52","1,317.45",21.01B,-0.36%
02/28/2020,"1,340.52","1,348.46","1,357.15","1,337.00",19.18B,-3.91%
02/27/2020,"1,395.08","1,369.83","1,397.69","1,355.63",21.21B,2.10%
02/26/2020,"1,366.41","1,425.56","1,428.35","1,366.41",25.42B,-5.05%
02/25/2020,"1,439.10","1,436.24","1,446.63","1,416.40",23.47B,0.25%
02/24/2020,"1,435.56","1,473.57","1,474.12","1,435.56",19.30B,-3.98%
02/21/2020,"1,495.09","1,480.53","1,495.17","1,476.89",16.70B,0.26%
02/20/2020,"1,491.24","1,504.48","1,504.95","1,484.51",17.80B,-0.95%
02/19/2020,"1,505.54","1,517.78","1,523.61","1,501.74",17.88B,-0.54%
02/18/2020,"1,513.68","1,521.00","1,522.33","1,510.52",14.87B,-0.89%
02/17/2020,"1,527.25","1,528.48","1,532.87","1,523.74",16.81B,0.06%
02/14/2020,"1,526.30","1,537.16","1,540.46","1,524.15",18.10B,-0.42%
02/13/2020,"1,532.77","1,539.31","1,542.19","1,530.44",16.44B,-0.46%
02/12/2020,"1,539.84","1,530.59","1,542.76","1,529.15",16.55B,1.04%
02/11/2020,"1,523.93","1,538.31","1,539.43","1,522.97",16.47B,-0.74%
02/07/2020,"1,535.24","1,536.28","1,539.36","1,527.34",18.66B,-0.04%
02/06/2020,"1,535.79","1,538.29","1,541.81","1,530.51",21.03B,0.11%
02/05/2020,"1,534.14","1,521.67","1,534.93","1,516.55",21.54B,0.97%
02/04/2020,"1,519.38","1,501.34","1,520.10","1,499.21",17.78B,1.56%
02/03/2020,"1,496.06","1,507.28","1,513.43","1,495.94",16.15B,-1.19%
01/31/2020,"1,514.14","1,528.86","1,532.09","1,514.14",15.29B,-0.65%
01/30/2020,"1,523.99","1,516.36","1,525.17","1,515.68",16.43B,-0.04%
01/29/2020,"1,524.59","1,522.88","1,528.14","1,511.15",19.49B,0.75%
01/28/2020,"1,513.26","1,519.55","1,535.23","1,507.36",19.84B,-0.71%
01/27/2020,"1,524.15","1,546.90","1,548.11","1,519.03",20.08B,-2.89%
01/24/2020,"1,569.55","1,575.07","1,576.68","1,567.07",15.38B,-0.26%
01/23/2020,"1,573.70","1,570.66","1,577.92","1,567.10",16.85B,-0.06%
01/22/2020,"1,574.59","1,579.25","1,580.34","1,566.86",19.60B,-0.02%
01/21/2020,"1,574.94","1,584.17","1,587.85","1,573.26",20.57B,-0.89%
01/20/2020,"1,589.11","1,597.50","1,598.70","1,586.73",18.03B,-0.71%
01/17/2020,"1,600.48","1,600.28","1,604.28","1,595.96",18.76B,0.29%
01/16/2020,"1,595.87","1,582.77","1,598.38","1,581.75",18.70B,0.94%
01/15/2020,"1,581.05","1,582.96","1,587.77","1,575.98",19.54B,-0.37%
01/14/2020,"1,586.90","1,589.68","1,592.84","1,579.83",19.13B,0.05%
01/13/2020,"1,586.16","1,586.13","1,588.79","1,579.34",18.88B,0.35%
01/10/2020,"1,580.63","1,583.48","1,584.16","1,573.80",16.98B,0.06%
01/09/2020,"1,579.64","1,572.74","1,581.50","1,568.16",17.45B,1.31%
01/08/2020,"1,559.27","1,569.82","1,572.03","1,555.75",19.79B,-1.64%
01/07/2020,"1,585.23","1,578.52","1,585.44","1,570.04",20.38B,1.07%
01/06/2020,"1,568.50","1,584.13","1,585.56","1,565.93",22.62B,-1.66%
01/03/2020,"1,594.97","1,596.95","1,604.43","1,592.90",18.76B,-0.05%
01/02/2020,"1,595.82","1,584.35","1,597.92","1,583.18",17.74B,1.01%
12/30/2019,"1,579.84","1,581.05","1,583.86","1,575.92",8.44B,0.10%
12/27/2019,"1,578.22","1,583.46","1,588.02","1,568.05",12.81B,-0.05%
12/26/2019,"1,579.03","1,573.81","1,579.33","1,573.44",11.06B,0.38%
12/25/2019,"1,573.00","1,566.59","1,574.41","1,564.85",10.00B,0.28%
12/24/2019,"1,568.63","1,575.03","1,576.56","1,567.27",14.10B,-0.31%
12/23/2019,"1,573.57","1,574.85","1,581.40","1,571.30",14.89B,0.04%
12/20/2019,"1,572.92","1,572.61","1,576.43","1,566.77",17.13B,-0.04%
12/19/2019,"1,573.51","1,558.80","1,576.50","1,552.88",21.68B,0.62%
12/18/2019,"1,563.74","1,555.55","1,566.27","1,554.99",17.17B,0.97%
12/17/2019,"1,548.65","1,551.71","1,556.82","1,543.22",20.39B,-0.07%
12/16/2019,"1,549.74","1,572.64","1,573.41","1,549.69",18.16B,-1.54%
12/13/2019,"1,573.91","1,577.38","1,582.16","1,570.07",18.73B,0.64%
12/12/2019,"1,563.85","1,558.60","1,568.62","1,557.10",18.93B,0.78%
12/11/2019,"1,551.82","1,555.38","1,559.19","1,546.51",17.67B,-0.07%
12/09/2019,"1,552.96","1,559.84","1,559.93","1,548.01",17.70B,-0.39%
12/06/2019,"1,558.99","1,571.10","1,575.79","1,558.50",16.45B,-0.41%
12/04/2019,"1,565.45","1,562.22","1,570.39","1,556.51",21.73B,-0.14%
12/03/2019,"1,567.63","1,562.63","1,574.12","1,561.46",18.19B,-0.12%
12/02/2019,"1,569.53","1,588.59","1,589.34","1,566.68",22.70B,-1.32%
11/29/2019,"1,590.59","1,594.04","1,594.54","1,580.08",19.94B,-0.44%
11/28/2019,"1,597.68","1,607.97","1,608.67","1,595.11",18.69B,-0.60%
11/27/2019,"1,607.27","1,611.85","1,613.81","1,604.34",17.96B,-0.13%
11/26/2019,"1,609.38","1,618.15","1,620.60","1,608.64",20.30B,-0.34%
11/25/2019,"1,614.80","1,603.13","1,614.80","1,601.76",16.84B,1.07%
11/22/2019,"1,597.72","1,595.38","1,599.49","1,591.18",15.65B,0.37%
11/21/2019,"1,591.86","1,594.95","1,595.77","1,583.77",17.09B,-0.31%
11/20/2019,"1,596.83","1,599.42","1,603.57","1,595.01",16.07B,-0.65%
11/19/2019,"1,607.25","1,605.47","1,609.30","1,600.05",17.74B,-0.05%
11/18/2019,"1,608.00","1,605.19","1,609.99","1,596.80",17.55B,0.36%
11/15/2019,"1,602.23","1,613.30","1,615.48","1,595.32",19.77B,-0.45%
11/14/2019,"1,609.47","1,616.61","1,619.86","1,605.32",20.25B,-0.35%
11/13/2019,"1,615.14","1,621.91","1,627.45","1,610.93",20.31B,-0.68%
11/12/2019,"1,626.20","1,625.42","1,632.82","1,622.18",18.62B,0.25%
11/11/2019,"1,622.12","1,632.77","1,634.09","1,619.02",19.04B,-0.96%
11/08/2019,"1,637.85","1,641.55","1,642.50","1,634.50",18.84B,-0.18%
11/07/2019,"1,640.88","1,623.64","1,641.38","1,620.12",23.08B,1.04%
11/06/2019,"1,623.99","1,627.23","1,631.34","1,621.34",23.57B,-0.18%
11/05/2019,"1,626.87","1,628.73","1,629.77","1,617.72",19.67B,0.28%
11/04/2019,"1,622.25","1,601.90","1,624.83","1,600.95",25.62B,1.87%
11/01/2019,"1,592.52","1,600.73","1,603.53","1,589.72",19.55B,-0.56%
10/31/2019,"1,601.49","1,606.71","1,610.03","1,600.23",22.22B,-0.02%
10/30/2019,"1,601.83","1,594.40","1,601.83","1,589.48",22.29B,0.67%
10/29/2019,"1,591.21","1,601.44","1,605.45","1,588.82",19.49B,-0.33%
10/28/2019,"1,596.48","1,591.64","1,599.10","1,579.13",20.18B,0.20%
10/25/2019,"1,593.28","1,620.61","1,622.66","1,592.66",24.50B,-1.71%
10/24/2019,"1,620.97","1,636.07","1,637.49","1,617.59",19.89B,-0.64%
10/22/2019,"1,631.46","1,625.06","1,631.94","1,624.44",14.28B,0.66%
10/21/2019,"1,620.78","1,630.43","1,631.63","1,619.49",16.95B,-0.65%
10/18/2019,"1,631.43","1,634.40","1,637.36","1,623.38",27.91B,-0.08%
10/17/2019,"1,632.80","1,638.98","1,640.15","1,630.47",18.96B,-0.10%
10/16/2019,"1,634.46","1,629.88","1,636.51","1,628.87",18.96B,0.46%
10/15/2019,"1,627.01","1,631.05","1,633.89","1,621.73",19.27B,0.06%
10/11/2019,"1,626.00","1,613.47","1,627.26","1,613.08",20.08B,1.15%
10/10/2019,"1,607.50","1,614.07","1,615.25","1,606.71",18.14B,-0.54%
10/09/2019,"1,616.18","1,610.65","1,617.38","1,603.97",16.65B,0.25%
10/08/2019,"1,612.17","1,620.29","1,623.56","1,609.27",16.21B,-0.10%
10/07/2019,"1,613.71","1,611.74","1,616.06","1,607.32",15.56B,0.48%
10/04/2019,"1,605.96","1,613.70","1,615.33","1,603.61",13.19B,-0.29%
10/03/2019,"1,610.69","1,606.38","1,614.84","1,605.13",13.84B,-0.18%
10/02/2019,"1,613.64","1,617.83","1,619.34","1,608.89",14.55B,-0.64%
10/01/2019,"1,624.09","1,637.59","1,639.14","1,623.03",14.79B,-0.80%
09/30/2019,"1,637.22","1,643.13","1,645.06","1,634.10",15.02B,-0.40%
09/27/2019,"1,643.76","1,636.42","1,648.67","1,630.39",14.77B,0.43%
09/26/2019,"1,636.75","1,633.92","1,638.25","1,630.81",16.25B,0.51%
09/25/2019,"1,628.38","1,624.69","1,630.56","1,621.63",16.29B,-0.13%
09/24/2019,"1,630.50","1,623.60","1,634.04","1,622.75",17.03B,0.48%
09/23/2019,"1,622.79","1,635.31","1,636.16","1,620.77",14.27B,-0.82%
09/20/2019,"1,636.20","1,641.23","1,644.29","1,627.90",18.65B,-0.27%
09/19/2019,"1,640.66","1,656.66","1,660.81","1,638.47",18.77B,-0.81%
09/18/2019,"1,654.14","1,663.62","1,664.81","1,650.64",19.72B,-0.59%
09/17/2019,"1,663.93","1,661.59","1,670.62","1,659.14",20.37B,0.06%
09/16/2019,"1,662.93","1,666.77","1,668.77","1,658.65",17.59B,0.06%
09/13/2019,"1,661.96","1,664.37","1,667.49","1,655.95",20.92B,0.08%
09/12/2019,"1,660.68","1,678.32","1,679.03","1,659.42",21.12B,-0.80%
09/11/2019,"1,674.03","1,669.36","1,674.73","1,661.66",19.84B,0.49%
09/10/2019,"1,665.93","1,675.10","1,677.47","1,662.28",19.43B,-0.32%
09/09/2019,"1,671.22","1,673.22","1,676.62","1,666.61",16.60B,0.07%
09/06/2019,"1,670.06","1,677.41","1,679.65","1,667.61",15.51B,0.02%
09/05/2019,"1,669.79","1,670.91","1,673.84","1,663.34",17.97B,0.67%
09/04/2019,"1,658.64","1,650.87","1,664.56","1,647.29",19.58B,1.00%
09/03/2019,"1,642.25","1,657.30","1,660.26","1,642.23",19.86B,-0.72%
09/02/2019,"1,654.11","1,651.20","1,658.66","1,646.59",19.03B,-0.05%
08/30/2019,"1,654.92","1,647.06","1,654.93","1,643.04",20.14B,0.96%
08/29/2019,"1,639.14","1,621.92","1,639.17","1,621.06",20.44B,1.37%
08/28/2019,"1,616.93","1,618.30","1,624.27","1,615.19",15.47B,0.09%
08/27/2019,"1,615.47","1,625.04","1,630.55","1,612.10",20.27B,-0.45%
08/26/2019,"1,622.73","1,620.36","1,624.77","1,609.40",24.36B,-1.45%
08/23/2019,"1,646.68","1,637.70","1,646.74","1,636.20",18.47B,0.80%
08/22/2019,"1,633.56","1,628.10","1,638.03","1,627.30",21.09B,-0.29%
08/21/2019,"1,638.24","1,628.55","1,642.07","1,623.24",22.61B,0.78%
08/20/2019,"1,625.57","1,642.82","1,643.41","1,621.85",20.45B,-0.71%
08/19/2019,"1,637.26","1,639.42","1,643.65","1,633.79",18.90B,0.36%
08/16/2019,"1,631.40","1,608.98","1,632.42","1,607.22",23.70B,1.71%
08/15/2019,"1,604.03","1,605.00","1,614.08","1,590.55",23.10B,-0.95%
08/14/2019,"1,619.45","1,634.72","1,640.92","1,612.09",20.32B,-0.05%
08/13/2019,"1,620.23","1,642.82","1,644.15","1,619.03",18.53B,-1.84%
08/09/2019,"1,650.64","1,672.22","1,675.44","1,649.52",18.17B,-0.87%
08/08/2019,"1,665.12","1,670.93","1,673.84","1,660.36",18.65B,-0.26%
08/07/2019,"1,669.44","1,672.52","1,681.81","1,665.14",22.79B,-0.12%
08/06/2019,"1,671.48","1,652.72","1,673.38","1,647.49",22.90B,0.33%
08/05/2019,"1,665.99","1,675.02","1,681.36","1,664.73",18.23B,-1.11%
08/02/2019,"1,684.71","1,680.52","1,687.15","1,671.97",22.86B,-0.88%
08/01/2019,"1,699.75","1,706.56","1,709.05","1,694.93",18.15B,-0.71%
07/31/2019,"1,711.97","1,704.04","1,716.05","1,702.72",17.29B,0.32%
07/30/2019,"1,706.49","1,718.55","1,722.20","1,704.03",17.74B,-0.67%
07/26/2019,"1,717.97","1,729.26","1,730.08","1,714.81",20.91B,-0.75%
07/25/2019,"1,730.90","1,727.13","1,732.92","1,725.47",19.92B,0.32%
07/24/2019,"1,725.44","1,727.81","1,730.71","1,720.60",19.43B,0.03%
07/23/2019,"1,724.87","1,730.70","1,732.69","1,719.93",20.75B,-0.16%
07/22/2019,"1,727.58","1,733.24","1,735.88","1,723.64",18.86B,-0.43%
07/19/2019,"1,735.10","1,734.38","1,738.70","1,732.16",18.94B,0.68%
07/18/2019,"1,723.44","1,714.75","1,725.94","1,714.41",16.95B,0.27%
07/17/2019,"1,718.85","1,726.04","1,729.88","1,717.82",20.70B,-0.53%
07/15/2019,"1,727.98","1,733.77","1,737.65","1,727.98",22.26B,-0.21%
07/12/2019,"1,731.59","1,744.73","1,746.21","1,728.36",23.53B,-0.51%
07/11/2019,"1,740.45","1,745.85","1,748.15","1,738.63",20.67B,0.06%
07/10/2019,"1,739.43","1,726.73","1,741.76","1,724.58",21.54B,1.04%
07/09/2019,"1,721.48","1,728.46","1,734.35","1,721.33",24.07B,-0.55%
07/08/2019,"1,731.03","1,727.10","1,734.13","1,722.53",22.71B,-0.01%
07/05/2019,"1,731.23","1,725.45","1,731.84","1,719.61",21.48B,0.40%
07/04/2019,"1,724.37","1,741.31","1,747.11","1,714.98",24.95B,-0.81%
07/03/2019,"1,738.51","1,733.51","1,742.17","1,729.79",20.72B,0.36%
07/02/2019,"1,732.23","1,738.84","1,741.64","1,730.05",19.69B,-0.50%
07/01/2019,"1,740.91","1,744.13","1,747.53","1,739.48",21.55B,0.61%
06/28/2019,"1,730.34","1,731.89","1,735.61","1,729.46",14.14B,-0.08%
06/27/2019,"1,731.64","1,726.77","1,735.88","1,725.55",17.21B,0.55%
06/26/2019,"1,722.21","1,717.19","1,723.24","1,715.41",16.24B,0.05%
06/25/2019,"1,721.33","1,716.05","1,725.42","1,707.77",18.85B,0.31%
06/24/2019,"1,716.00","1,722.64","1,724.23","1,713.02",15.07B,-0.07%
06/21/2019,"1,717.14","1,722.60","1,727.83","1,714.09",19.62B,-0.04%
06/20/2019,"1,717.82","1,711.37","1,722.90","1,708.12",20.22B,0.69%
06/19/2019,"1,705.98","1,693.85","1,711.89","1,691.95",22.63B,1.33%
06/18/2019,"1,683.60","1,667.30","1,683.78","1,665.19",18.54B,0.98%
06/17/2019,"1,667.23","1,674.26","1,678.20","1,667.15",14.07B,-0.30%
06/14/2019,"1,672.33","1,673.55","1,675.90","1,667.38",12.60B,-0.11%
06/13/2019,"1,674.14","1,669.53","1,675.84","1,663.39",16.04B,0.18%
06/12/2019,"1,671.11","1,669.08","1,672.50","1,665.02",12.87B,0.04%
06/11/2019,"1,670.41","1,667.55","1,675.60","1,663.36",14.78B,0.34%
06/10/2019,"1,664.73","1,661.72","1,667.69","1,661.37",14.46B,0.68%
06/07/2019,"1,653.50","1,656.84","1,658.93","1,650.30",11.47B,0.01%
06/06/2019,"1,653.41","1,648.54","1,655.33","1,643.27",14.48B,0.30%
06/05/2019,"1,648.46","1,647.52","1,650.70","1,642.35",14.41B,0.66%
06/04/2019,"1,637.69","1,624.65","1,640.54","1,622.99",17.86B,1.08%
05/31/2019,"1,620.22","1,620.58","1,627.33","1,612.17",15.76B,-0.08%
05/30/2019,"1,621.57","1,619.26","1,628.37","1,618.63",14.35B,0.14%
05/29/2019,"1,619.36","1,631.29","1,632.06","1,618.71",15.38B,-0.78%
05/28/2019,"1,632.04","1,627.86","1,632.47","1,618.33",20.56B,0.44%
05/27/2019,"1,624.84","1,619.66","1,628.34","1,614.05",13.46B,0.66%
05/24/2019,"1,614.12","1,604.67","1,617.62","1,599.10",14.48B,0.27%
05/23/2019,"1,609.79","1,622.21","1,625.98","1,608.26",13.44B,-1.05%
05/22/2019,"1,626.91","1,616.55","1,628.06","1,616.49",14.19B,1.02%
05/21/2019,"1,610.49","1,608.82","1,616.55","1,602.56",13.95B,0.15%
05/17/2019,"1,608.11","1,618.99","1,622.33","1,606.69",14.05B,-0.41%
05/16/2019,"1,614.75","1,623.33","1,626.08","1,604.76",17.34B,-0.40%
05/15/2019,"1,621.27","1,636.83","1,638.94","1,621.27",13.01B,-0.77%
05/14/2019,"1,633.84","1,631.52","1,639.63","1,629.56",13.00B,-0.38%
05/13/2019,"1,640.13","1,648.09","1,652.33","1,634.93",11.92B,-0.52%
05/10/2019,"1,648.69","1,654.26","1,656.37","1,638.71",15.60B,0.11%
05/09/2019,"1,646.80","1,653.12","1,659.38","1,646.07",13.98B,-0.44%
05/08/2019,"1,654.01","1,662.05","1,663.40","1,650.24",14.91B,-0.94%
05/07/2019,"1,669.68","1,669.38","1,675.16","1,665.58",13.56B,-0.56%
05/03/2019,"1,679.05","1,676.57","1,682.06","1,676.01",11.84B,-0.01%
05/02/2019,"1,679.17","1,677.00","1,682.50","1,675.90",12.84B,0.34%
04/30/2019,"1,673.52","1,668.02","1,676.64","1,667.29",11.31B,0.41%
04/29/2019,"1,666.68","1,665.57","1,669.55","1,663.33",9.39B,-0.03%
04/26/2019,"1,667.15","1,673.28","1,674.01","1,663.14",10.86B,-0.37%
04/25/2019,"1,673.32","1,673.25","1,678.19","1,670.84",9.01B,-0.01%
04/24/2019,"1,673.43","1,674.43","1,676.84","1,668.06",10.80B,0.13%
04/23/2019,"1,671.31","1,674.82","1,679.26","1,670.75",10.66B,-0.13%
04/22/2019,"1,673.48","1,677.83","1,683.79","1,673.44",12.46B,-0.04%
04/19/2019,"1,674.10","1,675.37","1,679.75","1,671.83",9.12B,-0.05%
04/18/2019,"1,675.00","1,674.74","1,677.14","1,667.70",10.63B,0.11%
04/17/2019,"1,673.20","1,665.68","1,676.00","1,664.04",12.41B,0.77%
04/12/2019,"1,660.45","1,658.00","1,662.60","1,654.46",9.08B,0.08%
04/11/2019,"1,659.09","1,661.57","1,662.53","1,656.33",9.34B,-0.18%
04/10/2019,"1,662.13","1,659.29","1,664.68","1,658.26",9.97B,0.26%
04/09/2019,"1,657.74","1,650.55","1,660.31","1,648.23",11.02B,0.70%
04/05/2019,"1,646.18","1,646.03","1,649.99","1,643.13",8.16B,0.12%
04/04/2019,"1,644.22","1,649.39","1,650.75","1,640.01",9.79B,-0.29%
04/03/2019,"1,649.06","1,653.08","1,654.02","1,646.01",14.50B,-0.15%
04/02/2019,"1,651.48","1,650.54","1,655.09","1,647.93",10.51B,0.42%
04/01/2019,"1,644.64","1,645.37","1,651.14","1,644.22",11.05B,0.37%
