Date,Price,Open,High,Low,Change %
01-04-2019,31.68,31.68,31.76,31.66,-0.13%
02-04-2019,31.76,31.68,31.81,31.67,0.25%
03-04-2019,31.74,31.785,31.81,31.69,-0.06%
04-04-2019,31.79,31.74,31.84,31.69,0.16%
05-04-2019,31.88,31.79,31.94,31.75,0.28%
08-04-2019,31.87,31.925,31.99,31.84,-0.03%
09-04-2019,31.75,31.88,31.92,31.73,-0.38%
10-04-2019,31.72,31.77,31.86,31.71,-0.09%
11-04-2019,31.86,31.74,31.9,31.71,0.44%
12-04-2019,31.74,31.88,31.89,31.74,-0.38%
15-04-2019,31.78,31.78,31.82,31.74,0.13%
16-04-2019,31.83,31.78,31.86,31.76,0.16%
17-04-2019,31.78,31.84,31.86,31.75,-0.16%
18-04-2019,31.8,31.785,31.87,31.76,0.06%
19-04-2019,31.82,31.825,31.85,31.77,0.06%
22-04-2019,31.9,31.83,31.93,31.78,0.25%
23-04-2019,31.98,31.895,32.025,31.85,0.25%
24-04-2019,32.04,31.99,32.09,31.95,0.19%
25-04-2019,32.05,32.05,32.16,32.015,0.03%
26-04-2019,31.93,32.07,32.1,31.89,-0.37%
29-04-2019,31.91,31.91,31.97,31.88,-0.06%
30-04-2019,31.89,31.915,31.995,31.87,-0.06%
01-05-2019,31.95,31.91,32.01,31.86,0.19%
02-05-2019,31.99,32.0,32.07,31.92,0.13%
03-05-2019,31.9,32.01,32.06,31.88,-0.28%
06-05-2019,31.89,31.905,32.07,31.86,-0.03%
07-05-2019,31.9,31.88,31.97,31.87,0.03%
08-05-2019,31.8,31.91,31.94,31.73,-0.31%
09-05-2019,31.78,31.81,31.855,31.75,-0.06%
10-05-2019,31.53,31.8,31.82,31.51,-0.79%
13-05-2019,31.62,31.555,31.735,31.53,0.29%
14-05-2019,31.52,31.63,31.69,31.425,-0.32%
15-05-2019,31.53,31.52,31.63,31.48,0.03%
16-05-2019,31.67,31.55,31.71,31.5,0.44%
17-05-2019,31.84,31.67,31.87,31.64,0.54%
20-05-2019,31.86,31.85,31.92,31.77,0.06%
21-05-2019,31.94,31.88,32.0,31.8,0.25%
22-05-2019,31.92,31.96,32.04,31.9,-0.06%
23-05-2019,31.91,31.94,32.02,31.895,-0.03%
24-05-2019,31.83,31.93,31.95,31.78,-0.25%
27-05-2019,31.83,31.79,31.87,31.74,0.00%
28-05-2019,31.85,31.83,31.9,31.735,0.06%
29-05-2019,31.82,31.85,31.9,31.785,-0.09%
30-05-2019,31.76,31.83,31.85,31.75,-0.19%
31-05-2019,31.52,31.79,31.84,31.51,-0.76%
03-06-2019,31.3,31.47,31.61,31.3,-0.70%
04-06-2019,31.31,31.33,31.41,31.27,0.03%
05-06-2019,31.41,31.32,31.5,31.29,0.32%
06-06-2019,31.29,31.41,31.45,31.29,-0.38%
07-06-2019,31.25,31.31,31.41,31.22,-0.13%
10-06-2019,31.35,31.275,31.41,31.255,0.32%
11-06-2019,31.28,31.345,31.375,31.265,-0.22%
12-06-2019,31.26,31.265,31.285,31.21,-0.06%
13-06-2019,31.19,31.285,31.285,31.175,-0.22%
14-06-2019,31.21,31.215,31.265,31.135,0.06%
17-06-2019,31.35,31.245,31.36,31.205,0.45%
18-06-2019,31.21,31.365,31.415,31.185,-0.45%
19-06-2019,31.23,31.225,31.275,31.205,0.06%
20-06-2019,30.86,31.195,31.195,30.855,-1.18%
21-06-2019,30.78,30.86,30.9,30.765,-0.26%
24-06-2019,30.66,30.815,30.83,30.655,-0.39%
25-06-2019,30.7,30.665,30.755,30.625,0.13%
26-06-2019,30.72,30.765,30.885,30.705,0.07%
27-06-2019,30.78,30.755,30.81,30.715,0.20%
28-06-2019,30.68,30.795,30.8,30.66,-0.32%
01-07-2019,30.64,30.675,30.705,30.51,-0.13%
02-07-2019,30.56,30.665,30.765,30.555,-0.26%
03-07-2019,30.59,30.575,30.615,30.525,0.10%
04-07-2019,30.67,30.645,30.68,30.565,0.26%
05-07-2019,30.78,30.675,30.815,30.635,0.36%
08-07-2019,30.8,30.775,30.825,30.735,0.06%
09-07-2019,30.8,30.825,30.875,30.79,0.00%
10-07-2019,30.69,30.815,30.89,30.685,-0.36%
11-07-2019,30.7,30.655,30.735,30.555,0.03%
12-07-2019,30.93,30.775,30.955,30.665,0.75%
15-07-2019,30.89,30.905,30.955,30.86,-0.13%
16-07-2019,30.9,30.885,30.92,30.845,0.03%
17-07-2019,30.86,30.935,30.945,30.865,-0.13%
18-07-2019,30.81,30.895,30.915,30.82,-0.16%
19-07-2019,30.83,30.815,30.855,30.735,0.06%
22-07-2019,30.84,30.835,30.875,30.805,0.03%
23-07-2019,30.91,30.835,30.925,30.835,0.23%
24-07-2019,30.9,30.905,30.945,30.875,-0.03%
25-07-2019,30.92,30.915,30.945,30.855,0.06%
26-07-2019,30.86,30.965,31.015,30.855,-0.19%
29-07-2019,30.85,30.885,30.895,30.825,-0.03%
30-07-2019,30.79,30.875,30.875,30.795,-0.19%
31-07-2019,30.7,30.795,30.815,30.685,-0.29%
01-08-2019,30.82,30.905,30.955,30.825,0.39%
02-08-2019,30.7,30.925,30.935,30.71,-0.39%
05-08-2019,30.82,30.755,30.885,30.725,0.39%
06-08-2019,30.71,30.835,30.845,30.715,-0.36%
07-08-2019,30.8,30.735,30.925,30.685,0.29%
08-08-2019,30.75,30.825,30.835,30.735,-0.16%
09-08-2019,30.79,30.755,30.805,30.71,0.13%
12-08-2019,30.85,30.785,30.855,30.765,0.19%
13-08-2019,30.78,30.845,30.905,30.755,-0.23%
14-08-2019,30.84,30.805,30.855,30.785,0.19%
15-08-2019,30.82,30.835,30.9,30.805,-0.06%
16-08-2019,30.91,30.875,30.95,30.825,0.29%
19-08-2019,30.85,30.915,30.925,30.815,-0.19%
20-08-2019,30.76,30.865,30.885,30.755,-0.29%
21-08-2019,30.78,30.785,30.835,30.76,0.07%
22-08-2019,30.79,30.785,30.805,30.755,0.03%
23-08-2019,30.6,30.805,30.825,30.575,-0.62%
26-08-2019,30.57,30.675,30.715,30.555,-0.10%
27-08-2019,30.57,30.595,30.63,30.545,0.00%
28-08-2019,30.6,30.625,30.695,30.61,0.10%
29-08-2019,30.6,30.635,30.655,30.585,0.00%
30-08-2019,30.6,30.635,30.685,30.555,0.00%
02-09-2019,30.62,30.625,30.655,30.575,0.07%
03-09-2019,30.61,30.635,30.68,30.605,-0.03%
04-09-2019,30.56,30.615,30.64,30.565,-0.16%
05-09-2019,30.68,30.555,30.69,30.535,0.39%
06-09-2019,30.62,30.685,30.695,30.615,-0.20%
09-09-2019,30.62,30.645,30.68,30.605,0.00%
10-09-2019,30.6,30.645,30.675,30.605,-0.07%
11-09-2019,30.58,30.615,30.645,30.575,-0.07%
12-09-2019,30.39,30.585,30.6,30.355,-0.62%
13-09-2019,30.46,30.475,30.515,30.37,0.23%
16-09-2019,30.5,30.485,30.555,30.465,0.13%
17-09-2019,30.51,30.515,30.585,30.51,0.03%
18-09-2019,30.51,30.525,30.565,30.505,0.00%
19-09-2019,30.52,30.535,30.595,30.51,0.03%
20-09-2019,30.49,30.535,30.545,30.45,-0.10%
23-09-2019,30.46,30.485,30.53,30.455,-0.10%
24-09-2019,30.54,30.475,30.58,30.445,0.26%
25-09-2019,30.6,30.545,30.63,30.515,0.20%
26-09-2019,30.64,30.605,30.655,30.575,0.13%
27-09-2019,30.6,30.645,30.665,30.61,-0.13%
30-09-2019,30.59,30.635,30.635,30.535,-0.03%
01-10-2019,30.6,30.595,30.695,30.565,0.03%
02-10-2019,30.57,30.625,30.685,30.58,-0.10%
03-10-2019,30.53,30.615,30.645,30.525,-0.13%
04-10-2019,30.41,30.545,30.55,30.42,-0.39%
07-10-2019,30.46,30.455,30.475,30.415,0.16%
08-10-2019,30.4,30.47,30.495,30.385,-0.20%
09-10-2019,30.31,30.425,30.425,30.29,-0.30%
10-10-2019,30.39,30.335,30.45,30.245,0.26%
11-10-2019,30.43,30.415,30.47,30.365,0.13%
14-10-2019,30.42,30.405,30.465,30.365,-0.03%
15-10-2019,30.42,30.415,30.455,30.335,0.00%
16-10-2019,30.36,30.435,30.445,30.355,-0.20%
17-10-2019,30.27,30.365,30.4,30.275,-0.30%
18-10-2019,30.28,30.315,30.325,30.26,0.03%
21-10-2019,30.25,30.315,30.315,30.255,-0.10%
22-10-2019,30.3,30.265,30.325,30.25,0.17%
23-10-2019,30.27,30.305,30.33,30.27,-0.10%
24-10-2019,30.23,30.285,30.325,30.245,-0.13%
25-10-2019,30.16,30.265,30.275,30.155,-0.23%
28-10-2019,30.24,30.175,30.245,30.175,0.27%
29-10-2019,30.24,30.24,30.255,30.175,0.00%
30-10-2019,30.24,30.255,30.255,30.215,0.00%
31-10-2019,30.18,30.215,30.215,30.155,-0.20%
01-11-2019,30.16,30.175,30.195,30.155,-0.07%
04-11-2019,30.21,30.185,30.22,30.155,0.17%
05-11-2019,30.24,30.215,30.255,30.18,0.10%
06-11-2019,30.28,30.255,30.395,30.235,0.13%
07-11-2019,30.43,30.295,30.44,30.285,0.50%
08-11-2019,30.37,30.425,30.435,30.355,-0.20%
11-11-2019,30.35,30.375,30.38,30.325,-0.07%
12-11-2019,30.35,30.345,30.375,30.305,0.00%
13-11-2019,30.22,30.335,30.355,30.215,-0.43%
14-11-2019,30.19,30.245,30.255,30.195,-0.10%
15-11-2019,30.26,30.205,30.27,30.175,0.23%
18-11-2019,30.19,30.255,30.275,30.195,-0.23%
19-11-2019,30.18,30.205,30.215,30.175,-0.03%
20-11-2019,30.18,30.195,30.205,30.165,0.00%
21-11-2019,30.2,30.195,30.225,30.175,0.07%
22-11-2019,30.19,30.215,30.235,30.185,-0.03%
25-11-2019,30.21,30.205,30.25,30.185,0.07%
26-11-2019,30.22,30.235,30.255,30.185,0.03%
27-11-2019,30.22,30.225,30.245,30.205,0.00%
28-11-2019,30.23,30.235,30.25,30.215,0.03%
29-11-2019,30.19,30.235,30.245,30.195,-0.13%
02-12-2019,30.27,30.225,30.285,30.205,0.26%
03-12-2019,30.26,30.275,30.285,30.235,-0.03%
04-12-2019,30.3,30.265,30.32,30.265,0.13%
05-12-2019,30.36,30.3,30.365,30.3,0.20%
06-12-2019,30.35,30.375,30.375,30.31,-0.03%
09-12-2019,30.3,30.345,30.375,30.295,-0.16%
10-12-2019,30.27,30.315,30.325,30.28,-0.10%
11-12-2019,30.22,30.325,30.325,30.23,-0.17%
12-12-2019,30.16,30.265,30.27,30.155,-0.20%
13-12-2019,30.19,30.165,30.235,30.145,0.10%
16-12-2019,30.2,30.205,30.245,30.175,0.03%
17-12-2019,30.24,30.225,30.275,30.195,0.13%
18-12-2019,30.22,30.255,30.27,30.18,-0.07%
19-12-2019,30.18,30.235,30.265,30.185,-0.13%
20-12-2019,30.19,30.205,30.215,30.155,0.03%
23-12-2019,30.15,30.195,30.215,30.16,-0.13%
24-12-2019,30.13,30.175,30.2,30.14,-0.07%
25-12-2019,30.15,30.16,30.17,30.15,0.07%
26-12-2019,30.1,30.165,30.18,30.105,-0.17%
27-12-2019,30.13,30.175,30.185,30.14,0.10%
30-12-2019,29.94,30.165,30.175,29.88,-0.63%
31-12-2019,29.76,29.975,29.995,29.755,-0.60%
01-01-2020,29.77,29.77,29.77,29.77,0.03%
02-01-2020,30.15,30.145,30.175,30.065,1.28%
03-01-2020,30.16,30.155,30.185,30.115,0.03%
06-01-2020,30.16,30.165,30.185,30.13,0.00%
07-01-2020,30.3,30.165,30.335,30.115,0.46%
08-01-2020,30.33,30.305,30.38,30.245,0.10%
09-01-2020,30.24,30.365,30.365,30.25,-0.30%
10-01-2020,30.22,30.275,30.295,30.225,-0.07%
13-01-2020,30.18,30.235,30.25,30.155,-0.13%
14-01-2020,30.25,30.205,30.325,30.195,0.23%
15-01-2020,30.29,30.255,30.33,30.24,0.13%
16-01-2020,30.36,30.31,30.415,30.25,0.23%
17-01-2020,30.38,30.38,30.535,30.355,0.07%
20-01-2020,30.34,30.38,30.44,30.31,-0.13%
21-01-2020,30.39,30.36,30.425,30.315,0.16%
22-01-2020,30.38,30.41,30.43,30.355,-0.03%
23-01-2020,30.49,30.4,30.585,30.365,0.36%
24-01-2020,30.55,30.51,30.605,30.475,0.20%
27-01-2020,30.69,30.58,30.73,30.55,0.46%
28-01-2020,30.81,30.71,30.92,30.7,0.39%
29-01-2020,30.95,30.83,31.05,30.755,0.45%
30-01-2020,31.08,30.97,31.29,30.96,0.42%
31-01-2020,31.2,31.1,31.255,31.075,0.39%
03-02-2020,31.04,31.205,31.265,31.015,-0.51%
04-02-2020,30.96,31.08,31.155,30.9,-0.26%
05-02-2020,30.97,30.98,31.275,30.91,0.03%
06-02-2020,31.15,30.99,31.195,30.96,0.58%
07-02-2020,31.31,31.14,31.38,31.14,0.51%
10-02-2020,31.3,31.32,31.4,31.225,-0.03%
11-02-2020,31.25,31.325,31.325,31.155,-0.16%
12-02-2020,31.1,31.265,31.265,31.075,-0.48%
13-02-2020,31.1,31.115,31.215,31.095,0.00%
14-02-2020,31.2,31.145,31.225,31.115,0.32%
17-02-2020,31.17,31.205,31.235,31.125,-0.10%
18-02-2020,31.16,31.185,31.275,31.155,-0.03%
19-02-2020,31.19,31.21,31.23,31.15,0.10%
20-02-2020,31.43,31.21,31.505,31.185,0.77%
21-02-2020,31.58,31.45,31.705,31.43,0.48%
24-02-2020,31.65,31.64,31.78,31.64,0.22%
25-02-2020,31.73,31.7,31.76,31.55,0.25%
26-02-2020,31.83,31.75,31.935,31.725,0.32%
27-02-2020,31.67,31.85,31.875,31.59,-0.50%
28-02-2020,31.51,31.68,31.69,31.49,-0.51%
02-03-2020,31.48,31.53,31.59,31.29,-0.10%
03-03-2020,31.4,31.49,31.655,31.31,-0.25%
04-03-2020,31.35,31.42,31.45,31.26,-0.16%
05-03-2020,31.57,31.34,31.63,31.31,0.70%
06-03-2020,31.39,31.56,31.675,31.385,-0.57%
09-03-2020,31.46,31.42,31.625,31.37,0.22%
10-03-2020,31.42,31.47,31.55,31.35,-0.13%
11-03-2020,31.49,31.43,31.56,31.39,0.22%
12-03-2020,31.71,31.5,31.76,31.475,0.70%
13-03-2020,31.81,31.76,32.1,31.66,0.32%
16-03-2020,32.13,31.84,32.22,31.68,1.01%
17-03-2020,32.14,32.15,32.36,32.03,0.03%
18-03-2020,32.6,32.16,32.67,32.12,1.43%
19-03-2020,32.59,32.61,32.74,32.435,-0.03%
20-03-2020,32.71,32.6,32.73,32.38,0.37%
23-03-2020,32.81,32.7,33.055,32.7,0.31%
24-03-2020,32.75,32.83,32.97,32.75,-0.18%
25-03-2020,32.74,32.76,32.925,32.68,-0.03%
26-03-2020,32.62,32.75,32.86,32.58,-0.37%
27-03-2020,32.56,32.63,32.695,32.36,-0.18%
30-03-2020,32.66,32.54,32.72,32.5,0.31%
31-03-2020,32.74,32.67,32.875,32.56,0.24%
01-04-2020,33.1,32.75,33.11,32.725,1.10%
02-04-2020,32.93,33.11,33.2,32.91,-0.51%
03-04-2020,33.01,32.94,33.045,32.835,0.24%
06-04-2020,32.82,33.03,33.03,32.785,-0.58%
07-04-2020,32.72,32.83,32.92,32.7,-0.30%
08-04-2020,32.72,32.73,32.87,32.71,0.00%
09-04-2020,32.67,32.73,32.85,32.66,-0.15%
10-04-2020,32.68,32.68,32.73,32.64,0.03%
13-04-2020,32.69,32.69,32.785,32.67,0.03%
14-04-2020,32.63,32.7,32.795,32.605,-0.18%
15-04-2020,32.69,32.66,32.77,32.54,0.18%
16-04-2020,32.67,32.7,32.76,32.61,-0.06%
17-04-2020,32.51,32.68,32.68,32.455,-0.49%
20-04-2020,32.5,32.49,32.545,32.44,-0.03%
21-04-2020,32.51,32.51,32.62,32.44,0.03%
22-04-2020,32.36,32.52,32.555,32.31,-0.46%
23-04-2020,32.33,32.37,32.395,32.28,-0.09%
24-04-2020,32.45,32.34,32.49,32.33,0.37%
27-04-2020,32.46,32.44,32.515,32.415,0.03%
28-04-2020,32.46,32.47,32.54,32.42,0.00%
29-04-2020,32.4,32.47,32.47,32.355,-0.18%
30-04-2020,32.45,32.41,32.505,32.3,0.15%
01-05-2020,32.54,32.46,32.55,32.46,0.28%
04-05-2020,32.38,32.52,32.575,32.32,-0.49%
05-05-2020,32.36,32.39,32.425,32.34,-0.06%
06-05-2020,32.43,32.37,32.45,32.37,0.22%
07-05-2020,32.34,32.44,32.485,32.35,-0.28%
08-05-2020,32.19,32.35,32.375,32.17,-0.46%
11-05-2020,32.2,32.2,32.265,32.115,0.03%
12-05-2020,32.09,32.2,32.235,32.075,-0.34%
13-05-2020,32.07,32.1,32.145,32.01,-0.06%
14-05-2020,32.09,32.08,32.15,32.05,0.06%
15-05-2020,32.08,32.1,32.115,32.03,-0.03%
18-05-2020,32.0,32.07,32.08,32.005,-0.25%
19-05-2020,31.92,32.01,32.04,31.86,-0.25%
20-05-2020,31.81,31.93,31.93,31.8,-0.34%
21-05-2020,31.84,31.82,31.89,31.81,0.09%
22-05-2020,31.87,31.85,31.92,31.83,0.09%
25-05-2020,31.96,31.89,32.01,31.89,0.28%
26-05-2020,31.87,31.97,31.975,31.87,-0.28%
27-05-2020,31.91,31.88,31.93,31.85,0.13%
28-05-2020,31.87,31.92,31.925,31.85,-0.13%
29-05-2020,31.81,31.88,31.88,31.79,-0.19%
01-06-2020,31.65,31.84,31.84,31.65,-0.50%
02-06-2020,31.54,31.66,31.68,31.49,-0.35%
03-06-2020,31.56,31.55,31.63,31.5,0.06%
04-06-2020,31.55,31.57,31.68,31.54,-0.03%
05-06-2020,31.5,31.56,31.57,31.43,-0.16%
08-06-2020,31.42,31.49,31.525,31.395,-0.25%
09-06-2020,31.3,31.43,31.43,31.3,-0.38%
10-06-2020,31.12,31.31,31.345,31.08,-0.58%
11-06-2020,31.07,31.13,31.135,30.825,-0.16%
12-06-2020,30.98,31.08,31.23,30.91,-0.29%
15-06-2020,31.01,30.97,31.14,30.93,0.10%
16-06-2020,31.12,31.02,31.195,30.95,0.35%
17-06-2020,31.13,31.13,31.25,31.09,0.03%
18-06-2020,31.09,31.14,31.195,31.055,-0.13%
19-06-2020,31.01,31.1,31.115,30.935,-0.26%
22-06-2020,30.95,30.98,31.075,30.945,-0.19%
23-06-2020,30.91,30.96,31.045,30.865,-0.13%
24-06-2020,30.87,30.94,30.94,30.8,-0.13%
25-06-2020,30.9,30.87,30.95,30.835,0.10%
26-06-2020,30.9,30.91,30.95,30.87,0.00%
29-06-2020,30.88,30.91,30.945,30.86,-0.06%
30-06-2020,30.9,30.89,30.92,30.86,0.06%
01-07-2020,31.03,30.91,31.05,30.87,0.42%
02-07-2020,31.07,31.04,31.135,30.98,0.13%
03-07-2020,31.1,31.08,31.15,31.07,0.10%
06-07-2020,31.1,31.12,31.14,31.03,0.00%
07-07-2020,31.22,31.11,31.3,31.02,0.39%
08-07-2020,31.19,31.23,31.315,31.175,-0.10%
09-07-2020,31.25,31.22,31.27,31.12,0.19%
10-07-2020,31.33,31.23,31.36,31.23,0.26%
13-07-2020,31.4,31.32,31.415,31.24,0.22%
14-07-2020,31.53,31.4,31.62,31.375,0.41%
15-07-2020,31.53,31.54,31.59,31.435,0.00%
16-07-2020,31.7,31.54,31.76,31.53,0.54%
17-07-2020,31.67,31.71,31.765,31.65,-0.09%
20-07-2020,31.79,31.7,31.86,31.665,0.38%
21-07-2020,31.58,31.79,31.815,31.49,-0.66%
22-07-2020,31.6,31.59,31.715,31.505,0.06%
23-07-2020,31.71,31.62,31.74,31.59,0.35%
24-07-2020,31.6,31.72,31.795,31.6,-0.35%
27-07-2020,31.47,31.63,31.64,31.47,-0.41%
28-07-2020,31.47,31.48,31.605,31.4,0.00%
29-07-2020,31.41,31.48,31.565,31.38,-0.19%
30-07-2020,31.37,31.43,31.465,31.345,-0.13%
31-07-2020,31.25,31.38,31.38,31.17,-0.38%
03-08-2020,31.2,31.25,31.3,31.185,-0.16%
04-08-2020,31.04,31.19,31.235,31.04,-0.51%
05-08-2020,31.03,31.04,31.06,30.97,-0.03%
06-08-2020,31.1,31.03,31.16,30.985,0.23%
07-08-2020,31.23,31.12,31.245,31.065,0.42%
10-08-2020,31.12,31.21,31.215,31.09,-0.35%
11-08-2020,31.12,31.12,31.155,31.05,0.00%
12-08-2020,31.05,31.13,31.18,31.05,-0.22%
13-08-2020,31.04,31.09,31.105,31.025,-0.03%
14-08-2020,31.13,31.05,31.16,31.035,0.29%
17-08-2020,31.13,31.13,31.225,31.085,0.00%
18-08-2020,31.16,31.15,31.22,31.11,0.10%
19-08-2020,31.28,31.15,31.31,31.135,0.39%
20-08-2020,31.4,31.28,31.47,31.27,0.38%
21-08-2020,31.54,31.41,31.59,31.38,0.45%
24-08-2020,31.49,31.57,31.64,31.41,-0.16%
25-08-2020,31.45,31.49,31.54,31.44,-0.13%
26-08-2020,31.26,31.46,31.47,31.26,-0.60%
27-08-2020,31.29,31.27,31.31,31.15,0.10%
28-08-2020,31.11,31.3,31.32,31.09,-0.58%
31-08-2020,31.07,31.1,31.175,31.01,-0.13%
01-09-2020,31.15,31.08,31.2,30.94,0.26%
02-09-2020,31.32,31.16,31.35,31.12,0.55%
03-09-2020,31.38,31.34,31.46,31.28,0.19%
04-09-2020,31.39,31.4,31.46,31.32,0.03%
07-09-2020,31.36,31.4,31.41,31.33,-0.10%
08-09-2020,31.39,31.39,31.47,31.365,0.10%
09-09-2020,31.26,31.41,31.43,31.26,-0.41%
10-09-2020,31.31,31.26,31.36,31.225,0.16%
11-09-2020,31.27,31.31,31.355,31.25,-0.13%
14-09-2020,31.28,31.31,31.35,31.25,0.03%
15-09-2020,31.18,31.3,31.31,31.17,-0.32%
16-09-2020,31.09,31.19,31.24,31.06,-0.29%
17-09-2020,31.16,31.1,31.27,31.075,0.23%
18-09-2020,31.08,31.19,31.195,31.04,-0.26%
21-09-2020,31.29,31.12,31.4,30.95,0.68%
22-09-2020,31.4,31.295,31.44,31.29,0.35%
23-09-2020,31.58,31.39,31.59,31.37,0.57%
24-09-2020,31.58,31.57,31.675,31.545,0.00%
25-09-2020,31.62,31.59,31.68,31.485,0.13%
28-09-2020,31.66,31.65,31.75,31.575,0.13%
29-09-2020,31.6,31.67,31.735,31.565,-0.19%
30-09-2020,31.6,31.615,31.71,31.55,0.00%
01-10-2020,31.55,31.61,31.655,31.535,-0.16%
02-10-2020,31.56,31.56,31.66,31.53,0.03%
05-10-2020,31.3,31.58,31.59,31.25,-0.82%
06-10-2020,31.23,31.3,31.315,31.17,-0.22%
07-10-2020,31.23,31.25,31.39,31.2,0.00%
08-10-2020,31.19,31.24,31.26,31.15,-0.13%
09-10-2020,30.97,31.21,31.21,30.98,-0.71%
12-10-2020,31.15,31.04,31.235,30.99,0.58%
13-10-2020,31.25,31.16,31.27,31.1,0.32%
14-10-2020,31.13,31.27,31.29,31.09,-0.38%
15-10-2020,31.2,31.145,31.275,31.13,0.22%
16-10-2020,31.19,31.22,31.25,31.145,-0.03%
19-10-2020,31.19,31.18,31.25,31.155,0.00%
20-10-2020,31.22,31.2,31.32,31.19,0.10%
21-10-2020,31.17,31.23,31.28,31.18,-0.16%
22-10-2020,31.3,31.19,31.33,31.18,0.42%
23-10-2020,31.33,31.31,31.34,31.235,0.10%
26-10-2020,31.27,31.32,31.34,31.26,-0.19%
27-10-2020,31.2,31.27,31.28,31.2,-0.22%
28-10-2020,31.25,31.23,31.3,31.11,0.16%
29-10-2020,31.21,31.27,31.29,31.2,-0.13%
30-10-2020,31.14,31.22,31.235,31.14,-0.22%
02-11-2020,31.11,31.16,31.21,31.1,-0.10%
03-11-2020,31.03,31.12,31.13,31.02,-0.26%
04-11-2020,30.99,31.03,31.21,30.99,-0.13%
05-11-2020,30.76,30.99,31.065,30.75,-0.74%
06-11-2020,30.62,30.76,30.795,30.52,-0.46%
09-11-2020,30.58,30.63,30.71,30.37,-0.13%
10-11-2020,30.32,30.58,30.6,30.3,-0.85%
11-11-2020,30.33,30.36,30.4,30.17,0.03%
12-11-2020,30.22,30.33,30.365,30.18,-0.36%
13-11-2020,30.15,30.22,30.29,30.15,-0.23%
16-11-2020,30.19,30.17,30.28,30.125,0.13%
17-11-2020,30.16,30.2,30.215,30.15,-0.10%
18-11-2020,30.3,30.16,30.35,30.15,0.46%
19-11-2020,30.36,30.31,30.45,30.305,0.20%
20-11-2020,30.29,30.37,30.415,30.25,-0.23%
23-11-2020,30.35,30.3,30.37,30.24,0.20%
24-11-2020,30.33,30.35,30.44,30.32,-0.07%
25-11-2020,30.28,30.34,30.4,30.27,-0.16%
26-11-2020,30.28,30.29,30.345,30.26,0.00%
27-11-2020,30.32,30.29,30.33,30.26,0.13%
30-11-2020,30.28,30.34,30.36,30.23,-0.13%
01-12-2020,30.25,30.28,30.305,30.24,-0.10%
02-12-2020,30.2,30.25,30.265,30.2,-0.17%
03-12-2020,30.18,30.21,30.235,30.17,-0.07%
04-12-2020,30.21,30.19,30.22,30.14,0.10%
07-12-2020,30.15,30.19,30.25,30.15,-0.20%
08-12-2020,30.02,30.16,30.18,30.02,-0.43%
09-12-2020,30.08,30.04,30.105,29.98,0.20%
10-12-2020,30.07,30.08,30.115,30.025,-0.03%
11-12-2020,30.11,30.07,30.12,30.0,0.13%
14-12-2020,30.1,30.08,30.115,30.05,-0.03%
15-12-2020,30.04,30.1,30.115,30.01,-0.20%
16-12-2020,30.02,30.05,30.07,30.0,-0.07%
17-12-2020,29.77,30.03,30.03,29.78,-0.83%
18-12-2020,29.84,29.79,29.88,29.75,0.24%
21-12-2020,30.06,29.83,30.15,29.81,0.74%
22-12-2020,30.2,30.09,30.24,30.04,0.47%
23-12-2020,30.2,30.22,30.245,30.155,0.00%
24-12-2020,30.01,30.2,30.245,29.98,-0.63%
25-12-2020,30.04,30.02,30.11,30.0,0.10%
28-12-2020,30.16,30.03,30.18,30.03,0.40%
29-12-2020,30.05,30.18,30.18,30.02,-0.36%
30-12-2020,29.94,30.06,30.07,29.91,-0.37%
31-12-2020,30.04,29.94,30.05,29.88,0.33%
01-01-2021,29.99,30.01,30.02,29.99,-0.17%
04-01-2021,29.91,29.99,30.025,29.84,-0.27%
05-01-2021,29.9,29.9,29.98,29.815,-0.03%
06-01-2021,29.93,29.92,29.975,29.875,0.10%
07-01-2021,30.07,29.94,30.09,29.89,0.47%
08-01-2021,30.14,30.05,30.16,30.03,0.23%
11-01-2021,30.14,30.11,30.19,30.07,0.00%
12-01-2021,30.04,30.15,30.195,30.04,-0.33%
13-01-2021,30.02,30.05,30.08,29.95,-0.07%
14-01-2021,29.98,30.02,30.06,29.96,-0.13%
15-01-2021,30.09,29.99,30.1,29.96,0.37%
18-01-2021,30.12,30.07,30.145,30.06,0.10%
19-01-2021,30.0,30.12,30.13,29.98,-0.40%
20-01-2021,29.97,29.99,30.01,29.95,-0.10%
21-01-2021,29.92,29.97,29.98,29.91,-0.17%
22-01-2021,29.96,29.93,30.02,29.92,0.13%
25-01-2021,29.97,29.99,30.01,29.95,0.03%
26-01-2021,29.94,29.99,30.0,29.945,-0.10%
27-01-2021,29.99,29.97,30.03,29.94,0.17%
28-01-2021,29.97,30.01,30.06,29.96,-0.07%
29-01-2021,29.86,29.98,30.01,29.86,-0.37%
01-02-2021,29.98,29.88,30.01,29.88,0.40%
02-02-2021,30.0,29.99,30.02,29.955,0.07%
03-02-2021,30.01,30.01,30.065,29.98,0.03%
04-02-2021,30.09,30.02,30.1,29.99,0.27%
05-02-2021,30.0,30.09,30.14,30.01,-0.30%
08-02-2021,29.97,30.08,30.08,29.98,-0.10%
09-02-2021,29.9,29.99,30.0,29.91,-0.23%
10-02-2021,29.89,29.92,29.935,29.88,-0.03%
11-02-2021,29.86,29.91,29.94,29.85,-0.10%
12-02-2021,29.87,29.87,29.94,29.855,0.03%
15-02-2021,29.88,29.89,29.915,29.84,0.03%
16-02-2021,29.94,29.9,29.97,29.845,0.20%
17-02-2021,30.0,29.95,30.04,29.92,0.20%
18-02-2021,30.0,30.0,30.04,29.97,0.00%
19-02-2021,29.96,30.01,30.045,29.96,-0.13%
22-02-2021,29.99,29.97,30.05,29.93,0.10%
23-02-2021,30.02,30.0,30.05,29.98,0.10%
24-02-2021,30.03,30.03,30.085,30.01,0.03%
25-02-2021,30.26,30.05,30.3,30.015,0.77%
26-02-2021,30.47,30.24,30.54,30.24,0.69%
01-03-2021,30.22,30.46,30.53,30.16,-0.82%
02-03-2021,30.24,30.23,30.375,30.21,0.07%
03-03-2021,30.33,30.25,30.37,30.23,0.30%
04-03-2021,30.41,30.34,30.43,30.32,0.26%
05-03-2021,30.53,30.41,30.57,30.39,0.39%
08-03-2021,30.79,30.52,30.845,30.48,0.85%
09-03-2021,30.72,30.81,30.96,30.72,-0.23%
10-03-2021,30.68,30.73,30.8,30.68,-0.13%
11-03-2021,30.54,30.69,30.73,30.54,-0.46%
12-03-2021,30.67,30.55,30.795,30.51,0.43%
15-03-2021,30.73,30.72,30.78,30.66,0.20%
16-03-2021,30.75,30.74,30.78,30.7,0.07%
17-03-2021,30.69,30.76,30.825,30.68,-0.20%
18-03-2021,30.88,30.7,30.91,30.66,0.62%
19-03-2021,30.81,30.885,30.99,30.775,-0.23%
22-03-2021,30.86,30.82,30.94,30.81,0.16%
23-03-2021,30.99,30.87,31.01,30.87,0.42%
24-03-2021,30.99,31.0,31.065,30.975,0.00%
25-03-2021,31.15,31.01,31.165,31.0,0.52%
26-03-2021,31.09,31.15,31.21,31.05,-0.19%
29-03-2021,31.19,31.12,31.25,31.11,0.32%
30-03-2021,31.3,31.2,31.315,31.18,0.35%
31-03-2021,31.24,31.31,31.4,31.215,-0.19%
01-04-2021,31.22,31.25,31.35,31.195,-0.06%
02-04-2021,31.3,31.22,31.335,31.19,0.26%
05-04-2021,31.34,31.31,31.41,31.29,0.13%
06-04-2021,31.29,31.35,31.4,31.29,-0.16%
07-04-2021,31.36,31.3,31.39,31.25,0.22%
08-04-2021,31.4,31.37,31.485,31.36,0.13%
09-04-2021,31.45,31.41,31.515,31.32,0.16%
12-04-2021,31.48,31.45,31.58,31.44,0.10%
13-04-2021,31.51,31.51,31.6,31.48,0.10%
14-04-2021,31.3,31.53,31.53,31.3,-0.67%
15-04-2021,31.16,31.31,31.37,31.115,-0.45%
16-04-2021,31.21,31.17,31.305,31.13,0.16%
19-04-2021,31.21,31.21,31.29,31.17,0.00%
20-04-2021,31.26,31.23,31.3,31.18,0.16%
21-04-2021,31.32,31.28,31.37,31.26,0.19%
22-04-2021,31.38,31.32,31.4,31.27,0.19%
23-04-2021,31.4,31.39,31.45,31.345,0.06%
26-04-2021,31.41,31.42,31.49,31.35,0.03%
27-04-2021,31.35,31.43,31.49,31.33,-0.19%
28-04-2021,31.35,31.35,31.44,31.33,0.00%
29-04-2021,31.17,31.35,31.355,31.17,-0.57%
30-04-2021,31.14,31.19,31.225,31.13,-0.10%
03-05-2021,31.12,31.16,31.23,31.105,-0.06%
04-05-2021,31.18,31.13,31.22,31.115,0.19%
05-05-2021,31.13,31.18,31.23,31.07,-0.16%
06-05-2021,31.23,31.13,31.295,31.12,0.32%
07-05-2021,31.04,31.24,31.285,31.05,-0.61%
10-05-2021,31.1,31.09,31.175,31.035,0.19%
11-05-2021,31.16,31.11,31.2,31.07,0.19%
12-05-2021,31.29,31.16,31.31,31.15,0.42%
13-05-2021,31.34,31.29,31.4,31.28,0.16%
14-05-2021,31.36,31.36,31.405,31.305,0.06%
17-05-2021,31.48,31.36,31.51,31.34,0.38%
18-05-2021,31.4,31.49,31.52,31.4,-0.25%
19-05-2021,31.41,31.43,31.475,31.36,0.03%
20-05-2021,31.36,31.41,31.44,31.36,-0.16%
21-05-2021,31.36,31.37,31.41,31.35,0.00%
24-05-2021,31.32,31.38,31.405,31.31,-0.13%
25-05-2021,31.34,31.34,31.39,31.29,0.06%
26-05-2021,31.24,31.35,31.35,31.225,-0.32%
27-05-2021,31.29,31.25,31.35,31.23,0.16%
28-05-2021,31.26,31.3,31.335,31.23,-0.10%
31-05-2021,31.19,31.26,31.29,31.19,-0.22%
01-06-2021,31.16,31.2,31.21,31.125,-0.10%
02-06-2021,31.1,31.16,31.19,31.11,-0.19%
03-06-2021,31.2,31.12,31.22,31.11,0.32%
04-06-2021,31.13,31.21,31.29,31.12,-0.22%
07-06-2021,31.18,31.14,31.23,31.14,0.16%
08-06-2021,31.2,31.18,31.245,31.17,0.06%
09-06-2021,31.15,31.21,31.22,31.13,-0.16%
10-06-2021,31.14,31.16,31.19,31.12,-0.03%
11-06-2021,31.08,31.16,31.16,31.03,-0.19%
14-06-2021,31.11,31.07,31.15,31.06,0.10%
15-06-2021,31.14,31.12,31.19,31.09,0.10%
16-06-2021,31.28,31.15,31.295,31.15,0.45%
17-06-2021,31.4,31.28,31.45,31.27,0.38%
18-06-2021,31.45,31.41,31.53,31.34,0.16%
21-06-2021,31.59,31.47,31.68,31.46,0.45%
22-06-2021,31.71,31.61,31.765,31.6,0.38%
23-06-2021,31.82,31.72,31.92,31.675,0.35%
24-06-2021,31.89,31.83,31.99,31.815,0.22%
25-06-2021,31.82,31.9,31.92,31.725,-0.22%
28-06-2021,31.91,31.8,31.99,31.78,0.28%
29-06-2021,32.09,31.92,32.15,31.91,0.56%
30-06-2021,32.02,32.11,32.14,31.985,-0.22%
01-07-2021,32.06,32.03,32.1,31.965,0.12%
02-07-2021,32.14,32.06,32.285,32.055,0.25%
05-07-2021,32.11,32.16,32.22,32.065,-0.09%
06-07-2021,32.24,32.11,32.29,32.075,0.40%
07-07-2021,32.3,32.26,32.355,32.245,0.19%
08-07-2021,32.53,32.33,32.545,32.32,0.71%
09-07-2021,32.51,32.54,32.735,32.5,-0.06%
12-07-2021,32.67,32.52,32.7,32.51,0.49%
13-07-2021,32.63,32.685,32.69,32.53,-0.12%
14-07-2021,32.61,32.64,32.69,32.585,-0.06%
15-07-2021,32.68,32.61,32.705,32.585,0.21%
16-07-2021,32.79,32.69,32.81,32.67,0.34%
19-07-2021,32.85,32.79,32.91,32.77,0.18%
20-07-2021,32.83,32.86,32.87,32.765,-0.06%
21-07-2021,32.83,32.84,32.89,32.785,0.00%
22-07-2021,32.88,32.825,32.91,32.81,0.15%
23-07-2021,32.94,32.895,32.97,32.87,0.18%
26-07-2021,32.9,32.94,32.99,32.9,-0.12%
27-07-2021,32.92,32.91,32.99,32.83,0.06%
28-07-2021,32.83,32.94,32.95,32.81,-0.27%
29-07-2021,32.85,32.87,32.93,32.8,0.06%
30-07-2021,32.89,32.855,32.93,32.83,0.12%
02-08-2021,32.94,32.89,32.97,32.89,0.15%
03-08-2021,33.02,32.95,33.04,32.925,0.24%
04-08-2021,33.11,33.025,33.15,33.02,0.27%
05-08-2021,33.24,33.12,33.27,33.065,0.39%
06-08-2021,33.45,33.27,33.46,33.25,0.63%
09-08-2021,33.46,33.44,33.475,33.39,0.03%
10-08-2021,33.45,33.47,33.495,33.45,-0.03%
11-08-2021,33.16,33.46,33.48,33.115,-0.87%
12-08-2021,33.04,33.19,33.23,32.955,-0.36%
13-08-2021,33.33,33.05,33.38,33.05,0.88%
16-08-2021,33.41,33.34,33.465,33.31,0.24%
17-08-2021,33.36,33.41,33.465,33.235,-0.15%
18-08-2021,33.28,33.36,33.37,33.14,-0.24%
19-08-2021,33.35,33.295,33.455,33.29,0.21%
20-08-2021,33.35,33.35,33.4,33.3,0.00%
23-08-2021,33.25,33.36,33.405,33.225,-0.30%
24-08-2021,32.88,33.255,33.32,32.845,-1.11%
25-08-2021,32.8,32.875,33.0,32.675,-0.24%
26-08-2021,32.75,32.805,32.85,32.685,-0.15%
27-08-2021,32.53,32.76,32.83,32.515,-0.67%
30-08-2021,32.48,32.55,32.59,32.415,-0.15%
31-08-2021,32.22,32.48,32.5,32.185,-0.80%
01-09-2021,32.3,32.24,32.4,32.175,0.25%
02-09-2021,32.45,32.31,32.505,32.28,0.46%
03-09-2021,32.48,32.46,32.65,32.38,0.09%
06-09-2021,32.46,32.49,32.56,32.32,-0.06%
07-09-2021,32.65,32.44,32.71,32.43,0.59%
08-09-2021,32.75,32.66,32.845,32.65,0.31%
09-09-2021,32.71,32.77,32.8,32.65,-0.12%
10-09-2021,32.7,32.72,32.78,32.6,-0.03%
13-09-2021,32.86,32.69,32.92,32.69,0.49%
14-09-2021,32.92,32.87,32.97,32.825,0.18%
15-09-2021,32.87,32.945,32.99,32.835,-0.15%
16-09-2021,33.13,32.89,33.16,32.84,0.79%
17-09-2021,33.34,33.14,33.35,33.12,0.63%
20-09-2021,33.36,33.32,33.4,33.29,0.06%
21-09-2021,33.36,33.37,33.49,33.32,0.00%
22-09-2021,33.45,33.38,33.485,33.36,0.27%
23-09-2021,33.38,33.47,33.605,33.135,-0.21%
24-09-2021,33.43,33.38,33.47,33.32,0.15%
27-09-2021,33.59,33.43,33.605,33.31,0.48%
28-09-2021,33.85,33.6,33.89,33.56,0.77%
29-09-2021,33.95,33.845,34.0,33.76,0.30%
30-09-2021,33.67,33.95,33.98,33.59,-0.82%
01-10-2021,33.58,33.68,33.8,33.59,-0.27%
04-10-2021,33.76,33.62,33.82,33.61,0.54%
05-10-2021,33.82,33.77,33.865,33.73,0.18%
06-10-2021,33.81,33.825,33.99,33.78,-0.03%
07-10-2021,33.78,33.82,33.865,33.69,-0.09%
08-10-2021,33.86,33.78,33.95,33.72,0.24%
11-10-2021,33.67,33.86,33.92,33.6,-0.56%
12-10-2021,33.33,33.69,33.71,33.275,-1.01%
13-10-2021,33.19,33.34,33.36,33.17,-0.42%
14-10-2021,33.16,33.2,33.28,33.15,-0.09%
15-10-2021,33.4,33.165,33.47,33.15,0.72%
18-10-2021,33.48,33.42,33.5,33.4,0.24%
19-10-2021,33.31,33.485,33.485,33.23,-0.51%
20-10-2021,33.36,33.33,33.48,33.33,0.15%
21-10-2021,33.38,33.37,33.44,33.33,0.06%
22-10-2021,33.24,33.415,33.42,33.24,-0.42%
25-10-2021,33.05,33.32,33.32,33.05,-0.57%
26-10-2021,33.2,33.055,33.25,32.975,0.45%
27-10-2021,33.29,33.215,33.41,33.15,0.27%
28-10-2021,33.19,33.295,33.35,33.18,-0.30%
29-10-2021,33.29,33.21,33.38,33.13,0.30%
01-11-2021,33.29,33.31,33.49,33.27,0.00%
02-11-2021,33.26,33.295,33.345,33.22,-0.09%
03-11-2021,33.3,33.265,33.46,33.255,0.12%
04-11-2021,33.34,33.3,33.47,33.26,0.12%
05-11-2021,33.2,33.36,33.395,33.14,-0.42%
08-11-2021,32.92,33.17,33.22,32.9,-0.84%
09-11-2021,32.77,32.93,32.94,32.72,-0.46%
10-11-2021,32.8,32.765,32.84,32.67,0.09%
11-11-2021,32.85,32.83,32.97,32.75,0.15%
12-11-2021,32.78,32.865,32.88,32.725,-0.21%
15-11-2021,32.72,32.75,32.77,32.645,-0.18%
16-11-2021,32.75,32.72,32.78,32.665,0.09%
17-11-2021,32.63,32.76,32.86,32.62,-0.37%
18-11-2021,32.57,32.62,32.68,32.555,-0.18%
19-11-2021,32.78,32.58,32.86,32.575,0.64%
22-11-2021,33.01,32.81,33.05,32.78,0.70%
23-11-2021,33.11,33.02,33.17,32.98,0.30%
24-11-2021,33.36,33.11,33.415,33.09,0.76%
25-11-2021,33.38,33.37,33.44,33.22,0.06%
26-11-2021,33.76,33.39,33.77,33.38,1.14%
29-11-2021,33.71,33.71,33.775,33.61,-0.15%
30-11-2021,33.71,33.72,33.83,33.56,0.00%
01-12-2021,33.72,33.75,33.78,33.63,0.03%
02-12-2021,33.88,33.73,33.91,33.695,0.47%
03-12-2021,33.84,33.88,34.0,33.74,-0.12%
06-12-2021,33.83,33.87,33.92,33.785,-0.03%
07-12-2021,33.67,33.84,33.905,33.61,-0.47%
08-12-2021,33.49,33.69,33.69,33.41,-0.53%
09-12-2021,33.59,33.49,33.63,33.365,0.30%
10-12-2021,33.62,33.58,33.72,33.53,0.09%
13-12-2021,33.38,33.57,33.59,33.32,-0.71%
14-12-2021,33.41,33.39,33.46,33.34,0.09%
15-12-2021,33.42,33.43,33.51,33.37,0.03%
16-12-2021,33.4,33.42,33.495,33.37,-0.06%
17-12-2021,33.32,33.42,33.43,33.27,-0.24%
20-12-2021,33.6,33.34,33.63,33.32,0.84%
21-12-2021,33.68,33.61,33.77,33.59,0.24%
22-12-2021,33.65,33.68,33.85,33.62,-0.09%
23-12-2021,33.5,33.67,33.7,33.485,-0.45%
24-12-2021,33.43,33.49,33.55,33.38,-0.21%
27-12-2021,33.52,33.44,33.59,33.41,0.27%
28-12-2021,33.53,33.53,33.575,33.47,0.03%
29-12-2021,33.5,33.54,33.62,33.47,-0.09%
30-12-2021,33.34,33.51,33.51,33.31,-0.48%
31-12-2021,33.23,33.36,33.365,33.15,-0.33%
03-01-2022,33.24,33.24,33.37,33.13,0.03%
04-01-2022,33.25,33.24,33.365,33.225,0.03%
05-01-2022,33.19,33.26,33.29,33.12,-0.18%
06-01-2022,33.55,33.21,33.595,33.21,1.08%
07-01-2022,33.62,33.56,33.74,33.47,0.21%
10-01-2022,33.62,33.65,33.75,33.57,0.00%
11-01-2022,33.3,33.63,33.63,33.29,-0.95%
12-01-2022,33.3,33.35,33.465,33.25,0.00%
13-01-2022,33.21,33.3,33.34,33.18,-0.27%
14-01-2022,33.2,33.22,33.28,33.13,-0.03%
17-01-2022,33.09,33.2,33.36,33.025,-0.33%
18-01-2022,33.08,33.09,33.15,32.875,-0.03%
19-01-2022,32.9,33.08,33.24,32.89,-0.54%
20-01-2022,32.91,32.92,33.11,32.79,0.03%
21-01-2022,32.91,32.91,33.08,32.88,0.00%
24-01-2022,33.0,32.96,33.1,32.95,0.27%
25-01-2022,32.98,33.0,33.1,32.95,-0.06%
26-01-2022,33.1,33.0,33.18,32.92,0.36%
27-01-2022,33.3,33.12,33.32,33.065,0.60%
28-01-2022,33.42,33.305,33.465,33.21,0.36%
31-01-2022,33.22,33.43,33.48,33.21,-0.60%
01-02-2022,33.19,33.25,33.285,33.17,-0.09%
02-02-2022,33.12,33.18,33.245,33.1,-0.21%
03-02-2022,33.11,33.13,33.2,33.1,-0.03%
04-02-2022,32.98,33.12,33.125,32.94,-0.39%
07-02-2022,33.0,32.98,33.1,32.825,0.06%
08-02-2022,32.9,33.02,33.045,32.855,-0.30%
09-02-2022,32.7,32.91,32.93,32.69,-0.61%
10-02-2022,32.72,32.71,32.78,32.56,0.06%
11-02-2022,32.72,32.71,32.78,32.63,0.00%
14-02-2022,32.42,32.69,32.72,32.405,-0.92%
15-02-2022,32.35,32.44,32.485,32.28,-0.22%
16-02-2022,32.25,32.345,32.44,32.235,-0.31%
17-02-2022,32.1,32.28,32.33,32.08,-0.47%
18-02-2022,32.16,32.11,32.19,32.08,0.19%
21-02-2022,32.28,32.14,32.29,32.09,0.37%
22-02-2022,32.42,32.27,32.48,32.25,0.43%
23-02-2022,32.26,32.42,32.48,32.185,-0.49%
24-02-2022,32.63,32.27,32.89,32.24,1.15%
25-02-2022,32.45,32.625,32.66,32.415,-0.55%
28-02-2022,32.67,32.71,32.78,32.59,0.68%
01-03-2022,32.69,32.665,32.76,32.51,0.06%
02-03-2022,32.51,32.71,32.765,32.42,-0.55%
03-03-2022,32.58,32.53,32.65,32.4,0.22%
04-03-2022,32.69,32.59,32.75,32.55,0.34%
07-03-2022,33.0,32.69,33.08,32.66,0.95%
08-03-2022,33.18,33.0,33.23,32.99,0.55%
09-03-2022,33.02,33.22,33.235,32.975,-0.48%
10-03-2022,33.12,33.04,33.17,32.97,0.30%
11-03-2022,33.3,33.14,33.36,33.115,0.54%
14-03-2022,33.45,33.3,33.47,33.27,0.45%
15-03-2022,33.51,33.45,33.57,33.42,0.18%
16-03-2022,33.34,33.54,33.56,33.25,-0.51%
17-03-2022,33.2,33.4,33.4,33.18,-0.42%
18-03-2022,33.29,33.21,33.4,33.195,0.27%
21-03-2022,33.54,33.28,33.57,33.27,0.75%
22-03-2022,33.48,33.54,33.71,33.45,-0.18%
23-03-2022,33.61,33.51,33.7,33.445,0.39%
24-03-2022,33.51,33.61,33.72,33.505,-0.30%
25-03-2022,33.58,33.51,33.61,33.42,0.21%
28-03-2022,33.77,33.57,33.81,33.57,0.57%
29-03-2022,33.5,33.78,33.8,33.47,-0.80%
30-03-2022,33.33,33.48,33.595,33.28,-0.51%
31-03-2022,33.28,33.35,33.4,33.18,-0.15%
01-04-2022,33.49,33.29,33.53,33.265,0.63%
04-04-2022,33.44,33.46,33.55,33.43,-0.15%
05-04-2022,33.53,33.47,33.55,33.37,0.27%
06-04-2022,33.58,33.54,33.64,33.535,0.15%
07-04-2022,33.48,33.6,33.61,33.385,-0.30%
08-04-2022,33.59,33.49,33.65,33.465,0.33%
11-04-2022,33.6,33.59,33.68,33.545,0.03%
12-04-2022,33.58,33.61,33.71,33.46,-0.06%
13-04-2022,33.5,33.57,33.58,33.445,-0.24%
14-04-2022,33.68,33.52,33.72,33.46,0.54%
15-04-2022,33.61,33.69,33.72,33.6,-0.21%
18-04-2022,33.69,33.63,33.72,33.58,0.24%
19-04-2022,33.79,33.69,33.81,33.65,0.30%
20-04-2022,33.76,33.8,33.9,33.73,-0.09%
21-04-2022,33.9,33.78,33.91,33.765,0.41%
22-04-2022,33.97,33.91,33.99,33.825,0.21%
25-04-2022,34.13,33.96,34.15,33.92,0.47%
26-04-2022,34.29,34.14,34.32,34.02,0.47%
27-04-2022,34.34,34.31,34.4,34.265,0.15%
28-04-2022,34.46,34.34,34.5,34.34,0.35%
29-04-2022,34.24,34.46,34.465,34.14,-0.64%
02-05-2022,34.46,34.25,34.49,34.23,0.64%
03-05-2022,34.36,34.455,34.54,34.32,-0.29%
04-05-2022,34.04,34.37,34.41,34.01,-0.93%
05-05-2022,34.34,34.035,34.41,34.0,0.88%
06-05-2022,34.33,34.35,34.44,34.275,-0.03%
09-05-2022,34.57,34.35,34.65,34.335,0.70%
10-05-2022,34.61,34.58,34.64,34.485,0.12%
11-05-2022,34.64,34.61,34.71,34.555,0.09%
12-05-2022,34.72,34.635,34.765,34.61,0.23%
13-05-2022,34.7,34.75,34.81,34.645,-0.06%
16-05-2022,34.71,34.75,34.85,34.69,0.03%
17-05-2022,34.52,34.72,34.75,34.455,-0.55%
18-05-2022,34.63,34.515,34.69,34.49,0.32%
19-05-2022,34.45,34.64,34.68,34.375,-0.52%
20-05-2022,34.39,34.46,34.5,34.235,-0.17%
23-05-2022,34.13,34.42,34.42,34.12,-0.76%
24-05-2022,34.08,34.145,34.27,34.055,-0.15%
25-05-2022,34.28,34.1,34.37,34.065,0.59%
26-05-2022,34.18,34.275,34.355,34.15,-0.29%
27-05-2022,34.11,34.24,34.27,34.08,-0.20%
30-05-2022,34.08,34.13,34.135,34.045,-0.09%
31-05-2022,34.3,34.08,34.36,34.065,0.65%
01-06-2022,34.35,34.33,34.39,34.255,0.15%
02-06-2022,34.25,34.36,34.43,34.225,-0.29%
03-06-2022,34.3,34.25,34.39,34.18,0.15%
06-06-2022,34.36,34.34,34.47,34.275,0.17%
07-06-2022,34.41,34.38,34.51,34.37,0.15%
08-06-2022,34.52,34.42,34.55,34.405,0.32%
09-06-2022,34.52,34.52,34.58,34.44,0.00%
10-06-2022,34.72,34.56,34.83,34.545,0.58%
13-06-2022,34.88,34.75,34.95,34.73,0.46%
14-06-2022,35.02,34.9,35.05,34.88,0.40%
15-06-2022,34.76,35.02,35.14,34.725,-0.74%
16-06-2022,35.01,34.81,35.185,34.75,0.72%
17-06-2022,35.24,35.03,35.31,34.96,0.66%
20-06-2022,35.33,35.26,35.35,35.23,0.26%
21-06-2022,35.32,35.34,35.45,35.25,-0.03%
22-06-2022,35.39,35.33,35.53,35.3,0.20%
23-06-2022,35.46,35.39,35.53,35.315,0.20%
24-06-2022,35.45,35.5,35.58,35.44,-0.03%
27-06-2022,35.38,35.5,35.5,35.295,-0.20%
28-06-2022,35.17,35.37,35.4,35.05,-0.59%
29-06-2022,35.22,35.18,35.265,34.945,0.14%
30-06-2022,35.3,35.2,35.405,35.17,0.23%
01-07-2022,35.57,35.31,35.7,35.3,0.76%
04-07-2022,35.7,35.59,35.73,35.58,0.37%
05-07-2022,35.94,35.71,36.0,35.64,0.67%
06-07-2022,36.21,35.94,36.25,35.91,0.75%
07-07-2022,36.02,36.21,36.365,36.02,-0.52%
08-07-2022,35.86,36.05,36.14,35.82,-0.44%
11-07-2022,36.25,35.86,36.29,35.835,1.09%
12-07-2022,36.18,36.25,36.37,36.175,-0.19%
13-07-2022,36.19,36.2,36.39,36.1,0.03%
14-07-2022,36.57,36.21,36.68,36.145,1.05%
15-07-2022,36.62,36.58,36.74,36.535,0.14%
18-07-2022,36.64,36.65,36.67,36.525,0.05%
19-07-2022,36.6,36.65,36.74,36.535,-0.11%
20-07-2022,36.68,36.61,36.72,36.555,0.22%
21-07-2022,36.75,36.69,36.95,36.685,0.19%
22-07-2022,36.64,36.78,36.92,36.595,-0.30%
25-07-2022,36.69,36.68,36.79,36.6,0.14%
26-07-2022,36.71,36.69,36.75,36.61,0.05%
27-07-2022,36.68,36.73,36.89,36.675,-0.08%
28-07-2022,36.44,36.71,36.78,36.43,-0.65%
29-07-2022,36.29,36.46,36.49,36.11,-0.41%
01-08-2022,36.12,36.28,36.36,35.95,-0.47%
02-08-2022,36.21,36.15,36.23,36.02,0.25%
03-08-2022,36.21,36.22,36.37,36.14,0.00%
04-08-2022,35.89,36.24,36.265,35.825,-0.88%
05-08-2022,35.76,35.9,35.9,35.53,-0.36%
08-08-2022,35.62,35.74,35.85,35.525,-0.39%
09-08-2022,35.41,35.615,35.655,35.335,-0.59%
10-08-2022,35.35,35.41,35.635,35.23,-0.17%
11-08-2022,35.18,35.36,35.39,35.05,-0.48%
12-08-2022,35.33,35.19,35.4,35.16,0.43%
15-08-2022,35.51,35.3,35.55,35.235,0.51%
16-08-2022,35.39,35.51,35.59,35.34,-0.34%
17-08-2022,35.46,35.42,35.52,35.33,0.20%
18-08-2022,35.63,35.45,35.74,35.415,0.48%
19-08-2022,35.72,35.66,35.815,35.6,0.25%
22-08-2022,36.11,35.74,36.18,35.74,1.09%
23-08-2022,36.05,36.12,36.34,35.95,-0.17%
24-08-2022,36.1,36.05,36.27,36.005,0.14%
25-08-2022,35.84,36.1,36.12,35.775,-0.72%
26-08-2022,36.15,35.86,36.235,35.795,0.86%
29-08-2022,36.32,36.19,36.48,36.18,0.47%
30-08-2022,36.46,36.32,36.51,36.3,0.39%
31-08-2022,36.52,36.47,36.6,36.325,0.16%
01-09-2022,36.76,36.58,36.84,36.54,0.66%
02-09-2022,36.67,36.73,36.86,36.565,-0.24%
05-09-2022,36.58,36.64,36.83,36.52,-0.25%
06-09-2022,36.65,36.58,36.72,36.34,0.19%
07-09-2022,36.43,36.67,36.83,36.38,-0.60%
08-09-2022,36.48,36.42,36.57,36.34,0.14%
09-09-2022,36.32,36.49,36.505,36.26,-0.44%
12-09-2022,36.31,36.34,36.505,36.26,-0.03%
13-09-2022,36.65,36.33,36.67,36.175,0.94%
14-09-2022,36.61,36.66,36.745,36.555,-0.11%
15-09-2022,36.93,36.6,36.97,36.58,0.87%
16-09-2022,36.81,36.94,37.11,36.82,-0.32%
19-09-2022,36.94,36.9,37.05,36.765,0.35%
20-09-2022,37.01,36.96,37.07,36.84,0.19%
21-09-2022,37.17,37.02,37.215,36.99,0.43%
22-09-2022,37.36,37.15,37.46,37.13,0.51%
23-09-2022,37.53,37.38,37.6,37.195,0.46%
26-09-2022,37.91,37.53,37.98,37.53,1.01%
27-09-2022,37.96,37.92,38.0,37.825,0.13%
28-09-2022,37.71,37.975,38.46,37.69,-0.66%
29-09-2022,37.87,37.74,38.29,37.73,0.42%
30-09-2022,37.77,37.875,38.04,37.635,-0.26%
03-10-2022,37.8,37.85,38.16,37.76,0.08%
04-10-2022,37.46,37.79,37.965,37.375,-0.90%
05-10-2022,37.47,37.46,37.6,37.16,0.03%
06-10-2022,37.34,37.47,37.485,37.11,-0.35%
07-10-2022,37.58,37.36,37.645,37.32,0.64%
10-10-2022,37.94,37.56,38.015,37.56,0.96%
11-10-2022,38.1,37.98,38.22,37.92,0.42%
12-10-2022,37.91,38.11,38.29,37.875,-0.50%
13-10-2022,38.01,37.94,38.29,37.755,0.26%
14-10-2022,38.28,38.05,38.335,37.995,0.71%
17-10-2022,38.03,38.3,38.31,37.99,-0.65%
18-10-2022,38.07,38.09,38.18,37.915,0.11%
19-10-2022,38.24,38.07,38.36,37.955,0.45%
20-10-2022,38.12,38.32,38.47,37.98,-0.31%
21-10-2022,37.93,38.11,38.415,37.985,-0.50%
24-10-2022,38.17,38.03,38.255,37.96,0.63%
25-10-2022,37.96,38.22,38.35,37.94,-0.55%
26-10-2022,37.8,38.01,38.12,37.67,-0.42%
27-10-2022,37.79,37.8,37.89,37.615,-0.03%
28-10-2022,37.9,37.82,38.02,37.66,0.29%
31-10-2022,38.05,37.94,38.15,37.89,0.40%
01-11-2022,37.74,38.06,38.08,37.625,-0.81%
02-11-2022,37.75,37.73,37.85,37.525,0.03%
03-11-2022,37.94,37.78,38.05,37.71,0.50%
04-11-2022,37.28,37.99,38.035,37.26,-1.74%
07-11-2022,37.36,37.42,37.525,37.27,0.21%
08-11-2022,36.99,37.37,37.4,36.915,-0.99%
09-11-2022,36.84,37.0,37.01,36.66,-0.41%
10-11-2022,36.17,36.85,36.985,36.15,-1.82%
11-11-2022,35.94,36.2,36.215,35.68,-0.64%
14-11-2022,35.71,35.97,36.045,35.67,-0.64%
15-11-2022,35.57,35.72,35.765,35.38,-0.39%
16-11-2022,35.76,35.56,35.83,35.52,0.53%
17-11-2022,35.84,35.75,36.03,35.685,0.22%
18-11-2022,35.83,35.83,35.91,35.675,-0.03%
21-11-2022,36.27,35.81,36.32,35.78,1.23%
22-11-2022,36.12,36.27,36.305,36.05,-0.41%
23-11-2022,36.0,36.13,36.29,35.98,-0.33%
24-11-2022,35.75,36.02,36.07,35.7,-0.69%
25-11-2022,35.67,35.74,35.85,35.555,-0.22%
28-11-2022,35.72,35.9,36.08,35.505,0.14%
29-11-2022,35.46,35.73,35.845,35.335,-0.73%
30-11-2022,35.11,35.48,35.54,35.11,-0.99%
01-12-2022,34.79,35.14,35.14,34.76,-0.91%
02-12-2022,34.66,34.84,35.02,34.66,-0.37%
05-12-2022,35.0,34.71,35.05,34.58,0.98%
06-12-2022,35.1,34.98,35.15,34.9,0.29%
07-12-2022,34.95,35.1,35.17,34.89,-0.43%
08-12-2022,34.65,34.95,34.95,34.65,-0.86%
09-12-2022,34.64,34.72,34.83,34.66,-0.03%
12-12-2022,34.86,34.7,34.9,34.7,0.64%
13-12-2022,34.6,34.87,34.885,34.535,-0.75%
14-12-2022,34.51,34.61,34.665,34.47,-0.26%
15-12-2022,35.04,34.53,35.11,34.5,1.54%
16-12-2022,34.82,35.05,35.16,34.8,-0.63%
19-12-2022,34.83,34.87,34.91,34.725,0.03%
20-12-2022,34.66,34.86,35.04,34.625,-0.49%
21-12-2022,34.66,34.68,34.88,34.625,0.00%
22-12-2022,34.85,34.71,34.91,34.6,0.55%
23-12-2022,34.76,34.86,34.93,34.66,-0.26%
26-12-2022,34.69,34.77,34.795,34.67,-0.20%
27-12-2022,34.6,34.685,34.715,34.56,-0.26%
28-12-2022,34.78,34.64,34.825,34.585,0.52%
29-12-2022,34.62,34.77,34.77,34.575,-0.46%
30-12-2022,34.61,34.61,34.67,34.49,-0.03%
02-01-2023,34.54,34.59,34.63,34.505,-0.20%
03-01-2023,34.35,34.54,34.54,34.285,-0.55%
04-01-2023,33.93,34.41,34.435,33.84,-1.22%
05-01-2023,34.0,33.94,34.17,33.77,0.21%
06-01-2023,33.79,34.05,34.095,33.64,-0.62%
09-01-2023,33.42,33.77,33.82,33.36,-1.10%
10-01-2023,33.45,33.44,33.61,33.305,0.09%
11-01-2023,33.43,33.49,33.62,33.26,-0.06%
12-01-2023,33.19,33.425,33.475,33.09,-0.72%
13-01-2023,32.85,33.2,33.2,32.815,-1.02%
16-01-2023,33.06,32.88,33.12,32.7,0.64%
17-01-2023,32.99,33.04,33.2,32.94,-0.21%
18-01-2023,33.0,33.0,33.19,32.77,0.03%
19-01-2023,32.88,32.96,33.17,32.875,-0.36%
20-01-2023,32.65,32.92,32.95,32.675,-0.70%
23-01-2023,32.68,32.74,32.86,32.57,0.09%
24-01-2023,32.75,32.73,32.905,32.69,0.21%
25-01-2023,32.75,32.8,32.89,32.7,0.00%
26-01-2023,32.81,32.77,32.87,32.605,0.18%
27-01-2023,32.79,32.82,32.95,32.765,-0.06%
30-01-2023,32.77,32.83,32.83,32.67,-0.06%
31-01-2023,32.84,32.78,33.085,32.73,0.21%
01-02-2023,32.8,32.87,32.98,32.745,-0.12%
02-02-2023,33.02,32.82,33.05,32.645,0.67%
03-02-2023,33.39,33.01,33.52,32.905,1.12%
06-02-2023,33.74,33.44,33.825,33.43,1.05%
07-02-2023,33.5,33.75,33.81,33.435,-0.71%
08-02-2023,33.46,33.535,33.645,33.405,-0.12%
09-02-2023,33.56,33.51,33.62,33.35,0.30%
10-02-2023,33.65,33.59,33.81,33.5,0.27%
13-02-2023,33.79,33.71,33.925,33.71,0.42%
14-02-2023,33.88,33.81,33.95,33.69,0.27%
15-02-2023,34.27,33.89,34.465,33.855,1.15%
16-02-2023,34.32,34.265,34.5,34.09,0.15%
17-02-2023,34.46,34.37,34.635,34.37,0.41%
20-02-2023,34.38,34.46,34.49,34.31,-0.23%
21-02-2023,34.57,34.39,34.69,34.355,0.55%
22-02-2023,34.59,34.6,34.715,34.52,0.06%
23-02-2023,34.7,34.62,34.76,34.485,0.32%
24-02-2023,34.92,34.69,35.0,34.62,0.63%
27-02-2023,35.0,34.96,35.165,34.92,0.23%
28-02-2023,35.22,35.01,35.39,34.945,0.63%
01-03-2023,34.7,35.23,35.365,34.63,-1.48%
02-03-2023,34.82,34.71,34.965,34.665,0.35%
03-03-2023,34.47,34.82,34.86,34.48,-1.01%
06-03-2023,34.48,34.54,34.65,34.39,0.03%
07-03-2023,35.07,34.47,35.11,34.445,1.71%
08-03-2023,35.06,35.1,35.195,34.98,-0.03%
09-03-2023,35.0,35.05,35.15,34.915,-0.17%
10-03-2023,34.81,34.98,35.15,34.64,-0.54%
13-03-2023,34.5,34.76,34.77,34.42,-0.89%
14-03-2023,34.57,34.52,34.685,34.41,0.20%
15-03-2023,34.62,34.58,34.76,34.45,0.14%
16-03-2023,34.43,34.64,34.65,34.34,-0.55%
17-03-2023,34.11,34.45,34.45,34.025,-0.93%
20-03-2023,34.09,34.09,34.175,34.0,-0.06%
21-03-2023,34.44,34.08,34.5,34.0,1.03%
22-03-2023,34.25,34.43,34.56,34.1,-0.55%
23-03-2023,34.0,34.28,34.28,33.89,-0.73%
24-03-2023,34.16,33.99,34.295,33.98,0.47%
27-03-2023,34.41,34.22,34.48,34.17,0.73%
28-03-2023,34.24,34.43,34.45,34.2,-0.49%
29-03-2023,34.19,34.26,34.36,34.115,-0.15%
30-03-2023,34.13,34.18,34.345,34.085,-0.18%
31-03-2023,34.16,34.13,34.22,34.005,0.09%
03-04-2023,34.2,34.16,34.47,34.16,0.12%
04-04-2023,34.04,34.22,34.315,34.02,-0.47%
05-04-2023,33.9,34.035,34.06,33.775,-0.41%
06-04-2023,34.09,33.94,34.185,33.925,0.56%
07-04-2023,34.14,34.085,34.2,34.035,0.15%
10-04-2023,34.36,34.16,34.41,34.16,0.64%
11-04-2023,34.26,34.38,34.405,34.195,-0.29%
12-04-2023,34.13,34.28,34.295,34.1,-0.38%
13-04-2023,33.96,34.125,34.19,33.975,-0.50%
14-04-2023,34.23,34.0,34.39,33.95,0.80%
17-04-2023,34.49,34.29,34.51,34.26,0.76%
18-04-2023,34.28,34.5,34.505,34.23,-0.61%
19-04-2023,34.44,34.28,34.51,34.21,0.47%
20-04-2023,34.33,34.44,34.49,34.26,-0.32%
21-04-2023,34.35,34.33,34.47,34.29,0.06%
24-04-2023,34.34,34.39,34.52,34.34,-0.03%
25-04-2023,34.4,34.36,34.46,34.23,0.17%
26-04-2023,34.14,34.4,34.41,34.065,-0.76%
27-04-2023,34.14,34.15,34.22,34.045,0.00%
28-04-2023,34.12,34.15,34.21,34.045,-0.06%
01-05-2023,34.22,34.13,34.25,34.1,0.29%
02-05-2023,34.08,34.23,34.25,34.06,-0.41%
03-05-2023,33.93,34.12,34.12,33.87,-0.44%
04-05-2023,33.77,33.93,33.94,33.76,-0.47%
05-05-2023,33.88,33.79,33.935,33.65,0.33%
08-05-2023,33.88,33.9,34.025,33.78,0.00%
09-05-2023,33.71,33.87,33.89,33.64,-0.50%
10-05-2023,33.65,33.715,33.745,33.49,-0.18%
11-05-2023,33.82,33.65,33.87,33.56,0.51%
12-05-2023,33.93,33.85,34.01,33.8,0.33%
15-05-2023,33.79,33.93,33.94,33.7,-0.41%
16-05-2023,34.1,33.79,34.14,33.72,0.92%
17-05-2023,34.24,34.06,34.35,34.03,0.41%
18-05-2023,34.42,34.27,34.48,34.1,0.53%
19-05-2023,34.28,34.415,34.52,34.295,-0.41%
22-05-2023,34.46,34.37,34.53,34.25,0.53%
23-05-2023,34.6,34.47,34.745,34.415,0.41%
24-05-2023,34.64,34.61,34.685,34.41,0.12%
25-05-2023,34.67,34.65,34.76,34.56,0.09%
26-05-2023,34.71,34.71,34.8,34.575,0.12%
29-05-2023,34.7,34.76,34.895,34.66,-0.03%
30-05-2023,34.71,34.72,34.895,34.595,0.03%
31-05-2023,34.64,34.705,34.825,34.605,-0.20%
01-06-2023,34.58,34.72,34.9,34.555,-0.17%
02-06-2023,34.77,34.575,34.81,34.48,0.55%
05-06-2023,34.78,34.77,34.91,34.75,0.03%
06-06-2023,34.78,34.8,34.86,34.72,0.00%
07-06-2023,34.83,34.79,34.87,34.675,0.14%
08-06-2023,34.62,34.82,34.92,34.62,-0.60%
09-06-2023,34.59,34.63,34.675,34.55,-0.09%
12-06-2023,34.64,34.6,34.745,34.55,0.14%
13-06-2023,34.67,34.64,34.715,34.45,0.09%
14-06-2023,34.69,34.64,34.77,34.58,0.06%
15-06-2023,34.59,34.69,34.88,34.565,-0.29%
16-06-2023,34.67,34.61,34.72,34.58,0.23%
19-06-2023,34.74,34.69,34.805,34.66,0.20%
20-06-2023,34.84,34.76,34.87,34.67,0.29%
21-06-2023,34.77,34.84,34.92,34.77,-0.20%
22-06-2023,35.11,34.81,35.16,34.77,0.98%
23-06-2023,35.22,35.13,35.285,35.07,0.31%
26-06-2023,35.21,35.24,35.28,35.14,-0.03%
27-06-2023,35.23,35.19,35.3,35.14,0.06%
28-06-2023,35.58,35.24,35.66,35.24,0.99%
29-06-2023,35.62,35.57,35.745,35.55,0.11%
30-06-2023,35.27,35.64,35.72,35.245,-0.98%
03-07-2023,35.02,35.31,35.33,34.96,-0.71%
04-07-2023,34.89,35.03,35.11,34.83,-0.37%
05-07-2023,35.0,34.9,35.01,34.82,0.32%
06-07-2023,35.18,34.99,35.25,34.935,0.51%
07-07-2023,35.15,35.19,35.3,35.07,-0.09%
10-07-2023,35.09,35.16,35.23,35.06,-0.17%
11-07-2023,34.77,35.11,35.12,34.76,-0.91%
12-07-2023,34.66,34.78,35.085,34.62,-0.32%
13-07-2023,34.52,34.67,34.735,34.485,-0.40%
14-07-2023,34.59,34.52,34.725,34.49,0.20%
17-07-2023,34.6,34.65,34.725,34.565,0.03%
18-07-2023,34.07,34.61,34.63,33.945,-1.53%
19-07-2023,34.01,34.07,34.19,33.895,-0.18%
20-07-2023,34.2,34.04,34.25,33.755,0.56%
21-07-2023,34.4,34.2,34.48,34.175,0.58%
24-07-2023,34.51,34.43,34.565,34.37,0.32%
25-07-2023,34.45,34.53,34.61,34.375,-0.17%
26-07-2023,34.2,34.49,34.55,34.155,-0.73%
27-07-2023,34.43,34.195,34.5,34.01,0.67%
28-07-2023,34.24,34.48,34.57,34.19,-0.55%
31-07-2023,34.21,34.26,34.32,34.09,-0.09%
01-08-2023,34.32,34.22,34.43,34.135,0.32%
02-08-2023,34.48,34.35,34.53,34.225,0.47%
03-08-2023,34.62,34.49,34.7,34.395,0.41%
04-08-2023,34.67,34.615,34.81,34.53,0.14%
07-08-2023,34.83,34.69,34.89,34.62,0.46%
08-08-2023,35.02,34.84,35.07,34.795,0.55%
09-08-2023,35.02,35.03,35.09,34.835,0.00%
10-08-2023,35.11,35.05,35.16,34.87,0.26%
11-08-2023,35.07,35.125,35.195,35.01,-0.11%
14-08-2023,35.22,35.1,35.34,35.09,0.43%
15-08-2023,35.36,35.24,35.455,35.23,0.40%
16-08-2023,35.47,35.38,35.51,35.29,0.31%
17-08-2023,35.47,35.45,35.6,35.34,0.00%
18-08-2023,35.38,35.48,35.53,35.315,-0.25%
21-08-2023,35.22,35.38,35.43,35.11,-0.45%
22-08-2023,35.01,35.22,35.22,34.91,-0.60%
23-08-2023,34.96,35.04,35.13,34.865,-0.14%
24-08-2023,34.97,34.98,35.035,34.82,0.03%
25-08-2023,35.13,34.99,35.2,34.95,0.46%
28-08-2023,35.21,35.16,35.3,35.08,0.23%
29-08-2023,35.01,35.22,35.26,34.98,-0.57%
30-08-2023,35.04,35.02,35.13,34.93,0.09%
31-08-2023,34.98,35.05,35.06,34.87,-0.17%
01-09-2023,35.04,35.01,35.15,34.89,0.17%
04-09-2023,35.23,35.1,35.27,35.06,0.54%
05-09-2023,35.44,35.25,35.5,35.22,0.60%
06-09-2023,35.53,35.465,35.6,35.405,0.25%
07-09-2023,35.59,35.54,35.66,35.495,0.17%
08-09-2023,35.65,35.645,35.655,35.445,0.17%
11-09-2023,35.49,35.64,35.64,35.42,-0.45%
12-09-2023,35.54,35.5,35.74,35.47,0.14%
13-09-2023,35.71,35.6,35.82,35.565,0.48%
14-09-2023,35.75,35.72,35.83,35.615,0.11%
15-09-2023,35.65,35.79,35.85,35.645,-0.28%
18-09-2023,35.67,35.71,35.76,35.63,0.06%
19-09-2023,36.02,35.69,36.08,35.65,0.98%
20-09-2023,36.12,36.02,36.345,35.845,0.28%
21-09-2023,36.11,36.14,36.32,36.06,-0.03%
22-09-2023,36.03,36.16,36.25,35.885,-0.22%
25-09-2023,36.2,35.99,36.21,35.9,0.47%
26-09-2023,36.39,36.19,36.49,36.155,0.52%
27-09-2023,36.68,36.4,36.76,36.38,0.80%
28-09-2023,36.56,36.67,36.83,36.54,-0.33%
29-09-2023,36.51,36.56,36.65,36.385,-0.14%
02-10-2023,36.93,36.55,36.99,36.53,1.15%
03-10-2023,37.05,36.95,37.16,36.945,0.32%
04-10-2023,36.89,37.08,37.24,36.875,-0.43%
05-10-2023,36.96,36.905,37.085,36.78,0.19%
06-10-2023,36.89,36.97,37.2,36.86,-0.19%
09-10-2023,36.96,37.01,37.14,36.93,0.19%
10-10-2023,36.59,36.97,37.02,36.565,-1.00%
11-10-2023,36.42,36.62,36.64,36.305,-0.46%
12-10-2023,36.38,36.41,36.45,36.08,-0.11%
13-10-2023,36.21,36.4,36.55,36.14,-0.47%
16-10-2023,36.23,36.25,36.4,36.18,0.06%
17-10-2023,36.33,36.25,36.49,36.25,0.28%
18-10-2023,36.37,36.34,36.43,36.23,0.11%
19-10-2023,36.41,36.38,36.52,36.355,0.11%
20-10-2023,36.46,36.42,36.57,36.38,0.14%
23-10-2023,36.29,36.49,36.63,36.28,-0.47%
24-10-2023,36.17,36.31,36.34,36.09,-0.33%
25-10-2023,36.22,36.2,36.245,36.05,0.14%
26-10-2023,36.29,36.23,36.39,36.21,0.19%
27-10-2023,36.11,36.28,36.29,36.09,-0.50%
30-10-2023,35.89,36.16,36.17,35.855,-0.61%
31-10-2023,36.14,35.9,36.175,35.855,0.70%
01-11-2023,36.17,36.12,36.34,36.085,0.08%
02-11-2023,35.93,36.19,36.19,35.84,-0.66%
03-11-2023,35.43,35.985,36.03,35.39,-1.39%
06-11-2023,35.48,35.51,35.58,35.37,0.14%
07-11-2023,35.53,35.515,35.66,35.42,0.14%
08-11-2023,35.51,35.58,35.635,35.44,-0.06%
09-11-2023,35.73,35.53,35.81,35.4,0.62%
10-11-2023,35.94,35.74,36.075,35.72,0.59%
13-11-2023,35.98,35.97,36.16,35.905,0.11%
14-11-2023,35.5,35.98,36.14,35.475,-1.33%
15-11-2023,35.53,35.525,35.68,35.42,0.08%
16-11-2023,35.2,35.59,35.72,35.115,-0.93%
17-11-2023,35.13,35.21,35.28,34.985,-0.20%
20-11-2023,35.19,35.11,35.28,35.02,0.17%
21-11-2023,35.14,35.21,35.255,35.015,-0.14%
22-11-2023,35.22,35.18,35.31,35.095,0.23%
23-11-2023,35.26,35.245,35.32,35.18,0.11%
24-11-2023,35.29,35.25,35.52,35.225,0.09%
27-11-2023,35.07,35.4,35.415,35.04,-0.62%
28-11-2023,34.73,35.065,35.1,34.685,-0.97%
29-11-2023,34.82,34.77,34.92,34.56,0.26%
30-11-2023,35.31,34.83,35.39,34.765,1.41%
01-12-2023,34.84,35.29,35.345,34.825,-1.33%
04-12-2023,35.24,34.91,35.295,34.68,1.15%
05-12-2023,35.21,35.25,35.34,35.095,-0.09%
06-12-2023,35.18,35.24,35.29,35.01,-0.09%
07-12-2023,35.13,35.16,35.395,35.11,-0.14%
08-12-2023,35.52,35.14,35.575,35.055,1.11%
11-12-2023,35.73,35.54,35.8,35.45,0.59%
12-12-2023,35.68,35.75,35.78,35.48,-0.14%
13-12-2023,35.29,35.7,35.84,35.28,-1.09%
14-12-2023,34.87,35.34,35.37,34.78,-1.19%
15-12-2023,34.9,34.88,35.01,34.76,0.09%
18-12-2023,34.96,34.89,35.04,34.87,0.17%
19-12-2023,34.83,34.98,35.03,34.775,-0.37%
20-12-2023,34.97,34.84,35.01,34.81,0.40%
21-12-2023,34.79,34.99,35.01,34.715,-0.51%
22-12-2023,34.55,34.8,34.8,34.44,-0.69%
25-12-2023,34.6,34.6,34.69,34.52,0.14%
26-12-2023,34.55,34.61,34.72,34.515,-0.14%
27-12-2023,34.33,34.56,34.595,34.265,-0.64%
28-12-2023,34.26,34.35,34.35,34.085,-0.20%
29-12-2023,34.35,34.27,34.465,34.125,0.26%
01-01-2024,34.38,34.39,34.39,34.39,0.09%
02-01-2024,34.26,34.39,34.39,34.105,-0.35%
03-01-2024,34.48,34.26,34.55,34.19,0.64%
04-01-2024,34.51,34.48,34.625,34.405,0.09%
05-01-2024,34.66,34.525,34.95,34.43,0.43%
08-01-2024,34.93,34.67,35.1,34.58,0.78%
09-01-2024,34.89,34.94,35.02,34.81,-0.11%
10-01-2024,35.06,34.94,35.21,34.9,0.49%
11-01-2024,35.06,35.04,35.23,34.91,0.00%
12-01-2024,34.86,35.12,35.16,34.855,-0.57%
15-01-2024,34.94,34.96,35.02,34.755,0.23%
16-01-2024,35.36,34.95,35.45,34.915,1.20%
17-01-2024,35.61,35.415,35.71,35.37,0.71%
18-01-2024,35.56,35.61,35.69,35.42,-0.14%
19-01-2024,35.5,35.59,35.61,35.425,-0.17%
22-01-2024,35.59,35.54,35.685,35.44,0.25%
23-01-2024,35.69,35.61,35.76,35.49,0.28%
24-01-2024,35.72,35.7,35.89,35.55,0.08%
25-01-2024,35.73,35.72,35.81,35.64,0.03%
26-01-2024,35.64,35.75,35.78,35.505,-0.25%
29-01-2024,35.43,35.62,35.68,35.415,-0.59%
30-01-2024,35.38,35.44,35.465,35.26,-0.14%
31-01-2024,35.53,35.4,35.625,35.27,0.42%
01-02-2024,35.33,35.55,35.61,35.28,-0.56%
02-02-2024,35.59,35.335,35.65,35.165,0.74%
05-02-2024,35.79,35.56,35.87,35.55,0.56%
06-02-2024,35.55,35.8,35.825,35.5,-0.67%
07-02-2024,35.6,35.6,35.66,35.425,0.14%
08-02-2024,35.85,35.615,35.94,35.56,0.70%
09-02-2024,35.89,35.86,35.99,35.815,0.11%
12-02-2024,35.88,35.91,35.965,35.83,-0.03%
13-02-2024,36.02,35.89,36.09,35.655,0.39%
14-02-2024,36.1,36.06,36.21,36.04,0.22%
15-02-2024,36.06,36.11,36.2,36.03,-0.11%
16-02-2024,35.99,36.07,36.17,35.96,-0.19%
19-02-2024,36.02,36.03,36.09,35.89,0.08%
20-02-2024,36.02,36.04,36.23,35.95,0.00%
21-02-2024,35.87,35.995,36.08,35.775,-0.42%
22-02-2024,35.94,35.88,35.99,35.72,0.20%
23-02-2024,35.95,35.945,36.14,35.89,0.03%
26-02-2024,35.89,35.96,36.025,35.815,-0.17%
27-02-2024,35.86,35.88,35.97,35.77,-0.08%
28-02-2024,35.99,35.86,36.09,35.815,0.36%
29-02-2024,35.88,35.95,36.05,35.785,-0.31%
01-03-2024,35.85,35.9,36.01,35.82,-0.08%
04-03-2024,35.74,35.86,35.87,35.73,-0.31%
05-03-2024,35.81,35.755,35.88,35.72,0.20%
06-03-2024,35.6,35.82,35.87,35.57,-0.59%
07-03-2024,35.53,35.61,35.665,35.505,-0.20%
08-03-2024,35.37,35.56,35.595,35.295,-0.45%
11-03-2024,35.4,35.4,35.5,35.345,0.08%
12-03-2024,35.74,35.415,35.8,35.38,0.96%
13-03-2024,35.63,35.75,35.785,35.56,-0.31%
14-03-2024,35.77,35.64,35.82,35.6,0.39%
15-03-2024,35.86,35.78,35.93,35.76,0.25%
18-03-2024,35.96,35.89,36.01,35.88,0.28%
19-03-2024,36.03,35.985,36.11,35.94,0.19%
20-03-2024,35.98,36.05,36.21,35.975,-0.14%
21-03-2024,36.31,36.0,36.33,35.885,0.92%
22-03-2024,36.35,36.31,36.49,36.25,0.11%
25-03-2024,36.34,36.37,36.47,36.23,-0.03%
26-03-2024,36.32,36.35,36.42,36.24,-0.06%
27-03-2024,36.35,36.335,36.51,36.3,0.08%
28-03-2024,36.46,36.39,36.55,36.335,0.30%
29-03-2024,36.34,36.48,36.526,36.31,-0.33%
