Price,Date
42.0,2018-08-20
42.0,2018-08-26
42.0,2018-08-29
42.0,2018-08-31
42.0,2018-09-01
42.0,2018-09-02
42.0,2018-09-04
42.0,2018-09-05
41.0,2018-09-06
41.0,2018-09-07
41.0,2018-09-08
41.0,2018-09-09
41.0,2018-09-10
41.0,2018-09-12
41.0,2018-09-13
41.0,2018-09-14
41.0,2018-09-15
41.0,2018-09-18
41.0,2018-09-19
41.0,2018-09-20
41.0,2018-09-22
41.0,2018-09-25
41.0,2018-09-26
38.0,2018-09-28
38.0,2018-09-29
38.0,2018-10-01
38.0,2018-10-02
38.0,2018-10-03
38.0,2018-10-04
38.0,2018-10-06
38.0,2018-10-07
38.0,2018-10-09
38.0,2018-10-10
38.0,2018-10-11
38.0,2018-10-13
38.0,2018-10-15
38.0,2018-10-16
38.0,2018-10-17
38.0,2018-10-19
38.0,2018-10-20
38.0,2018-10-22
38.0,2018-10-23
38.0,2018-10-24
38.0,2018-10-25
38.0,2018-10-30
36.0,2018-10-31
36.0,2018-11-01
36.0,2018-11-02
36.0,2018-11-03
36.0,2018-11-04
36.0,2018-11-06
36.0,2018-11-07
36.0,2018-11-08
36.0,2018-11-09
36.0,2018-11-10
36.0,2018-11-15
35.0,2018-11-16
35.0,2018-11-17
35.0,2018-11-20
35.0,2018-11-21
35.0,2018-11-23
35.0,2018-11-24
35.0,2018-11-26
35.0,2018-11-27
35.0,2018-11-28
35.0,2018-11-29
35.0,2018-11-30
35.0,2018-12-03
35.0,2018-12-04
34.0,2018-12-05
34.0,2018-12-06
34.0,2018-12-07
34.0,2018-12-08
34.0,2018-12-09
34.0,2018-12-11
34.0,2018-12-12
34.0,2018-12-13
34.0,2018-12-15
34.0,2018-12-16
34.0,2018-12-18
34.0,2018-12-19
34.0,2018-12-21
34.0,2018-12-22
34.0,2018-12-25
33.0,2018-12-27
33.0,2018-12-28
32.0,2019-01-03
32.0,2019-01-04
32.0,2019-01-05
32.0,2019-01-08
32.0,2019-01-09
32.0,2019-01-10
32.0,2019-01-11
32.0,2019-01-12
32.0,2019-01-13
32.0,2019-01-14
31.0,2019-01-15
31.0,2019-01-16
31.0,2019-01-17
31.0,2019-01-18
31.0,2019-01-19
31.0,2019-01-22
31.0,2019-01-26
31.0,2019-01-27
31.0,2019-01-29
31.0,2019-01-30
31.0,2019-02-01
31.0,2019-02-02
31.0,2019-02-03
31.0,2019-02-04
31.0,2019-02-05
31.0,2019-02-06
31.0,2019-02-07
31.0,2019-02-10
31.0,2019-02-11
31.0,2019-02-12
32.0,2019-02-13
32.0,2019-02-16
32.0,2019-02-18
32.0,2019-02-19
32.0,2019-02-20
32.0,2019-02-21
32.0,2019-02-22
32.0,2019-02-23
32.0,2019-02-26
32.0,2019-02-28
32.0,2019-03-05
32.0,2019-03-06
32.0,2019-03-07
32.0,2019-03-09
32.0,2019-03-12
32.0,2019-03-13
32.0,2019-03-14
32.0,2019-03-19
32.0,2019-03-20
32.0,2019-03-21
32.0,2019-03-22
32.0,2019-03-23
32.0,2019-03-24
32.0,2019-03-25
32.0,2019-03-26
32.0,2019-03-27
32.0,2019-03-28
32.0,2019-03-29
32.0,2019-03-30
32.0,2019-04-01
32.0,2019-04-02
32.0,2019-04-03
32.0,2019-04-04
32.0,2019-04-05
32.0,2019-04-06
32.0,2019-04-08
32.0,2019-04-09
32.0,2019-04-10
32.0,2019-04-17
32.0,2019-04-18
32.0,2019-04-19
32.0,2019-04-20
32.0,2019-04-21
33.0,2019-04-23
33.0,2019-04-24
33.0,2019-04-26
33.0,2019-04-27
33.0,2019-04-29
33.0,2019-05-02
33.0,2019-05-03
33.0,2019-05-04
33.0,2019-05-07
33.0,2019-05-08
33.0,2019-05-09
32.0,2019-05-10
32.0,2019-05-11
32.0,2019-05-13
32.0,2019-05-14
32.0,2019-05-15
32.0,2019-05-16
32.0,2019-05-17
32.0,2019-05-20
32.0,2019-05-23
32.0,2019-05-24
32.0,2019-05-25
32.0,2019-05-27
32.0,2019-05-28
32.0,2019-05-29
32.0,2019-05-30
32.0,2019-05-31
32.0,2019-06-01
32.0,2019-06-04
32.0,2019-06-05
32.0,2019-06-06
32.0,2019-06-08
32.0,2019-06-10
32.0,2019-06-11
32.0,2019-06-12
32.0,2019-06-13
32.0,2019-06-14
32.0,2019-06-15
32.0,2019-06-17
32.0,2019-06-18
32.0,2019-06-19
32.0,2019-06-20
32.0,2019-06-22
32.0,2019-06-24
32.0,2019-06-25
33.0,2019-06-26
33.0,2019-06-27
33.0,2019-06-28
33.0,2019-06-29
33.0,2019-07-01
33.0,2019-07-02
33.0,2019-07-03
33.0,2019-07-06
33.0,2019-07-08
33.0,2019-07-09
33.0,2019-07-10
33.0,2019-07-11
33.0,2019-07-12
33.0,2019-07-13
33.0,2019-07-14
33.0,2019-07-16
33.0,2019-07-18
33.0,2019-07-21
33.0,2019-07-22
33.0,2019-07-23
33.0,2019-07-24
33.0,2019-07-25
33.0,2019-07-26
33.0,2019-07-27
33.0,2019-07-30
33.0,2019-07-31
33.0,2019-08-01
33.0,2019-08-02
33.0,2019-08-03
33.0,2019-08-05
33.0,2019-08-06
33.0,2019-08-07
33.0,2019-08-08
33.0,2019-08-09
33.0,2019-08-10
33.0,2019-08-13
33.0,2019-08-15
33.0,2019-08-16
33.0,2019-08-19
33.0,2019-08-20
33.0,2019-08-21
33.0,2019-08-23
32.0,2019-08-24
32.0,2019-08-26
32.0,2019-08-27
32.0,2019-08-28
32.0,2019-08-29
32.0,2019-08-30
32.0,2019-08-31
32.0,2019-09-01
32.0,2019-09-03
32.0,2019-09-04
32.0,2019-09-05
32.0,2019-09-06
32.0,2019-09-07
32.0,2019-09-10
32.0,2019-09-11
32.0,2019-09-12
32.0,2019-09-13
32.0,2019-09-14
32.0,2019-09-16
32.0,2019-09-17
32.0,2019-09-18
32.0,2019-09-19
31.0,2019-09-21
31.0,2019-09-24
31.0,2019-09-25
31.0,2019-09-26
31.0,2019-09-27
31.0,2019-09-28
31.0,2019-10-01
30.0,2019-10-02
30.0,2019-10-03
30.0,2019-10-04
30.0,2019-10-05
30.0,2019-10-07
30.0,2019-10-08
30.0,2019-10-09
30.0,2019-10-10
30.0,2019-10-11
30.0,2019-10-13
30.0,2019-10-14
30.0,2019-10-16
30.0,2019-10-17
30.0,2019-10-22
30.0,2019-10-23
30.0,2019-10-24
30.0,2019-10-25
30.0,2019-10-26
30.0,2019-10-28
30.0,2019-10-29
30.0,2019-10-30
30.0,2019-10-31
28.0,2019-11-01
29.0,2019-11-02
29.0,2019-11-03
29.0,2019-11-05
29.0,2019-11-06
29.0,2019-11-08
29.0,2019-11-09
29.0,2019-11-11
29.0,2019-11-12
29.0,2019-11-13
29.0,2019-11-14
29.0,2019-11-15
29.0,2019-11-16
29.0,2019-11-17
29.0,2019-11-18
29.0,2019-11-19
29.0,2019-11-20
29.0,2019-11-21
29.0,2019-11-22
29.0,2019-11-23
29.0,2019-11-24
29.0,2019-11-25
29.0,2019-11-26
29.0,2019-11-27
29.0,2019-11-28
29.0,2019-11-29
29.0,2019-11-30
29.0,2019-12-01
29.0,2019-12-04
29.0,2019-12-05
29.0,2019-12-06
29.0,2019-12-07
29.0,2019-12-11
29.0,2019-12-12
29.0,2019-12-13
29.0,2019-12-14
29.0,2019-12-16
29.0,2019-12-18
29.0,2019-12-19
29.0,2019-12-20
29.0,2019-12-23
29.0,2019-12-25
29.0,2020-01-02
30.0,2020-01-03
30.0,2020-01-04
30.0,2020-01-07
30.0,2020-01-08
30.0,2020-01-09
30.0,2020-01-14
30.0,2020-01-15
30.0,2020-01-16
31.0,2020-01-19
31.0,2020-01-20
31.0,2020-01-21
31.0,2020-01-23
31.0,2020-01-24
31.0,2020-01-25
31.0,2020-01-26
31.0,2020-01-27
31.0,2020-01-28
31.0,2020-01-29
31.0,2020-01-30
31.0,2020-01-31
31.0,2020-02-01
31.0,2020-02-02
31.0,2020-02-03
31.0,2020-02-04
30.0,2020-02-05
30.0,2020-02-06
29.0,2020-02-10
29.0,2020-02-11
29.0,2020-02-12
29.0,2020-02-13
30.0,2020-02-14
30.0,2020-02-15
30.0,2020-02-16
30.0,2020-02-17
30.0,2020-02-18
30.0,2020-02-19
30.0,2020-02-20
30.0,2020-02-21
30.0,2020-02-22
30.0,2020-02-25
30.0,2020-02-26
30.0,2020-02-27
30.0,2020-02-28
29.0,2020-02-29
29.0,2020-03-02
29.0,2020-03-03
29.0,2020-03-05
29.0,2020-03-06
29.0,2020-03-07
28.0,2020-03-09
28.0,2020-03-10
28.0,2020-03-11
28.0,2020-03-12
28.0,2020-03-13
28.0,2020-03-14
28.0,2020-03-16
28.0,2020-03-17
28.0,2020-03-18
27.0,2020-03-19
27.0,2020-03-20
26.0,2020-03-21
26.0,2020-03-23
26.0,2020-03-24
26.0,2020-03-25
26.0,2020-03-26
26.0,2020-03-28
26.0,2020-03-30
26.0,2020-03-31
26.0,2020-04-01
26.0,2020-04-03
26.0,2020-04-07
26.0,2020-04-08
26.0,2020-04-09
26.0,2020-04-12
26.0,2020-04-13
26.0,2020-04-14
26.0,2020-04-16
26.0,2020-04-17
26.0,2020-04-18
26.0,2020-04-20
26.0,2020-04-21
26.0,2020-04-22
26.0,2020-04-23
26.0,2020-04-24
26.0,2020-04-25
26.0,2020-04-27
25.0,2020-04-28
25.0,2020-04-29
25.0,2020-04-30
25.0,2020-05-02
25.0,2020-05-03
25.0,2020-05-04
25.0,2020-05-05
25.0,2020-05-06
25.0,2020-05-07
25.0,2020-05-08
25.0,2020-05-09
25.0,2020-05-11
25.0,2020-05-12
25.0,2020-05-13
25.0,2020-05-14
25.0,2020-05-15
25.0,2020-05-16
25.0,2020-05-18
25.0,2020-05-19
25.0,2020-05-21
25.0,2020-05-22
25.0,2020-05-23
25.0,2020-05-24
26.0,2020-05-26
26.0,2020-05-27
26.0,2020-05-28
26.0,2020-05-29
26.0,2020-05-30
26.0,2020-06-01
26.0,2020-06-02
26.0,2020-06-03
26.0,2020-06-05
26.0,2020-06-06
26.0,2020-06-07
26.0,2020-06-09
26.0,2020-06-11
26.0,2020-06-12
26.0,2020-06-15
26.0,2020-06-16
26.0,2020-06-17
26.0,2020-06-19
26.0,2020-06-23
26.0,2020-06-24
26.0,2020-06-25
26.0,2020-06-26
26.0,2020-06-28
26.0,2020-06-29
26.0,2020-06-30
26.0,2020-07-01
26.0,2020-07-02
26.0,2020-07-04
28.0,2020-07-07
28.0,2020-07-08
28.0,2020-07-09
28.0,2020-07-10
28.0,2020-07-11
28.0,2020-07-13
28.0,2020-07-14
28.0,2020-07-15
28.0,2020-07-16
28.0,2020-07-17
28.0,2020-07-18
28.0,2020-07-19
28.0,2020-07-21
28.0,2020-07-22
28.0,2020-07-23
28.0,2020-07-24
28.0,2020-07-25
28.0,2020-07-29
28.0,2020-07-31
28.0,2020-08-01
28.0,2020-08-03
28.0,2020-08-04
28.0,2020-08-05
28.0,2020-08-06
28.0,2020-08-07
28.0,2020-08-08
28.0,2020-08-09
28.0,2020-08-10
28.0,2020-08-11
28.0,2020-08-12
28.0,2020-08-13
28.0,2020-08-14
28.0,2020-08-15
28.0,2020-08-17
28.0,2020-08-18
28.0,2020-08-19
28.0,2020-08-20
28.0,2020-08-21
28.0,2020-08-22
28.0,2020-08-23
28.0,2020-08-24
30.0,2020-08-26
30.0,2020-08-28
30.0,2020-08-29
30.0,2020-08-30
31.0,2020-09-01
31.0,2020-09-04
31.0,2020-09-07
31.0,2020-09-08
31.0,2020-09-09
31.0,2020-09-10
31.0,2020-09-11
31.0,2020-09-12
31.0,2020-09-13
32.0,2020-09-14
32.0,2020-09-15
32.0,2020-09-16
32.0,2020-09-17
32.0,2020-09-18
32.0,2020-09-20
32.0,2020-09-23
32.0,2020-09-24
32.0,2020-09-26
32.0,2020-09-29
33.0,2020-09-30
33.0,2020-10-01
33.0,2020-10-02
33.0,2020-10-03
33.0,2020-10-05
33.0,2020-10-06
33.0,2020-10-07
33.0,2020-10-08
33.0,2020-10-09
33.0,2020-10-10
34.0,2020-10-11
34.0,2020-10-12
34.0,2020-10-13
34.0,2020-10-14
34.0,2020-10-15
34.0,2020-10-16
34.0,2020-10-17
34.0,2020-10-18
34.0,2020-10-19
34.0,2020-10-20
35.0,2020-10-21
35.0,2020-10-26
35.0,2020-10-27
35.0,2020-10-28
35.0,2020-10-29
35.0,2020-10-30
35.0,2020-10-31
35.0,2020-11-02
35.0,2020-11-03
35.0,2020-11-04
35.0,2020-11-05
35.0,2020-11-06
35.0,2020-11-07
35.0,2020-11-09
35.0,2020-11-10
35.0,2020-11-11
35.0,2020-11-12
35.0,2020-11-13
35.0,2020-11-14
35.0,2020-11-17
35.0,2020-11-18
35.0,2020-11-19
35.0,2020-11-20
35.0,2020-11-21
35.0,2020-11-22
35.0,2020-11-23
35.0,2020-11-25
35.0,2020-11-26
35.0,2020-11-27
35.0,2020-11-28
35.0,2020-11-29
35.0,2020-11-30
35.0,2020-12-01
35.0,2020-12-02
35.0,2020-12-03
35.0,2020-12-04
35.0,2020-12-05
35.0,2020-12-06
35.0,2020-12-07
35.0,2020-12-08
35.0,2020-12-10
35.0,2020-12-12
37.0,2020-12-13
37.0,2020-12-14
37.0,2020-12-17
37.0,2020-12-18
37.0,2020-12-19
37.0,2020-12-21
37.0,2020-12-22
37.0,2020-12-23
37.0,2020-12-24
37.0,2020-12-27
37.0,2020-12-28
37.0,2020-12-29
37.0,2021-01-03
37.0,2021-01-04
37.0,2021-01-05
37.0,2021-01-06
37.0,2021-01-07
37.0,2021-01-08
37.0,2021-01-11
37.0,2021-01-12
37.0,2021-01-13
37.0,2021-01-14
37.0,2021-01-16
37.0,2021-01-18
37.0,2021-01-22
36.0,2021-01-24
36.0,2021-01-26
36.0,2021-01-27
36.0,2021-01-28
36.0,2021-01-29
36.0,2021-01-30
36.0,2021-01-31
36.0,2021-02-01
36.0,2021-02-02
36.0,2021-02-03
36.0,2021-02-04
36.0,2021-02-06
36.0,2021-02-08
36.0,2021-02-09
36.0,2021-02-10
36.0,2021-02-11
36.0,2021-02-14
36.0,2021-02-15
36.0,2021-02-16
36.0,2021-02-17
36.0,2021-02-18
36.0,2021-02-19
36.0,2021-02-20
36.0,2021-02-23
36.0,2021-02-24
36.0,2021-02-26
36.0,2021-02-27
36.0,2021-03-02
37.0,2021-03-04
37.0,2021-03-05
37.0,2021-03-06
37.0,2021-03-08
37.0,2021-03-09
37.0,2021-03-10
37.0,2021-03-11
37.0,2021-03-12
37.0,2021-03-13
37.0,2021-03-14
37.0,2021-03-15
37.0,2021-03-16
37.0,2021-03-17
37.0,2021-03-18
37.0,2021-03-19
38.0,2021-03-20
38.0,2021-03-22
38.0,2021-03-23
38.0,2021-03-24
38.0,2021-03-25
38.0,2021-03-26
38.0,2021-03-28
40.0,2021-03-29
41.0,2021-03-31
41.0,2021-04-01
41.0,2021-04-02
41.0,2021-04-03
41.0,2021-04-04
41.0,2021-04-07
41.0,2021-04-08
41.0,2021-04-10
41.0,2021-04-11
41.0,2021-04-17
41.0,2021-04-18
42.0,2021-04-19
42.0,2021-04-20
42.0,2021-04-21
42.0,2021-04-23
43.0,2021-04-24
43.0,2021-04-25
43.0,2021-04-26
45.0,2021-04-27
45.0,2021-04-28
45.0,2021-04-29
45.0,2021-04-30
45.0,2021-05-02
45.0,2021-05-04
45.0,2021-05-06
45.0,2021-05-07
45.0,2021-05-08
46.0,2021-05-09
46.0,2021-05-11
46.0,2021-05-12
46.0,2021-05-13
46.0,2021-05-14
46.0,2021-05-15
46.0,2021-05-17
46.0,2021-05-19
46.0,2021-05-20
46.0,2021-05-22
46.0,2021-05-24
46.0,2021-05-25
46.0,2021-05-26
46.0,2021-05-27
46.0,2021-05-28
49.0,2021-05-29
49.0,2021-05-30
49.0,2021-06-02
49.0,2021-06-03
49.0,2021-06-04
49.0,2021-06-08
49.0,2021-06-10
49.0,2021-06-12
49.0,2021-06-15
49.0,2021-06-16
49.0,2021-06-17
48.0,2021-06-18
48.0,2021-06-19
48.0,2021-06-21
48.0,2021-06-23
48.0,2021-06-24
48.0,2021-06-25
48.0,2021-06-26
48.0,2021-06-28
48.0,2021-06-29
48.0,2021-06-30
48.0,2021-07-01
48.0,2021-07-02
48.0,2021-07-03
48.0,2021-07-04
48.0,2021-07-06
48.0,2021-07-07
48.0,2021-07-08
48.0,2021-07-10
49.0,2021-07-11
49.0,2021-07-12
49.0,2021-07-13
49.0,2021-07-14
49.0,2021-07-15
49.0,2021-07-16
49.0,2021-07-17
49.0,2021-07-18
49.0,2021-07-20
49.0,2021-07-21
49.0,2021-07-22
50.0,2021-07-23
50.0,2021-07-25
50.0,2021-07-26
50.0,2021-07-28
50.0,2021-07-29
50.0,2021-07-30
50.0,2021-07-31
50.0,2021-08-01
50.0,2021-08-02
50.0,2021-08-03
50.0,2021-08-04
50.0,2021-08-05
50.0,2021-08-07
50.0,2021-08-08
50.0,2021-08-09
50.0,2021-08-10
50.0,2021-08-11
50.0,2021-08-12
50.0,2021-08-13
50.0,2021-08-14
50.0,2021-08-15
51.0,2021-08-16
51.0,2021-08-17
51.0,2021-08-18
51.0,2021-08-19
51.0,2021-08-20
51.0,2021-08-21
51.0,2021-08-23
52.0,2021-08-24
52.0,2021-08-25
54.0,2021-08-26
55.0,2021-08-27
55.0,2021-08-30
55.0,2021-08-31
55.0,2021-09-01
55.0,2021-09-02
55.0,2021-09-03
55.0,2021-09-04
55.0,2021-09-06
55.0,2021-09-07
55.0,2021-09-08
55.0,2021-09-09
55.0,2021-09-10
55.0,2021-09-11
55.0,2021-09-12
58.0,2021-09-13
58.0,2021-09-15
58.0,2021-09-16
58.0,2021-09-17
62.0,2021-09-18
62.0,2021-09-20
62.0,2021-09-21
62.0,2021-09-22
62.0,2021-09-23
62.0,2021-09-24
62.0,2021-09-25
62.0,2021-09-26
62.0,2021-09-27
62.0,2021-09-30
62.0,2021-10-01
62.0,2021-10-03
65.0,2021-10-04
65.0,2021-10-06
65.0,2021-10-07
65.0,2021-10-08
65.0,2021-10-10
65.0,2021-10-12
70.0,2021-10-13
70.0,2021-10-14
70.0,2021-10-15
70.0,2021-10-16
74.0,2021-10-17
74.0,2021-10-18
74.0,2021-10-19
74.0,2021-10-20
74.0,2021-10-21
74.0,2021-10-22
74.0,2021-10-23
74.0,2021-10-24
74.0,2021-10-25
74.0,2021-10-26
74.0,2021-10-27
72.0,2021-10-28
71.0,2021-10-31
69.0,2021-11-01
69.0,2021-11-02
69.0,2021-11-03
69.0,2021-11-04
66.0,2021-11-05
66.0,2021-11-06
66.0,2021-11-07
66.0,2021-11-08
61.0,2021-11-09
61.0,2021-11-10
61.0,2021-11-11
65.0,2021-11-12
65.0,2021-11-13
65.0,2021-11-14
65.0,2021-11-15
64.0,2021-11-16
63.0,2021-11-17
63.0,2021-11-18
61.0,2021-11-20
61.0,2021-11-21
61.0,2021-11-22
61.0,2021-11-23
61.0,2021-11-24
61.0,2021-11-25
61.0,2021-11-26
61.0,2021-11-27
61.0,2021-11-28
61.0,2021-11-30
61.0,2021-12-01
61.0,2021-12-02
61.0,2021-12-03
61.0,2021-12-04
61.0,2021-12-05
61.0,2021-12-07
61.0,2021-12-10
61.0,2021-12-11
61.0,2021-12-12
61.0,2021-12-14
61.0,2021-12-15
61.0,2021-12-16
61.0,2021-12-20
61.0,2021-12-21
61.0,2021-12-23
63.0,2021-12-24
63.0,2021-12-25
63.0,2021-12-28
63.0,2021-12-29
63.0,2022-01-05
66.0,2022-01-06
66.0,2022-01-08
66.0,2022-01-09
68.0,2022-01-10
68.0,2022-01-11
68.0,2022-01-12
68.0,2022-01-13
68.0,2022-01-14
68.0,2022-01-15
68.0,2022-01-17
68.0,2022-01-18
68.0,2022-01-19
68.0,2022-01-20
68.0,2022-01-21
68.0,2022-01-22
70.0,2022-01-24
70.0,2022-01-25
70.0,2022-01-26
70.0,2022-01-27
70.0,2022-01-28
70.0,2022-01-29
70.0,2022-01-31
70.0,2022-02-04
70.0,2022-02-05
70.0,2022-02-06
70.0,2022-02-07
70.0,2022-02-08
70.0,2022-02-09
70.0,2022-02-10
70.0,2022-02-11
72.0,2022-02-12
72.0,2022-02-15
72.0,2022-02-16
72.0,2022-02-17
72.0,2022-02-18
72.0,2022-02-23
74.0,2022-02-24
74.0,2022-02-27
74.0,2022-02-28
74.0,2022-03-01
74.0,2022-03-03
74.0,2022-03-04
74.0,2022-03-05
75.0,2022-03-06
75.0,2022-03-08
74.0,2022-03-10
74.0,2022-03-13
74.0,2022-03-14
71.0,2022-03-15
71.0,2022-03-17
71.0,2022-03-18
71.0,2022-03-19
74.0,2022-03-20
74.0,2022-03-21
74.0,2022-03-22
75.0,2022-03-23
75.0,2022-03-24
75.0,2022-03-29
75.0,2022-03-30
75.0,2022-03-31
75.0,2022-04-01
76.0,2022-04-02
76.0,2022-04-04
76.0,2022-04-05
76.0,2022-04-06
76.0,2022-04-11
76.0,2022-04-19
75.0,2022-04-20
75.0,2022-04-21
75.0,2022-04-23
75.0,2022-04-24
75.0,2022-04-25
75.0,2022-04-26
74.0,2022-04-27
69.0,2022-05-07
69.0,2022-05-08
69.0,2022-05-09
69.0,2022-05-10
69.0,2022-05-11
69.0,2022-05-12
68.0,2022-05-13
68.0,2022-05-14
68.0,2022-05-15
68.0,2022-05-16
69.0,2022-05-17
69.0,2022-05-18
69.0,2022-05-19
69.0,2022-05-20
69.0,2022-05-21
69.0,2022-05-22
69.0,2022-05-23
69.0,2022-05-24
71.0,2022-05-25
71.0,2022-05-26
71.0,2022-05-27
71.0,2022-05-28
71.0,2022-05-29
71.0,2022-05-30
71.0,2022-05-31
71.0,2022-06-01
70.0,2022-06-02
70.0,2022-06-03
70.0,2022-06-06
70.0,2022-06-07
70.0,2022-06-08
69.0,2022-06-09
69.0,2022-06-10
69.0,2022-06-12
68.0,2022-06-13
68.0,2022-06-15
68.0,2022-06-16
68.0,2022-06-17
64.0,2022-06-18
64.0,2022-06-20
63.0,2022-06-21
63.0,2022-06-22
63.0,2022-06-23
63.0,2022-06-24
63.0,2022-06-25
63.0,2022-06-27
63.0,2022-06-28
63.0,2022-06-29
63.0,2022-06-30
61.0,2022-07-01
61.0,2022-07-02
61.0,2022-07-03
61.0,2022-07-04
61.0,2022-07-05
61.0,2022-07-06
60.0,2022-07-07
60.0,2022-07-08
60.0,2022-07-09
60.0,2022-07-11
58.0,2022-07-12
58.0,2022-07-13
58.0,2022-07-15
58.0,2022-07-16
58.0,2022-07-18
58.0,2022-07-19
56.0,2022-07-20
56.0,2022-07-22
56.0,2022-07-23
56.0,2022-07-25
56.0,2022-07-26
56.0,2022-07-27
56.0,2022-07-28
56.0,2022-07-29
56.0,2022-07-30
56.0,2022-07-31
56.0,2022-08-01
56.0,2022-08-02
56.0,2022-08-03
56.0,2022-08-04
57.0,2022-08-05
57.0,2022-08-06
57.0,2022-08-08
57.0,2022-08-09
57.0,2022-08-10
57.0,2022-08-11
58.0,2022-08-12
58.0,2022-08-13
58.0,2022-08-15
58.0,2022-08-16
58.0,2022-08-17
58.0,2022-08-18
58.0,2022-08-19
58.0,2022-08-20
58.0,2022-08-21
58.0,2022-08-22
58.0,2022-08-23
58.0,2022-08-25
58.0,2022-08-26
61.0,2022-08-27
61.0,2022-08-29
61.0,2022-08-30
61.0,2022-08-31
60.0,2022-09-01
59.0,2022-09-02
59.0,2022-09-03
59.0,2022-09-04
59.0,2022-09-05
59.0,2022-09-06
58.0,2022-09-08
58.0,2022-09-09
58.0,2022-09-10
58.0,2022-09-12
58.0,2022-09-13
59.0,2022-09-14
59.0,2022-09-15
59.0,2022-09-17
59.0,2022-09-18
59.0,2022-09-20
59.0,2022-09-21
59.0,2022-09-22
59.0,2022-09-23
59.0,2022-09-24
59.0,2022-09-27
59.0,2022-09-28
57.0,2022-09-29
57.0,2022-09-30
57.0,2022-10-01
57.0,2022-10-03
57.0,2022-10-04
57.0,2022-10-06
58.0,2022-10-07
58.0,2022-10-08
58.0,2022-10-10
58.0,2022-10-11
58.0,2022-10-12
58.0,2022-10-14
58.0,2022-10-15
58.0,2022-10-16
58.0,2022-10-17
58.0,2022-10-18
58.0,2022-10-19
58.0,2022-10-20
58.0,2022-10-21
58.0,2022-10-24
58.0,2022-10-25
58.0,2022-10-26
58.0,2022-10-27
58.0,2022-10-28
58.0,2022-10-29
58.0,2022-10-30
58.0,2022-10-31
58.0,2022-11-01
58.0,2022-11-02
58.0,2022-11-03
58.0,2022-11-04
58.0,2022-11-05
58.0,2022-11-06
58.0,2022-11-07
59.0,2022-11-08
59.0,2022-11-09
59.0,2022-11-10
59.0,2022-11-11
59.0,2022-11-12
59.0,2022-11-14
59.0,2022-11-15
59.0,2022-11-16
59.0,2022-11-17
59.0,2022-11-18
59.0,2022-11-19
59.0,2022-11-20
59.0,2022-11-21
59.0,2022-11-23
59.0,2022-11-25
59.0,2022-11-28
59.0,2022-11-29
59.0,2022-12-01
59.0,2022-12-02
59.0,2022-12-07
59.0,2022-12-08
59.0,2022-12-12
59.0,2022-12-13
59.0,2022-12-17
58.0,2022-12-20
58.0,2022-12-22
58.0,2022-12-23
57.0,2022-12-28
57.0,2022-12-30
57.0,2023-01-02
57.0,2023-01-03
57.0,2023-01-05
56.0,2023-01-06
56.0,2023-01-07
55.0,2023-01-09
55.0,2023-01-10
55.0,2023-01-12
55.0,2023-01-13
55.0,2023-01-16
55.0,2023-01-17
55.0,2023-01-18
55.0,2023-01-19
55.0,2023-01-20
55.0,2023-01-21
55.0,2023-01-23
55.0,2023-01-24
55.0,2023-01-25
55.0,2023-01-26
55.0,2023-01-27
55.0,2023-01-28
55.0,2023-01-31
55.0,2023-02-01
55.0,2023-02-02
55.0,2023-02-03
55.0,2023-02-04
55.0,2023-02-05
55.0,2023-02-06
55.0,2023-02-07
55.0,2023-02-08
55.0,2023-02-09
55.0,2023-02-11
55.0,2023-02-12
55.0,2023-02-13
55.0,2023-02-14
55.0,2023-02-16
55.0,2023-02-17
55.0,2023-02-18
57.0,2023-02-21
57.0,2023-02-22
57.0,2023-02-23
57.0,2023-02-24
57.0,2023-02-25
57.0,2023-02-26
57.0,2023-03-01
57.0,2023-03-02
57.0,2023-03-03
57.0,2023-03-04
57.0,2023-03-05
57.0,2023-03-07
57.0,2023-03-08
57.0,2023-03-09
57.0,2023-03-10
57.0,2023-03-11
56.0,2023-03-13
56.0,2023-03-14
56.0,2023-03-15
56.0,2023-03-16
56.0,2023-03-17
56.0,2023-03-18
56.0,2023-03-19
55.0,2023-03-21
55.0,2023-03-23
55.0,2023-03-24
55.0,2023-03-25
55.0,2023-03-26
55.0,2023-03-28
56.0,2023-03-29
56.0,2023-03-30
56.0,2023-03-31
56.0,2023-04-01
56.0,2023-04-03
56.0,2023-04-04
56.0,2023-04-05
56.0,2023-04-06
56.0,2023-04-07
55.0,2023-04-08
55.0,2023-04-09
55.0,2023-04-11
55.0,2023-04-17
55.0,2023-04-20
57.0,2023-04-21
58.0,2023-04-22
58.0,2023-04-24
58.0,2023-04-25
58.0,2023-04-26
58.0,2023-04-27
58.0,2023-04-29
58.0,2023-04-30
58.0,2023-05-02
58.0,2023-05-03
58.0,2023-05-04
58.0,2023-05-05
58.0,2023-05-06
57.0,2023-05-10
57.0,2023-05-11
57.0,2023-05-12
57.0,2023-05-13
57.0,2023-05-16
57.0,2023-05-17
57.0,2023-05-18
57.0,2023-05-22
57.0,2023-05-24
57.0,2023-05-25
57.0,2023-05-27
57.0,2023-05-28
57.0,2023-05-29
57.0,2023-05-30
57.0,2023-05-31
57.0,2023-06-01
57.0,2023-06-03
57.0,2023-06-04
57.0,2023-06-06
57.0,2023-06-07
57.0,2023-06-08
57.0,2023-06-09
57.0,2023-06-11
57.0,2023-06-12
57.0,2023-06-13
58.0,2023-06-14
58.0,2023-06-15
57.0,2023-06-17
57.0,2023-06-19
57.0,2023-06-20
57.0,2023-06-21
57.0,2023-06-22
57.0,2023-06-23
57.0,2023-06-24
57.0,2023-06-25
57.0,2023-06-27
57.0,2023-06-28
57.0,2023-06-29
57.0,2023-06-30
57.0,2023-07-01
57.0,2023-07-03
55.0,2023-07-04
55.0,2023-07-05
55.0,2023-07-06
55.0,2023-07-07
55.0,2023-07-08
55.0,2023-07-10
55.0,2023-07-11
55.0,2023-07-12
55.0,2023-07-13
55.0,2023-07-16
55.0,2023-07-17
55.0,2023-07-18
55.0,2023-07-19
55.0,2023-07-20
55.0,2023-07-21
55.0,2023-07-25
55.0,2023-07-26
55.0,2023-07-27
55.0,2023-07-28
55.0,2023-07-29
55.0,2023-07-31
55.0,2023-08-03
55.0,2023-08-04
55.0,2023-08-05
55.0,2023-08-07
55.0,2023-08-09
55.0,2023-08-10
55.0,2023-08-12
55.0,2023-08-13
55.0,2023-08-16
55.0,2023-08-17
55.0,2023-08-18
55.0,2023-08-19
55.0,2023-08-20
55.0,2023-08-21
57.0,2023-08-23
56.0,2023-08-24
56.0,2023-08-25
56.0,2023-08-26
56.0,2023-08-28
56.0,2023-08-29
56.0,2023-08-30
56.0,2023-08-31
56.0,2023-09-01
56.0,2023-09-02
56.0,2023-09-05
56.0,2023-09-06
56.0,2023-09-07
56.0,2023-09-08
56.0,2023-09-09
56.0,2023-09-12
56.0,2023-09-14
56.0,2023-09-15
56.0,2023-09-16
56.0,2023-09-18
56.0,2023-09-19
56.0,2023-09-20
56.0,2023-09-21
56.0,2023-09-22
56.0,2023-09-23
56.0,2023-09-24
56.0,2023-09-25
56.0,2023-09-26
56.0,2023-09-27
58.0,2023-09-28
58.0,2023-09-30
58.0,2023-10-01
58.0,2023-10-02
58.0,2023-10-03
58.0,2023-10-04
58.0,2023-10-05
58.0,2023-10-07
58.0,2023-10-08
58.0,2023-10-09
58.0,2023-10-10
58.0,2023-10-11
58.0,2023-10-12
58.0,2023-10-13
58.0,2023-10-14
58.0,2023-10-16
58.0,2023-10-17
58.0,2023-10-18
58.0,2023-10-19
58.0,2023-10-20
58.0,2023-10-23
58.0,2023-10-24
58.0,2023-10-25
58.0,2023-10-26
58.0,2023-10-27
58.0,2023-10-28
58.0,2023-10-30
58.0,2023-10-31
58.0,2023-11-01
58.0,2023-11-02
58.0,2023-11-04
58.0,2023-11-06
58.0,2023-11-07
59.0,2023-11-08
59.0,2023-11-09
59.0,2023-11-10
59.0,2023-11-11
59.0,2023-11-13
59.0,2023-11-14
59.0,2023-11-15
59.0,2023-11-16
59.0,2023-11-17
58.0,2023-11-18
58.0,2023-11-20
58.0,2023-11-21
58.0,2023-11-23
58.0,2023-11-24
59.0,2023-11-25
59.0,2023-11-28
59.0,2023-11-29
59.0,2023-11-30
59.0,2023-12-01
59.0,2023-12-04
59.0,2023-12-05
59.0,2023-12-06
59.0,2023-12-07
59.0,2023-12-08
59.0,2023-12-09
59.0,2023-12-10
59.0,2023-12-11
58.0,2023-12-12
58.0,2023-12-13
58.0,2023-12-14
58.0,2023-12-15
58.0,2023-12-16
58.0,2023-12-19
58.0,2023-12-20
58.0,2023-12-23
58.0,2023-12-27
58.0,2023-12-28
58.0,2023-12-29
58.0,2024-01-03
58.0,2024-01-04
58.0,2024-01-05
58.0,2024-01-08
58.0,2024-01-09
59.0,2024-01-10
59.0,2024-01-11
59.0,2024-01-12
59.0,2024-01-13
59.0,2024-01-16
59.0,2024-01-17
59.0,2024-01-18
59.0,2024-01-20
59.0,2024-01-21
59.0,2024-01-23
59.0,2024-01-24
59.0,2024-01-25
59.0,2024-01-26
59.0,2024-01-28
59.0,2024-01-30
59.0,2024-01-31
59.0,2024-02-02
59.0,2024-02-03
59.0,2024-02-06
59.0,2024-02-07
59.0,2024-02-08
59.0,2024-02-09
59.0,2024-02-11
59.0,2024-02-12
58.0,2024-02-13
58.0,2024-02-15
58.0,2024-02-17
58.0,2024-02-19
58.0,2024-02-20
58.0,2024-02-21
58.0,2024-02-22
58.0,2024-02-23
58.0,2024-02-24
58.0,2024-02-26
58.0,2024-02-27
58.0,2024-02-28
58.0,2024-02-29
58.0,2024-03-01
58.0,2024-03-04
58.0,2024-03-05
58.0,2024-03-06
58.0,2024-03-07
58.0,2024-03-08
58.0,2024-03-09
58.0,2024-03-11
58.0,2024-03-12
59.0,2024-03-13
59.0,2024-03-14
59.0,2024-03-15
60.0,2024-03-16
60.0,2024-03-19
60.0,2024-03-22
60.0,2024-03-23
61.0,2024-03-27
61.0,2024-03-28
61.0,2024-03-30
61.0,2024-04-01
61.0,2024-04-02
61.0,2024-04-04
61.0,2024-04-05
61.0,2024-04-08
61.0,2024-04-19
61.0,2024-04-20
61.0,2024-04-23
62.0,2024-04-24
63.0,2024-04-25
63.0,2024-04-26
63.0,2024-04-28
63.0,2024-04-29
65.0,2024-04-30
65.0,2024-05-02
65.0,2024-05-03
65.0,2024-05-04
65.0,2024-05-05
65.0,2024-05-07
65.0,2024-05-08
65.0,2024-05-09
65.0,2024-05-10
65.0,2024-05-11
65.0,2024-05-13
65.0,2024-05-16
65.0,2024-05-18
65.0,2024-05-21
65.0,2024-05-22
65.0,2024-05-23
65.0,2024-05-24
65.0,2024-05-25
65.0,2024-05-27
65.0,2024-05-28
68.0,2024-05-29
68.0,2024-05-31
68.0,2024-06-01
68.0,2024-06-03
68.0,2024-06-04
68.0,2024-06-05
68.0,2024-06-06
68.0,2024-06-07
68.0,2024-06-08
68.0,2024-06-10
68.0,2024-06-11
68.0,2024-06-12
68.0,2024-06-13
68.0,2024-06-14
68.0,2024-06-15
68.0,2024-06-16
68.0,2024-06-17
68.0,2024-06-18
66.0,2024-06-19
66.0,2024-06-20
66.0,2024-06-21
66.0,2024-06-22
66.0,2024-06-23
66.0,2024-06-25
66.0,2024-06-26
66.0,2024-06-27
66.0,2024-06-28
66.0,2024-06-29
66.0,2024-07-01
66.0,2024-07-02
66.0,2024-07-03
66.0,2024-07-07
66.0,2024-07-08
66.0,2024-07-09
66.0,2024-07-10
66.0,2024-07-11
66.0,2024-07-12
66.0,2024-07-15
66.0,2024-07-17
66.0,2024-07-18
66.0,2024-07-19
66.0,2024-07-20
66.0,2024-07-22
64.0,2024-07-23
64.0,2024-07-24
64.0,2024-07-25
64.0,2024-07-26
64.0,2024-07-27
64.0,2024-07-28
